doc_id,doc_type,code,title,status,publish_date,effective_date,issuer,organization,topic,region,level,replacement,record_id,attachment_id,source,pdf_path
STD_DB37_T_5347_2026,standard,DB37/T 5347-2026,城镇燃气老化管道更新改造技术标准,ACTIVE,2026-01-29,2026-05-01,/山东省/山东省市场监督管理局  ;  /山东省/山东省住房和城乡建设厅,/山东省/山东省住房和城乡建设厅,/设备设施安全  ;  /危险化学品管理/城镇燃气,,标准,,,,地方标准,
STD_DB43_T_3447_2025,standard,DB43/T 3447-2025,烟花爆竹生产企业对标改造技术指南,ACTIVE,2025-12-15,2026-03-15,/湖南省/湖南省应急管理厅,/湖南省/湖南省应急管理厅,/危险化学品管理/烟花爆竹,,标准,,,,地方标准,
STD_DB37_T_4995_2025,standard,DB37/T 4995-2025,可燃液体、液化烃及液化毒性气体汽车装卸设施安全管理规范,ACTIVE,2025-12-29,2026-01-29,/山东省/山东省市场监督管理局,/山东省/山东省应急管理标准化技术委员会,/危险化学品管理/安全管理要求  ;  /交通运输安全,,标准,,,,地方标准,
STD_DB11_T_1578_2025,standard,DB11/T 1578-2025,医疗机构危险化学品安全管理要求,ACTIVE,2025-04-01,2025-07-01,/北京/北京市市场监督管理局,/北京/北京市应急管理局,/危险化学品管理/安全管理要求,,标准,替代  DB11/T 1578-2018;,,,地方标准,
STD_DB46_T_672_2025,standard,DB46/T 672-2025,醇基液体燃料安全检查工作规范,ACTIVE,2025-02-28,2025-04-01,/海南省/海南省市场监督管理局,/海南省/海南省应急管理厅,/危险化学品管理/安全管理要求,,标准,,,,地方标准,
STD_DB46_T_671_2025,standard,DB46/T 671-2025,醇基液体燃料使用安全管理规范,ACTIVE,2025-02-28,2025-04-01,/海南省/海南省市场监督管理局,/海南省/海南省应急管理厅,/危险化学品管理/安全管理要求,,标准,,,,地方标准,
STD_DB44_T_2564_2024,standard,DB44/T 2564-2024,危险化学品安全信息码应用规范,ACTIVE,2024-11-11,2025-02-11,/广东省/广东省市场监督管理局,/广东省/广东省安全生产标准化技术委员会,/危险化学品管理/安全管理要求,,标准,,,,地方标准,
STD_DB51_T_3239_2024,standard,DB51/T 3239-2024,危险化学品安全生产数据交换规范,ACTIVE,2024-12-18,2025-01-18,/四川省/四川省市场监督管理局,/四川省/四川省应急管理厅,/危险化学品管理/安全管理要求,,标准,,,,地方标准,
STD_DB15_T_1198_2024,standard,DB15/T 1198-2024,危险化学品行业反恐怖防范要求,ACTIVE,2024-11-29,2024-12-29,/内蒙古自治区/内蒙古自治区市场监督管理局,/内蒙古自治区/内蒙古自治区公安厅,/危险化学品管理/安全管理要求,,标准,替代  DB15/T 1198-2017;,,,地方标准,
STD_DB11_T_2196_2023,standard,DB11/T 2196-2023,危险化学品全流程追溯管理技术规范,ACTIVE,2023-12-25,2024-04-01,/北京/北京市市场监督管理局,/北京/北京市应急管理局,/危险化学品管理/安全管理要求,,标准,,,,地方标准,
STD_DB11_T_302_2023,standard,DB11/T 302-2023,燃气输配工程设计施工验收技术规范,ACTIVE,2023-06-25,2023-10-01,/北京/北京市市场监督管理局,/北京/北京市城市管理委员会,/危险化学品管理/城镇燃气,,标准,替代  DB11/T 302-2014;,,,地方标准,
STD_DB13_T_5742_2023,standard,DB13/T 5742-2023,醇基燃料使用安全规范,ACTIVE,2023-07-28,2023-08-28,/河北省/河北省市场监督管理局,/河北省/河北省应急管理厅,/危险化学品管理/安全管理要求,,标准,,,,地方标准,
STD_DB32_T_4531_2023,standard,DB32/T 4531-2023,危险化学品重大危险源二维码安全管理标志牌规范,ACTIVE,2023-07-25,2023-08-25,/江苏省/江苏省市场监督管理局,/江苏省/江苏省安全生产标准化技术委员会,/危险化学品管理/安全管理要求,,标准,,,,地方标准,
STD_DB37_T_997_2022,standard,DB37/T 997-2022,危险化学品作业场所警示标志标识规范,ACTIVE,2022-07-25,2022-08-25,/山东省/山东省市场监督管理局,/山东省/山东安全生产标准化技术委员会化工安全分技术委员会,/危险化学品管理/安全管理要求,,标准,替代  DB37/T 997-2008;,,,地方标准,
STD_DB50_T_867.25_2021,standard,DB50/T 867.25-2021,城镇天然气经营企业,ACTIVE,2021-12-30,2022-04-01,/重庆/重庆市市场监督管理局,/重庆/重庆市经济和信息化委员会,/危险化学品管理/城镇燃气,,标准,,,,地方标准,
STD_DB22_T_3221_2021,standard,DB22/T 3221-2021,危险化学品重大危险源安全评估导则,ACTIVE,2021-04-16,2021-05-01,/吉林省/吉林省市场监督管理厅,/吉林省/吉林省应急管理厅,/危险化学品管理/安全管理要求,,标准,,,,地方标准,
STD_DB46_T_521_2021,standard,DB46/T 521-2021,危险化学品企业可查验防护措施管理规范,ACTIVE,2021-01-26,2021-03-01,/海南省/海南省市场监督管理局,/海南省/海南省应急管理厅,/危险化学品管理/安全管理要求,,标准,,,,地方标准,
STD_DB11_T_834_2020,standard,DB11/T 834-2020,烟花爆竹零售网点设置安全规范,ACTIVE,2020-12-24,2021-01-01,/北京/北京市市场监督管理局,/北京/北京市应急管理局,/危险化学品管理/烟花爆竹,,标准,替代  DB11/T 834-2015;,,,地方标准,
STD_DB13_T_5272_2020,standard,DB13/T 5272-2020,工业企业天然气安全管理条件规范,ACTIVE,2020-11-19,2020-12-19,/河北省/河北省市场监督管理局,/河北省/河北省应急管理厅,/生产（工艺）安全  ;  /危险化学品管理/安全管理要求,,标准,,,,地方标准,
STD_DB43_T_1785_2020,standard,DB43/T 1785-2020,烟花爆竹企业内部运输电动车辆安全规范,ACTIVE,2020-05-15,2020-08-15,/湖南省/湖南省市场监督管理局,/湖南省/湖南省安全生产标准化技术委员会,/生产（工艺）安全  ;  /危险化学品管理/烟花爆竹,,标准,,,,地方标准,
STD_DB43_T_1786_2020,standard,DB43/T 1786-2020,湖南省烟花爆竹生产经营安全规范,ACTIVE,2020-05-15,2020-08-15,/湖南省/湖南省市场监督管理局,/湖南省/湖南省安全生产标准化技术委员会,/生产（工艺）安全  ;  /危险化学品管理/烟花爆竹,,标准,,,,地方标准,
STD_DB43_T_1780_2020,standard,DB43/T 1780-2020,工业企业天然气使用安全规程,ACTIVE,2020-05-15,2020-08-15,/湖南省/湖南省市场监督管理局,/湖南省/湖南省安全生产标准化技术委员会,/储运（含管道、站场）安全  ;  /危险化学品管理/安全管理要求,,标准,,,,地方标准,
STD_DB21_T_3267_2020,standard,DB21/T 3267-2020,烟花爆竹批发企业安全生产管理手册编写导则,ACTIVE,2020-05-30,2020-06-30,/辽宁省/辽宁省市场监督管理局,/辽宁省/辽宁省应急管理厅,/通用安全管理/综合管理  ;  /危险化学品管理/烟花爆竹,,标准,,,,地方标准,
STD_DB22_T_3071_2019,standard,DB22/T 3071-2019,爆炸型催化剂检测取样规程,ACTIVE,2019-12-25,2020-02-01,/吉林省/吉林省市场监督管理厅,/吉林省/吉林省气象局,/危险化学品管理/危害性测定,,标准,,,,地方标准,
STD_DB3302_T_1051_2019,standard,DB3302/T 1051-2019,燃气行业服务规范,ACTIVE,2019-07-24,2019-08-24,/浙江省/宁波市市场监督管理局,/浙江省/宁波市公用事业监管中心,/危险化学品管理/城镇燃气,,标准,,,,地方标准,
STD_DB32_T_3617_2019,standard,DB32/T 3617-2019,液氯使用安全技术规范,ACTIVE,2019-07-11,2019-08-01,/江苏省/江苏省市场监督管理局,/江苏省/江苏省安全生产标准化技术委员会,/生产（工艺）安全  ;  /危险化学品管理/安全管理要求,,标准,,,,地方标准,
STD_DB32_T_3615_2019,standard,DB32/T 3615-2019,剧毒化学品生产企业安全管理规范,ACTIVE,2019-07-11,2019-08-01,/江苏省/江苏省市场监督管理局,/江苏省/江苏省安全生产标准化技术委员会,/危险化学品管理/安全管理要求,,标准,,,,地方标准,
STD_DB11_T_1322.32_2019,standard,DB11/T 1322.32-2019,安全生产等级评定技术规范 第32部分：烟花爆竹经营（批发）企业,ACTIVE,2019-01-02,2019-07-01,/北京/北京市市场监督管理局,/北京/北京市应急管理局,/通用安全管理/风险管理  ;  /危险化学品管理/烟花爆竹,,标准,,,,地方标准,
STD_DB13_T_2941_2019,standard,DB13/T 2941-2019,危险化学品登记管理规范,ACTIVE,2019-03-25,2019-04-25,/河北省/河北省市场监督管理局,/河北省/河北省应急管理厅,/危险化学品管理/安全管理要求,,标准,,,,地方标准,
STD_DB33_T_1155_2018,standard,DB33/T 1155-2018,城镇小型液化天然气气化站技术规程,ACTIVE,2018-07-16,2018-12-01,/浙江省/浙江省住房和城乡建设厅,/浙江省/浙江省住房和城乡建设厅,/储运（含管道、站场）安全  ;  /危险化学品管理/城镇燃气,,标准,,,,地方标准,
STD_DB32_T_3256_2017,standard,DB32/T 3256-2017,化学品禁配表编制导则,ACTIVE,2017-05-05,2017-06-05,/江苏省/江苏省质量技术监督局,/江苏省/江苏省安全生产标准化技术委员会,/危险化学品管理/安全管理要求,,标准,,,,地方标准,
STD_DB11__358_2016,standard,DB11/ 358-2016,烟花爆竹安全 级别、类别和标识标注,ACTIVE,2016-12-22,2016-12-23,/北京/北京市质量技术监督局,/北京/北京市烟花爆竹安全管理工作办公室,/危险化学品管理/烟花爆竹  ;  /原料及产品/火工产品,,标准,替代  DB11/ 358-2013;,,,地方标准,
STD_DB65_T_3902_2016,standard,DB65/T 3902-2016,烟花爆竹批发、零售及储存库事故隐患排查技术规范,ACTIVE,2016-06-30,2016-09-01,/新疆维吾尔自治区/新疆维吾尔自治区质量技术监督局,/新疆维吾尔自治区/新疆维吾尔自治区应急管理厅,/通用安全管理/风险管理  ;  /危险化学品管理/烟花爆竹,,标准,,,,地方标准,
STD_DB33_T_768.8_2009,standard,DB33/T 768.8-2009,安全技术防范系统建设技术规范 第8部分: 城镇燃气供储场所,ACTIVE,2009-11-03,2010-01-01,/浙江省/浙江省质量技术监督局,/浙江省/浙江省消防救援总队,/通用安全管理/其他  ;  /储运（含管道、站场）安全  ;  /危险化学品管理/城镇燃气,,标准,,,,地方标准,
STD_DB43_T_413_2008,standard,DB43/T 413-2008,烟花爆竹企业防雷运行管理规程,ACTIVE,2008-10-09,2009-01-01,/湖南省/湖南省市场监督管理局,/湖南省/湖南省气象局,/电气安全  ;  /危险化学品管理/烟花爆竹,,标准,,,,地方标准,
STD_DB43_T_411_2008,standard,DB43/T 411-2008,烟花爆竹企业防雷设计施工规范,ACTIVE,2008-10-09,2009-01-01,/湖南省/湖南省市场监督管理局,/湖南省/湖南省气象局,/电气安全  ;  /危险化学品管理/烟花爆竹,,标准,,,,地方标准,
STD_DB43_T_412_2008,standard,DB43/T 412-2008,烟花爆竹企业防雷装置检测技术规范,ACTIVE,2008-10-09,2009-01-01,/湖南省/湖南省市场监督管理局,/湖南省/湖南省气象局,/电气安全  ;  /危险化学品管理/烟花爆竹,,标准,,,,地方标准,
STD_GB_26569_2026,standard,GB 26569-2026,民用煤层气（煤矿瓦斯）,UNKNOWN,2026-03-31,2027-04-01,/国家市场监督管理总局  ;  /国家标准化管理委员会,/国家矿山安全监察局,/危险化学品管理/城镇燃气,,标准,替代  GB 26569-2011;,,,国家标准,
STD_GB_T_47548_2026,standard,GB/T 47548-2026,城镇压缩天然气（CNG）供气装置,UNKNOWN,2026-04-30,2026-11-01,/国家市场监督管理总局  ;  /国家标准化管理委员会,/住房和城乡建设部,/危险化学品管理/城镇燃气,,标准,,,,国家标准,
STD_GB_46770_2025,standard,GB 46770-2025,可燃性粉尘隔爆安全规范,UNKNOWN,2025-10-31,2026-11-01,/国家市场监督管理总局  ;  /国家标准化管理委员会,/应急管理部,/危险化学品管理/安全管理要求,,标准,,,,国家标准,
STD_GB_18154_2025,standard,GB 18154-2025,可燃性粉尘抑爆安全规范,UNKNOWN,2025-10-31,2026-11-01,/国家市场监督管理总局  ;  /国家标准化管理委员会,/应急管理部,/危险化学品管理/安全管理要求,,标准,替代  GB/T 18154-2000;,,,国家标准,
STD_GB_17919_2025,standard,GB 17919-2025,可燃性粉尘除尘系统防爆安全规范,UNKNOWN,2025-10-31,2026-11-01,/国家市场监督管理总局  ;  /国家标准化管理委员会,/应急管理部,/危险化学品管理/安全管理要求,,标准,替代  GB/T 17919-2008;,,,国家标准,
STD_GB_47369_2026,standard,GB 47369-2026,民用爆炸物品警示标识、登记标识通则,UNKNOWN,2026-03-31,2026-10-01,/国家市场监督管理总局  ;  /国家标准化管理委员会,/全国爆炸物品公共安全管理标准化技术委员会,/危险化学品管理/分类、标志  ;  /危险化学品管理/民用爆炸品,,标准,,,,国家标准,
STD_GB_T_47394_2026,standard,GB/T 47394-2026,供热燃气锅炉烟气冷凝热能回收装置,UNKNOWN,2026-03-31,2026-10-01,/国家市场监督管理总局  ;  /国家标准化管理委员会,/全国城镇供热标准化技术委员会,/特种设备安全  ;  /危险化学品管理/城镇燃气,,标准,,,,国家标准,
STD_GB_T_47287_2026,standard,GB/T 47287-2026,烟花爆竹用烟火药密度测定,UNKNOWN,2026-02-27,2026-09-01,/国家市场监督管理总局  ;  /国家标准化管理委员会,/全国烟花爆竹标准化技术委员会,/危险化学品管理/烟花爆竹,,标准,替代  GB/T 15814.2-1995;,,,国家标准,
STD_GB_T_47167_2026,standard,GB/T 47167-2026,烟花爆竹 升空,UNKNOWN,2026-02-27,2026-09-01,/国家市场监督管理总局  ;  /国家标准化管理委员会,/全国烟花爆竹标准化技术委员会,/危险化学品管理/烟花爆竹,,标准,,,,国家标准,
STD_GB_T_47320_2026,standard,GB/T 47320-2026,危险化学品企业防雷安全重大隐患判定,ACTIVE,2026-03-31,2026-07-01,/国家市场监督管理总局  ;  /国家标准化管理委员会,/全国气象防灾减灾标准化技术委员会,/电气安全  ;  /危险化学品管理/安全管理要求,,标准,,,,国家标准,
STD_GB_30000.30_2025,standard,GB 30000.30-2025,化学品分类和标签规范 第30部分：退敏爆炸物,ACTIVE,2025-06-30,2026-07-01,/国家市场监督管理总局  ;  /国家标准化管理委员会,/全国危险化学品管理标准化技术委员会,/危险化学品管理/分类、标志,,标准,,,,国家标准,
STD_GB_T_47173_2026,standard,GB/T 47173-2026,烟花爆竹 爆竹,ACTIVE,2026-02-27,2026-06-01,/国家市场监督管理总局  ;  /国家标准化管理委员会,/全国烟花爆竹标准化技术委员会,/危险化学品管理/烟花爆竹,,标准,,,,国家标准,
STD_GB_T_33679_2026,standard,GB/T 33679-2026,人工影响天气用燃烧剂和致冷剂的存储技术条件,ACTIVE,2026-02-27,2026-06-01,/国家市场监督管理总局  ;  /国家标准化管理委员会,/全国人工影响天气标准化技术委员会,/危险化学品管理/安全管理要求  ;  /原料及产品/其他产品,,标准,替代  GB/T 33679-2017;,,,国家标准,
STD_GB_T_20212_2026,standard,GB/T 20212-2026,烟花爆竹 固引剂,ACTIVE,2026-02-27,2026-06-01,/国家市场监督管理总局  ;  /国家标准化管理委员会,/全国烟花爆竹标准化技术委员会,/危险化学品管理/烟花爆竹,,标准,替代  GB/T 20212-2006;,,,国家标准,
STD_GB_T_47170_2026,standard,GB/T 47170-2026,烟花爆竹 架子烟花,ACTIVE,2026-02-27,2026-06-01,/国家市场监督管理总局  ;  /国家标准化管理委员会,/全国烟花爆竹标准化技术委员会,/危险化学品管理/烟花爆竹,,标准,,,,国家标准,
STD_GB_T_20618_2026,standard,GB/T 20618-2026,烟花爆竹 烟火药中硝酸盐含量的测定,ACTIVE,2026-02-27,2026-06-01,/国家市场监督管理总局  ;  /国家标准化管理委员会,/全国烟花爆竹标准化技术委员会,/危险化学品管理/烟花爆竹  ;  /化学化工检测检验/检测检验,,标准,替代  GB/T 20618-2006;,,,国家标准,
STD_GB_T_20617_2026,standard,GB/T 20617-2026,烟花爆竹 烟火药中铁含量的测定,ACTIVE,2026-02-27,2026-06-01,/国家市场监督管理总局  ;  /国家标准化管理委员会,/全国烟花爆竹标准化技术委员会,/危险化学品管理/烟花爆竹  ;  /化学化工检测检验/检测检验,,标准,替代  GB/T 20617-2006;,,,国家标准,
STD_GB_T_20616_2026,standard,GB/T 20616-2026,烟花爆竹 烟火药中铋含量的测定,ACTIVE,2026-02-27,2026-06-01,/国家市场监督管理总局  ;  /国家标准化管理委员会,/全国烟花爆竹标准化技术委员会,/危险化学品管理/烟花爆竹  ;  /化学化工检测检验/检测检验,,标准,替代  GB/T 20616-2006;,,,国家标准,
STD_GB_T_20615_2026,standard,GB/T 20615-2026,烟花爆竹 烟火药中铝含量的测定,ACTIVE,2026-02-27,2026-06-01,/国家市场监督管理总局  ;  /国家标准化管理委员会,/全国烟花爆竹标准化技术委员会,/危险化学品管理/烟花爆竹  ;  /化学化工检测检验/检测检验,,标准,替代  GB/T 20615-2006;,,,国家标准,
STD_GB_T_20614_2026,standard,GB/T 20614-2026,烟花爆竹 烟火药中高氯酸盐含量的测定,ACTIVE,2026-02-27,2026-06-01,/国家市场监督管理总局  ;  /国家标准化管理委员会,/全国烟花爆竹标准化技术委员会,/危险化学品管理/烟花爆竹  ;  /化学化工检测检验/检测检验,,标准,替代  GB/T 20614-2006;,,,国家标准,
STD_GB_T_19593_2026,standard,GB/T 19593-2026,烟花爆竹 组合烟花,ACTIVE,2026-02-27,2026-06-01,/国家市场监督管理总局  ;  /国家标准化管理委员会,/全国烟花爆竹标准化技术委员会,/危险化学品管理/烟花爆竹,,标准,替代  GB 19593-2015;,,,国家标准,
STD_GB_T_19469_2026,standard,GB/T 19469-2026,烟火药着火温度的测定 差热-热重分析法,ACTIVE,2026-02-27,2026-06-01,/国家市场监督管理总局  ;  /国家标准化管理委员会,/全国烟花爆竹标准化技术委员会,/危险化学品管理/烟花爆竹  ;  /化学化工检测检验/检测检验,,标准,替代  GB/T 19469-2004;,,,国家标准,
STD_GB_T_47172_2026,standard,GB/T 47172-2026,烟花爆竹 旋转,ACTIVE,2026-02-27,2026-06-01,/国家市场监督管理总局  ;  /国家标准化管理委员会,/全国烟花爆竹标准化技术委员会,/危险化学品管理/烟花爆竹,,标准,,,,国家标准,
STD_GB_T_47171_2026,standard,GB/T 47171-2026,烟花爆竹 吐珠,ACTIVE,2026-02-27,2026-06-01,/国家市场监督管理总局  ;  /国家标准化管理委员会,/全国烟花爆竹标准化技术委员会,/危险化学品管理/烟花爆竹,,标准,,,,国家标准,
STD_GB_T_47169_2026,standard,GB/T 47169-2026,烟花爆竹 喷花,ACTIVE,2026-02-27,2026-06-01,/国家市场监督管理总局  ;  /国家标准化管理委员会,/全国烟花爆竹标准化技术委员会,/危险化学品管理/烟花爆竹,,标准,,,,国家标准,
STD_GB_T_47168_2026,standard,GB/T 47168-2026,烟花爆竹 玩具,ACTIVE,2026-02-27,2026-06-01,/国家市场监督管理总局  ;  /国家标准化管理委员会,/全国烟花爆竹标准化技术委员会,/危险化学品管理/烟花爆竹,,标准,,,,国家标准,
STD_GB_T_47164_2026,standard,GB/T 47164-2026,烟花爆竹用烟火药中铝、镁、钾和钡含量的测定 电感耦合等离子体发射光谱（ICP-OES）法,ACTIVE,2026-02-27,2026-06-01,/国家市场监督管理总局  ;  /国家标准化管理委员会,/全国烟花爆竹标准化技术委员会,/危险化学品管理/烟花爆竹,,标准,,,,国家标准,
STD_GB_T_47163_2026,standard,GB/T 47163-2026,烟花爆竹基本环境试验规范 自由跌落和交变湿热试验方法,ACTIVE,2026-02-27,2026-06-01,/国家市场监督管理总局  ;  /国家标准化管理委员会,/全国烟花爆竹标准化技术委员会,/危险化学品管理/烟花爆竹,,标准,,,,国家标准,
STD_GB_T_20613_2026,standard,GB/T 20613-2026,烟花爆竹 储存运输安全性能检验规范,ACTIVE,2026-02-27,2026-06-01,/国家市场监督管理总局  ;  /国家标准化管理委员会,/全国烟花爆竹标准化技术委员会,/储运（含管道、站场）安全  ;  /危险化学品管理/烟花爆竹,,标准,替代  GB/T 20613-2006;,,,国家标准,
STD_GB_T_20210_2026,standard,GB/T 20210-2026,烟花爆竹 铝粉,ACTIVE,2026-02-27,2026-06-01,/国家市场监督管理总局  ;  /国家标准化管理委员会,/全国烟花爆竹标准化技术委员会,/危险化学品管理/烟花爆竹,,标准,替代  GB/T 20210-2006;,,,国家标准,
STD_GB_T_20209_2026,standard,GB/T 20209-2026,烟花爆竹 铝镁合金粉,ACTIVE,2026-02-27,2026-06-01,/国家市场监督管理总局  ;  /国家标准化管理委员会,/全国烟花爆竹标准化技术委员会,/危险化学品管理/烟花爆竹,,标准,替代  GB/T 20209-2006;,,,国家标准,
STD_GB_T_19594_2026,standard,GB/T 19594-2026,烟花爆竹 礼花弹,ACTIVE,2026-02-27,2026-06-01,/国家市场监督管理总局  ;  /国家标准化管理委员会,/全国烟花爆竹标准化技术委员会,/危险化学品管理/烟花爆竹,,标准,替代  GB 19594-2015;,,,国家标准,
STD_GB_T_10632_2026,standard,GB/T 10632-2026,烟花爆竹 抽样检查规则,ACTIVE,2026-02-27,2026-06-01,/国家市场监督管理总局  ;  /国家标准化管理委员会,/全国烟花爆竹标准化技术委员会,/危险化学品管理/烟花爆竹,,标准,替代  GB/T 10632-2014;,,,国家标准,
STD_GB_19417_2025,standard,GB 19417-2025,工业雷管通用安全技术要求,ACTIVE,2025-05-30,2026-06-01,/国家市场监督管理总局  ;  /国家标准化管理委员会,/工业和信息化部,/危险化学品管理/民用爆炸品,,标准,替代  GB 19417-2003;,,,国家标准,
STD_GB_10631_2025,standard,GB 10631-2025,烟花爆竹 安全与质量,ACTIVE,2025-10-31,2026-05-01,/国家市场监督管理总局  ;  /国家标准化管理委员会,/应急管理部,/危险化学品管理/烟花爆竹,,标准,"替代  GB 10631-2013,GB 31368-2015,GB 24426-2015,GB 21552-2008,GB 21553-2008,GB 21555-2008;
部分替代GB 19593-2015;GB 19594-2015;",,,国家标准,
STD_GB_6222_2025,standard,GB 6222-2025,工业企业煤气安全规范,ACTIVE,2025-10-31,2026-05-01,/国家市场监督管理总局  ;  /国家标准化管理委员会,/应急管理部,/危险化学品管理/安全管理要求  ;  /原料及产品/石油、天然气及石油产品,,标准,替代  GB 6222-2005;,,,国家标准,
STD_GB_T_46549_2025,standard,GB/T 46549-2025,煤矿区煤层气地面抽采项目经济评价方法,ACTIVE,2025-12-02,2026-04-01,/国家市场监督管理总局  ;  /国家标准化管理委员会,/全国煤炭标准化技术委员会,/危险化学品管理/安全管理要求,,标准,,,,国家标准,
STD_GB_T_191_2025,standard,GB/T 191-2025,包装储运图形符号标志,ACTIVE,2025-08-29,2026-03-01,/国家市场监督管理总局  ;  /国家标准化管理委员会,/全国包装标准化技术委员会,/危险化学品管理/分类、标志,,标准,替代  GB/T 191-2008;,,,国家标准,
STD_GB_T_19787_2025,standard,GB/T 19787-2025,包装材料 聚烯烃热收缩薄膜,ACTIVE,2025-08-29,2026-03-01,/国家市场监督管理总局  ;  /国家标准化管理委员会,/全国包装标准化技术委员会,/危险化学品管理/包装,,标准,替代  GB/T 19787-2005;,,,国家标准,
STD_GB_T_17449_2025,standard,GB/T 17449-2025,包装 玻璃容器 螺纹瓶口尺寸,ACTIVE,2025-08-29,2026-03-01,/国家市场监督管理总局  ;  /国家标准化管理委员会,/全国包装标准化技术委员会,/危险化学品管理/包装,,标准,替代  GB/T 17449-1998;,,,国家标准,
STD_GB_T_18927_2025,standard,GB/T 18927-2025,包装容器 金属辅件,ACTIVE,2025-08-01,2026-02-01,/国家市场监督管理总局  ;  /国家标准化管理委员会,/全国包装标准化技术委员会,/危险化学品管理/包装,,标准,替代  GB/T 18927-2002;,,,国家标准,
STD_GB_T_16929_2025,standard,GB/T 16929-2025,包装材料试验方法 透油性,ACTIVE,2025-08-01,2026-02-01,/国家市场监督管理总局  ;  /国家标准化管理委员会,/全国包装标准化技术委员会,/危险化学品管理/包装,,标准,替代  GB/T 16929.1997;,,,国家标准,
STD_GB_T_15171_2025,standard,GB/T 15171-2025,包装件密封性能试验方法,ACTIVE,2025-08-01,2026-02-01,/国家市场监督管理总局  ;  /国家标准化管理委员会,/全国包装标准化技术委员会,/危险化学品管理/包装,,标准,替代  GB/T 15171-1994;,,,国家标准,
STD_GB_T_46250_2025,standard,GB/T 46250-2025,烟花爆竹生产企业防雷技术规范,ACTIVE,2025-10-05,2026-02-01,/国家市场监督管理总局  ;  /国家标准化管理委员会,/全国气象防灾减灾标准化技术委员会,/电气安全  ;  /危险化学品管理/烟花爆竹,,标准,,,,国家标准,
STD_GB_46032_2025,standard,GB 46032-2025,储粮化学药剂管理与使用规范,ACTIVE,2025-08-01,2026-02-01,/国家市场监督管理总局  ;  /国家标准化管理委员会,/国家粮食和储备局,/危险化学品管理/安全管理要求,,标准,,,,国家标准,
STD_GB_T_16265_2025,standard,GB/T 16265-2025,包装材料试验方法 相容性,ACTIVE,2025-06-30,2026-01-01,/国家市场监督管理总局  ;  /国家标准化管理委员会,/全国包装标准化技术委员会,/危险化学品管理/包装,,标准,替代  GB/T 16265-2008;,,,国家标准,
STD_GB_T_16267_2025,standard,GB/T 16267-2025,包装材料试验方法 气相缓蚀能力,ACTIVE,2025-06-30,2026-01-01,/国家市场监督管理总局  ;  /国家标准化管理委员会,/全国包装标准化技术委员会,/危险化学品管理/包装,,标准,替代  GB/T 16267-2008;,,,国家标准,
STD_GB_T_14188_2025,standard,GB/T 14188-2025,气相防锈包装材料选用通则,ACTIVE,2025-06-30,2026-01-01,/国家市场监督管理总局  ;  /国家标准化管理委员会,/全国包装标准化技术委员会,/危险化学品管理/包装,,标准,替代  GB/T 14188-2008;,,,国家标准,
STD_GB_T_13201_2025,standard,GB/T 13201-2025,圆柱体运输包装尺寸系列,ACTIVE,2025-06-30,2026-01-01,/国家市场监督管理总局  ;  /国家标准化管理委员会,/全国包装标准化技术委员会,/危险化学品管理/包装,,标准,替代  GB/T 13201.1997;,,,国家标准,
STD_GB_T_15170_2025,standard,GB/T 15170-2025,包装容器 工业用薄钢板圆罐,ACTIVE,2025-06-30,2026-01-01,/国家市场监督管理总局  ;  /国家标准化管理委员会,/全国包装标准化技术委员会,/危险化学品管理/包装,,标准,替代  GB/T 15170-2007;,,,国家标准,
STD_GB_T_46908_2025,standard,GB/T 46908-2025,包装 危险货物运输包装 塑料包装和塑料中型散装容器（IBCs）的相容性试验,ACTIVE,2025-12-31,2025-12-31,/国家市场监督管理总局  ;  /国家标准化管理委员会,/全国包装标准化技术委员会,/危险化学品管理/包装,,标准,,,,国家标准,
STD_GB_T_46144_2025,standard,GB/T 46144-2025,化学品 鱼类细胞系急性毒性 虹鳟鳃细胞系（RTgill-W1）试验,ACTIVE,2025-08-29,2025-12-01,/国家市场监督管理总局  ;  /国家标准化管理委员会,/全国危险化学品管理标准化技术委员会,/危险化学品管理/危害性测定,,标准,,,,国家标准,
STD_GB_T_46140_2025,standard,GB/T 46140-2025,化学品 水-沉积物系统中穗状狐尾藻毒性试验,ACTIVE,2025-08-29,2025-12-01,/国家市场监督管理总局  ;  /国家标准化管理委员会,/全国危险化学品管理标准化技术委员会,/危险化学品管理/危害性测定,,标准,,,,国家标准,
STD_GB_T_46136_2025,standard,GB/T 46136-2025,化学品 液态粪肥中的厌氧转化试验,ACTIVE,2025-08-29,2025-12-01,/国家市场监督管理总局  ;  /国家标准化管理委员会,/全国危险化学品管理标准化技术委员会,/危险化学品管理/危害性测定,,标准,,,,国家标准,
STD_GB_T_21854_2025,standard,GB/T 21854-2025,化学品 鱼类早期生活阶段毒性试验,ACTIVE,2025-08-29,2025-12-01,/国家市场监督管理总局  ;  /国家标准化管理委员会,/全国危险化学品管理标准化技术委员会,/危险化学品管理/危害性测定,,标准,替代  GB/T 21854-2008;,,,国家标准,
STD_GB_T_21818_2025,standard,GB/T 21818-2025,化学品 固有生物降解性 改进的MITI试验（II）,ACTIVE,2025-08-29,2025-12-01,/国家市场监督管理总局  ;  /国家标准化管理委员会,/全国危险化学品管理标准化技术委员会,/危险化学品管理/危害性测定,,标准,替代  GB/T 21818-2008;,,,国家标准,
STD_GB_T_21794_2025,standard,GB/T 21794-2025,化学品 体外哺乳动物细胞染色体畸变试验方法,ACTIVE,2025-08-29,2025-12-01,/国家市场监督管理总局  ;  /国家标准化管理委员会,/全国危险化学品管理标准化技术委员会,/危险化学品管理/危害性测定,,标准,替代  GB/T 21794-2008;,,,国家标准,
STD_GB_T_21793_2025,standard,GB/T 21793-2025,化学品 体外哺乳动物细胞基因突变试验方法,ACTIVE,2025-08-29,2025-12-01,/国家市场监督管理总局  ;  /国家标准化管理委员会,/全国危险化学品管理标准化技术委员会,/危险化学品管理/危害性测定,,标准,替代  GB/T 21793-2008;,,,国家标准,
STD_GB_T_21788_2025,standard,GB/T 21788-2025,化学品 慢性毒性与致癌性联合试验方法,ACTIVE,2025-08-29,2025-12-01,/国家市场监督管理总局  ;  /国家标准化管理委员会,/全国危险化学品管理标准化技术委员会,/危险化学品管理/危害性测定,,标准,替代  GB/T 21788-2008;,,,国家标准,
STD_GB_T_21786_2025,standard,GB/T 21786-2025,化学品 细菌回复突变试验方法,ACTIVE,2025-08-29,2025-12-01,/国家市场监督管理总局  ;  /国家标准化管理委员会,/全国危险化学品管理标准化技术委员会,/危险化学品管理/危害性测定,,标准,替代  GB/T 21786-2008;,,,国家标准,
STD_GB_T_21773_2025,standard,GB/T 21773-2025,化学品 体内哺乳动物红细胞微核试验方法,ACTIVE,2025-08-29,2025-12-01,/国家市场监督管理总局  ;  /国家标准化管理委员会,/全国危险化学品管理标准化技术委员会,/危险化学品管理/危害性测定,,标准,替代  GB/T 21773-2008;,,,国家标准,
STD_GB_T_21766_2025,standard,GB/T 21766-2025,化学品 生殖发育毒性筛选试验方法,ACTIVE,2025-08-29,2025-12-01,/国家市场监督管理总局  ;  /国家标准化管理委员会,/全国危险化学品管理标准化技术委员会,/危险化学品管理/危害性测定,,标准,替代  GB/T 21766-2008;,,,国家标准,
STD_GB_T_21759_2025,standard,GB/T 21759-2025,化学品 慢性毒性试验方法,ACTIVE,2025-08-29,2025-12-01,/国家市场监督管理总局  ;  /国家标准化管理委员会,/全国危险化学品管理标准化技术委员会,/危险化学品管理/危害性测定,,标准,替代  GB/T 21759-2008;,,,国家标准,
STD_GB_T_21754_2025,standard,GB/T 21754-2025,化学品 28天(亚急性)吸入毒性试验方法,ACTIVE,2025-08-29,2025-12-01,/国家市场监督管理总局  ;  /国家标准化管理委员会,/全国危险化学品管理标准化技术委员会,/危险化学品管理/危害性测定,,标准,替代  GB/T 21754-2008;,,,国家标准,
STD_GB_T_21750_2025,standard,GB/T 21750-2025,化学品 毒物代谢动力学试验方法,ACTIVE,2025-08-29,2025-12-01,/国家市场监督管理总局  ;  /国家标准化管理委员会,/全国危险化学品管理标准化技术委员会,/危险化学品管理/危害性测定,,标准,替代  GB/T 21750-2008;,,,国家标准,
STD_GB_T_21609_2025,standard,GB/T 21609-2025,化学品 急性眼刺激性／腐蚀性试验方法,ACTIVE,2025-08-29,2025-12-01,/国家市场监督管理总局  ;  /国家标准化管理委员会,/全国危险化学品管理标准化技术委员会,/危险化学品管理/危害性测定,,标准,替代  GB/T 21609-2008;,,,国家标准,
STD_GB_T_44165.9_2025,standard,GB/T 44165.9-2025,消费品中重点化学物质检测方法 第9部分：六溴环十二烷,ACTIVE,2025-05-30,2025-12-01,/国家市场监督管理总局  ;  /国家标准化管理委员会,/全国消费品安全标准化技术委员会,/危险化学品管理/危害性测定,,标准,,,,国家标准,
STD_GB_T_44165.8_2025,standard,GB/T 44165.8-2025,消费品中重点化学物质检测方法 第8部分：全氟辛烷磺酸（PFOS）和全氟辛酸（PFOA）,ACTIVE,2025-05-30,2025-12-01,/国家市场监督管理总局  ;  /国家标准化管理委员会,/全国消费品安全标准化技术委员会,/危险化学品管理/危害性测定,,标准,,,,国家标准,
STD_GB_T_44165.7_2025,standard,GB/T 44165.7-2025,消费品中重点化学物质检测方法 第7部分：多氯萘,ACTIVE,2025-05-30,2025-12-01,/国家市场监督管理总局  ;  /国家标准化管理委员会,/全国消费品安全标准化技术委员会,/危险化学品管理/危害性测定,,标准,,,,国家标准,
STD_GB_T_6543_2025,standard,GB/T 6543-2025,运输包装用单瓦楞纸箱和双瓦楞纸箱,ACTIVE,2025-05-30,2025-12-01,/国家市场监督管理总局  ;  /国家标准化管理委员会,/全国包装标准化技术委员会,/危险化学品管理/包装,,标准,替代  GB/T 6543-2008;,,,国家标准,
STD_GB_T_45638_2025,standard,GB/T 45638-2025,使用条形码和二维符号的电子元器件产品包装标签,ACTIVE,2025-04-25,2025-11-01,/国家市场监督管理总局  ;  /国家标准化管理委员会,/全国印制电路标准化技术委员会,/危险化学品管理/包装,,标准,,,,国家标准,
STD_GB_T_51474_2025,standard,GB/T 51474-2025,城镇燃气设施运行、维护和抢修安全技术标准,ACTIVE,2025-05-29,2025-10-01,/住房和城乡建设部,/住房和城乡建设部,/危险化学品管理/城镇燃气,,标准,替代  CJJ 51-2016;,,,国家标准,
STD_GB_T_45911_2025,standard,GB/T 45911-2025,人工影响天气 作业用弹药存储安全要求,ACTIVE,2025-06-30,2025-10-01,/国家市场监督管理总局  ;  /国家标准化管理委员会,/全国人工影响天气标准化技术委员会,/危险化学品管理/民用爆炸品,,标准,,,,国家标准,
STD_GB_12268_2025,standard,GB 12268-2025,危险货物品名表,ACTIVE,2025-03-28,2025-10-01,/国家市场监督管理总局  ;  /国家标准化管理委员会,/国家市场监督管理总局,/危险化学品管理/名录,,标准,替代  GB 12268-2012;,,,国家标准,
STD_GB_6944_2025,standard,GB 6944-2025,危险货物分类和品名编号,ACTIVE,2025-03-28,2025-10-01,/国家市场监督管理总局  ;  /国家标准化管理委员会,/国家市场监督管理总局,/危险化学品管理/分类、标志,,标准,替代  GB 6944-2012;,,,国家标准,
STD_GB_T_28885_2025,standard,GB/T 28885-2025,燃气服务导则,ACTIVE,2025-03-28,2025-10-01,/国家市场监督管理总局  ;  /国家标准化管理委员会,/住房和城乡建设部,/危险化学品管理/城镇燃气,,标准,替代  GB/T 28885-2012;,,,国家标准,
STD_GB_T_45702_2025,standard,GB/T 45702-2025,包装 危险货物运输包装 试验方法,ACTIVE,2025-05-30,2025-09-01,/国家市场监督管理总局  ;  /国家标准化管理委员会,/全国包装标准化技术委员会,/危险化学品管理/包装,,标准,,,,国家标准,
STD_GB_11984_2024,standard,GB 11984-2024,化工企业氯气安全技术规范,ACTIVE,2024-11-28,2025-08-01,/国家市场监督管理总局  ;  /国家标准化管理委员会,/全国安全生产标准化技术委员会化学品安全分技术委员会,/危险化学品管理/安全管理要求  ;  /原料及产品/工业气体与化学气体,,标准,替代  GB 11984-2008;,,,国家标准,
STD_GB_30000.1_2024,standard,GB 30000.1-2024,化学品分类和标签规范 第1部分：通则,ACTIVE,2024-07-24,2025-08-01,/国家市场监督管理总局  ;  /国家标准化管理委员会,/全国危险化学品管理标准化技术委员会,/危险化学品管理/分类、标志,,标准,替代  GB 13690-2009;,,,国家标准,
STD_GB_T_45237_2025,standard,GB/T 45237-2025,危险货物 自反应物质和有机过氧化物容器排气孔尺寸确定的试验方法,ACTIVE,2025-01-24,2025-05-01,/国家市场监督管理总局  ;  /国家标准化管理委员会,/全国危险化学品管理标准化技术委员会,/危险化学品管理/危害性测定,,标准,,,,国家标准,
STD_GB_T_45219_2025,standard,GB/T 45219-2025,危险货物 自反应物质和有机过氧化物爆燃试验方法,ACTIVE,2025-01-24,2025-05-01,/国家市场监督管理总局  ;  /国家标准化管理委员会,/全国危险化学品管理标准化技术委员会,/危险化学品管理/危害性测定,,标准,,,,国家标准,
STD_GB_T_45218_2025,standard,GB/T 45218-2025,危险货物 自反应物质和有机过氧化物包装件热爆炸试验方法,ACTIVE,2025-01-24,2025-05-01,/国家市场监督管理总局  ;  /国家标准化管理委员会,/全国危险化学品管理标准化技术委员会,/危险化学品管理/危害性测定,,标准,,,,国家标准,
STD_GB_T_45217_2025,standard,GB/T 45217-2025,危险货物 自反应物质和有机过氧化物包装件引爆试验方法,ACTIVE,2025-01-24,2025-05-01,/国家市场监督管理总局  ;  /国家标准化管理委员会,/全国危险化学品管理标准化技术委员会,/危险化学品管理/危害性测定,,标准,,,,国家标准,
STD_GB_T_45216_2025,standard,GB/T 45216-2025,危险货物 自反应物质和有机过氧化物包装件爆燃试验方法,ACTIVE,2025-01-24,2025-05-01,/国家市场监督管理总局  ;  /国家标准化管理委员会,/全国危险化学品管理标准化技术委员会,/危险化学品管理/危害性测定,,标准,,,,国家标准,
STD_GB_T_45215_2025,standard,GB/T 45215-2025,危险货物 自反应物质和有机过氧化物引爆试验方法,ACTIVE,2025-01-24,2025-05-01,/国家市场监督管理总局  ;  /国家标准化管理委员会,/全国危险化学品管理标准化技术委员会,/危险化学品管理/危害性测定,,标准,,,,国家标准,
STD_GB_T_44708_2024,standard,GB/T 44708-2024,化学品 蚯蚓繁殖毒性试验,ACTIVE,2024-10-26,2025-05-01,/国家市场监督管理总局  ;  /国家标准化管理委员会,/全国危险化学品管理标准化技术委员会,/危险化学品管理/危害性测定  ;  /化学化工检测检验/检测检验,,标准,,,,国家标准,
STD_GB_T_44707_2024,standard,GB/T 44707-2024,化学品 强化快速生物降解性试验,ACTIVE,2024-10-26,2025-05-01,/国家市场监督管理总局  ;  /国家标准化管理委员会,/全国危险化学品管理标准化技术委员会,/危险化学品管理/危害性测定  ;  /化学化工检测检验/检测检验,,标准,,,,国家标准,
STD_GB_T_44706_2024,standard,GB/T 44706-2024,化学品 沉积物-水系统中河蚬毒性试验,ACTIVE,2024-10-26,2025-05-01,/国家市场监督管理总局  ;  /国家标准化管理委员会,/全国危险化学品管理标准化技术委员会,/危险化学品管理/危害性测定  ;  /化学化工检测检验/检测检验,,标准,,,,国家标准,
STD_GB_T_45453_2025,standard,GB/T 45453-2025,包装 药品包装的篡改验证特性,ACTIVE,2025-03-28,2025-03-28,/国家市场监督管理总局  ;  /国家标准化管理委员会,/全国包装标准化技术委员会,/危险化学品管理/包装,,标准,,,,国家标准,
STD_GB_T_45451.1_2025,standard,GB/T 45451.1-2025,包装 塑料桶 第1部分：公称容量为113.6L至220L的可拆盖（开口）桶,ACTIVE,2025-03-28,2025-03-28,/国家市场监督管理总局  ;  /国家标准化管理委员会,/全国包装标准化技术委员会,/危险化学品管理/包装,,标准,,,,国家标准,
STD_GB_T_45456_2025,standard,GB/T 45456-2025,包装 折叠纸盒折痕挺度的测定,ACTIVE,2025-03-28,2025-03-28,/国家市场监督管理总局  ;  /国家标准化管理委员会,/全国包装标准化技术委员会,/危险化学品管理/包装,,标准,,,,国家标准,
STD_GB_T_43545_2023,standard,GB/T 43545-2023,危险货物检验安全规范 超级电容器,ACTIVE,2023-12-28,2025-01-01,/国家市场监督管理总局  ;  /国家标准化管理委员会,/全国危险化学品管理标准化技术委员会,/危险化学品管理/危害性测定,,标准,,,,国家标准,
STD_GB_28263_2024,standard,GB 28263-2024,民用爆炸物品生产、销售企业安全管理规程,ACTIVE,2024-11-28,2024-12-01,/国家市场监督管理总局  ;  /国家标准化管理委员会,/工业和信息化部,/危险化学品管理/民用爆炸品,,标准,"替代  GB 28263-2012,GB 28261-2012;",,,国家标准,
STD_GB_T_44394_2024,standard,GB/T 44394-2024,化学品粉尘爆炸危害识别和防护指南,ACTIVE,2024-08-23,2024-12-01,/国家市场监督管理总局  ;  /国家标准化管理委员会,/全国危险化学品管理标准化技术委员会,/危险化学品管理/安全管理要求,,标准,,,,国家标准,
STD_GB_T_30000.31_2023,standard,GB/T 30000.31-2023,化学品分类和标签规范 第31部分：化学品作业场所警示性标志,ACTIVE,2023-11-27,2024-06-01,/国家市场监督管理总局  ;  /国家标准化管理委员会,/全国危险化学品管理标准化技术委员会,/危险化学品管理/分类、标志,,标准,,,,国家标准,
STD_GB_T_21617_2023,standard,GB/T 21617-2023,危险品 固体氧化性试验方法,ACTIVE,2023-11-27,2024-06-01,/国家市场监督管理总局  ;  /国家标准化管理委员会,/全国危险化学品管理标准化技术委员会,/危险化学品管理/危害性测定,,标准,替代  GB/T 21617-2008;,,,国家标准,
STD_GB_T_20603_2023,standard,GB/T 20603-2023,冷冻轻烃流体 液化天然气的取样,ACTIVE,2023-12-28,2024-04-01,/国家市场监督管理总局  ;  /国家标准化管理委员会,/全国天然气标准化技术委员会,/危险化学品管理/危害性测定,,标准,替代  GB/T 20603-2006;,,,国家标准,
STD_GB_T_42368_2023,standard,GB/T 42368-2023,高温高压条件下可燃气体（蒸气）爆炸极限测定方法,ACTIVE,2023-03-17,2023-10-01,/国家市场监督管理总局  ;  /国家标准化管理委员会,/全国危险化学品管理标准化技术委员会,/危险化学品管理/危害性测定,,标准,,,,国家标准,
STD_GB_T_51455_2023,standard,GB/T 51455-2023,城镇燃气输配工程施工及验收标准,ACTIVE,2023-05-23,2023-09-01,/住房和城乡建设部  ;  /国家市场监督管理总局,/住房和城乡建设部,/工程建设  ;  /危险化学品管理/城镇燃气,,标准,替代  CJJ 33-2005;,,,国家标准,
STD_GB_T_41777_2022,standard,GB/T 41777-2022,法庭科学 爆炸物爆炸威力检验方法,ACTIVE,2022-10-12,2023-02-01,/国家市场监督管理总局  ;  /国家标准化管理委员会,/全国刑事技术标准化技术委员会,/危险化学品管理/民用爆炸品,,标准,,,,国家标准,
STD_GB_T_41774_2022,standard,GB/T 41774-2022,法庭科学 爆炸装置鉴定规程,ACTIVE,2022-10-12,2023-02-01,/国家市场监督管理总局  ;  /国家标准化管理委员会,/全国刑事技术标准化技术委员会,/危险化学品管理/民用爆炸品,,标准,,,,国家标准,
STD_GB_T_41775_2022,standard,GB/T 41775-2022,法庭科学 爆炸物鉴定术语,ACTIVE,2022-10-12,2023-02-01,/国家市场监督管理总局  ;  /国家标准化管理委员会,/全国刑事技术标准化技术委员会,/危险化学品管理/民用爆炸品,,标准,,,,国家标准,
STD_GB_T_41644_2022,standard,GB/T 41644-2022,烟花爆竹 检验检测方法,ACTIVE,2022-07-11,2023-02-01,/国家市场监督管理总局  ;  /国家标准化管理委员会,/全国烟花爆竹标准化技术委员会,/危险化学品管理/烟花爆竹,,标准,,,,国家标准,
STD_GB_T_41693_2022,standard,GB/T 41693-2022,高关注化学物质评估判定导则,ACTIVE,2022-10-12,2022-10-12,/国家市场监督管理总局  ;  /国家标准化管理委员会,/全国危险化学品管理标准化技术委员会,/危险化学品管理/安全管理要求,,标准,,,,国家标准,
STD_GB_T_40640.3_2021,standard,GB/T 40640.3-2021,化学品管理信息化 第3部分：电子标签应用,ACTIVE,2021-10-11,2022-06-01,/国家市场监督管理总局  ;  /国家标准化管理委员会,/全国危险化学品管理标准化技术委员会,/危险化学品管理/安全管理要求,,标准,,,,国家标准,
STD_GB_T_261_2021,standard,GB/T 261-2021,闪点的测定 宾斯基-马丁闭口杯法,ACTIVE,2021-10-11,2022-05-01,/国家市场监督管理总局  ;  /国家标准化管理委员会,/全国石油产品和润滑剂标准化技术委员会,/危险化学品管理/危害性测定,,标准,替代  GB/T 261-2008;,,,国家标准,
STD_GB_19268_2021,standard,GB 19268-2021,固体氰化物包装,ACTIVE,2021-04-30,2022-05-01,/国家市场监督管理总局  ;  /国家标准化管理委员会,/全国危险化学品管理标准化技术委员会,/危险化学品管理/包装,,标准,替代  GB 19268-2003;,,,国家标准,
STD_GB_T_40640.5_2021,standard,GB/T 40640.5-2021,化学品管理信息化 第5部分：化学品数据中心,ACTIVE,2021-10-11,2022-05-01,/国家市场监督管理总局  ;  /国家标准化管理委员会,/全国危险化学品管理标准化技术委员会,/危险化学品管理/安全管理要求,,标准,,,,国家标准,
STD_GB_T_40640.4_2021,standard,GB/T 40640.4-2021,化学品管理信息化 第4部分：化学品定位系统通用规范,ACTIVE,2021-10-11,2022-05-01,/国家市场监督管理总局  ;  /国家标准化管理委员会,/全国危险化学品管理标准化技术委员会,/危险化学品管理/安全管理要求,,标准,,,,国家标准,
STD_GB_T_40640.2_2021,standard,GB/T 40640.2-2021,化学品管理信息化 第2部分：信息安全,ACTIVE,2021-10-11,2022-05-01,/国家市场监督管理总局  ;  /国家标准化管理委员会,/全国危险化学品管理标准化技术委员会,/危险化学品管理/安全管理要求,,标准,,,,国家标准,
STD_GB_T_40640.1_2021,standard,GB/T 40640.1-2021,化学品管理信息化 第1部分：数据交换,ACTIVE,2021-10-11,2022-05-01,/国家市场监督管理总局  ;  /国家标准化管理委员会,/全国危险化学品管理标准化技术委员会,/危险化学品管理/安全管理要求,,标准,,,,国家标准,
STD_GB_T_39996_2021,standard,GB/T 39996-2021,烟花爆竹 烟火药发热量的测定,ACTIVE,2021-04-30,2021-11-01,/国家市场监督管理总局  ;  /国家标准化管理委员会,/全国烟花爆竹标准化技术委员会,/危险化学品管理/烟花爆竹,,标准,,,,国家标准,
STD_GB_39176_2020,standard,GB 39176-2020,稀土产品的包装、标志、运输和贮存,ACTIVE,2020-07-23,2021-08-01,/国家市场监督管理总局  ;  /国家标准化管理委员会,/工业和信息化部,/危险化学品管理/包装,,标准,,,,国家标准,
STD_GB_T_39090_2020,standard,GB/T 39090-2020,危险品绝热储存试验方法,ACTIVE,2020-09-29,2021-04-01,/国家市场监督管理总局  ;  /国家标准化管理委员会,/全国危险化学品管理标准化技术委员会,/危险化学品管理/危害性测定,,标准,,,,国家标准,
STD_GB_T_39093_2020,standard,GB/T 39093-2020,危险品热积累储存试验方法,ACTIVE,2020-09-29,2021-04-01,/国家市场监督管理总局  ;  /国家标准化管理委员会,/全国危险化学品管理标准化技术委员会,/危险化学品管理/危害性测定,,标准,,,,国家标准,
STD_GB_T_38721_2020,standard,GB/T 38721-2020,烟花爆竹 混药设备通用技术要求,ACTIVE,2020-04-28,2020-11-01,/国家市场监督管理总局  ;  /国家标准化管理委员会,/全国烟花爆竹标准化技术委员会,/危险化学品管理/烟花爆竹  ;  /原料及产品/火工产品,,标准,,,,国家标准,
STD_GB_50028_2006(2020年版),standard,GB 50028-2006(2020年版),城镇燃气设计规范（2020版）,ACTIVE,2020-04-09,2020-06-01,/住房和城乡建设部  ;  /国家质量监督检验检疫总局,/住房和城乡建设部,/设计、总图布置/建筑及总体设计  ;  /危险化学品管理/城镇燃气,,标准,"替代  GB 50028-2006;
自《燃气工程项目规范》GB 55009-2021实施之日起，该标准相关强制性条文第3.2.1（1）、3.2.2、3.2.3、6.1.6、6.3.1、6.3.2、6.3.3、6.3.8、6.3.11（2、4）、6.3.13、6.3.15（1、3）、6.4.4（2）、6.4.11、6.4.12、6.4.13、6.5.3、6.5.4、6.5.5（2、3、4）、6.5.7（5）、6.5.12（2、3、6）、6.5.13、6.5.19（1、2）、6.5.20、6.5.22、6.6.2（6）、6.6.3、6.6.10（2、5、7）、6.7.1、9.2.4、9.2.5、9.2.10、9.3.2、9.4.2、9.4.13、9.4.16、9.5.5、9.6.3、10.2.1、10.2.7（3）、10.2.14（1）、10.2.21（2、3、4）、10.2.23、10.2.24、10.2.26、10.3.2（2）、10.4.2、10.4.4（4）、10.5.3（1、3、5）、10.5.7、10.6.2、10.6.6、10.6.7、10.7.1、10.7.3、10.7.6（1）条（款）同时废止。;",,,国家标准,
STD_GB_T_38040_2019,standard,GB/T 38040-2019,烟花爆竹运输默认分类表,ACTIVE,2019-10-18,2020-05-01,/国家市场监督管理总局  ;  /国家标准化管理委员会,/全国烟花爆竹标准化技术委员会,/危险化学品管理/烟花爆竹  ;  /交通运输安全,,标准,,,,国家标准,
STD_GB_T_38229_2019,standard,GB/T 38229-2019,磷酸三甲苯酯危险特性分类方法,ACTIVE,2019-10-18,2020-05-01,/国家市场监督管理总局  ;  /国家标准化管理委员会,/全国危险化学品管理标准化技术委员会,/危险化学品管理/危害性测定  ;  /化学化工检测检验/检测检验,,标准,,,,国家标准,
STD_GB_T_38141_2019,standard,GB/T 38141-2019,烟花爆竹 烘干系统技术要求,ACTIVE,2019-10-18,2020-05-01,/国家市场监督管理总局  ;  /国家标准化管理委员会,/全国烟花爆竹标准化技术委员会,/危险化学品管理/烟花爆竹  ;  /原料及产品/火工产品,,标准,,,,国家标准,
STD_GB_T_38316_2019,standard,GB/T 38316-2019,有机过氧化物和自反应物质作功能力的试验方法,ACTIVE,2019-12-10,2020-04-01,/国家市场监督管理总局  ;  /国家标准化管理委员会,/全国危险化学品管理标准化技术委员会,/危险化学品管理/危害性测定  ;  /化学化工检测检验/检测检验,,标准,,,,国家标准,
STD_GB_T_38298_2019,standard,GB/T 38298-2019,固体化学品自动点火温度的试验方法,ACTIVE,2019-12-10,2020-04-01,/国家市场监督管理总局  ;  /国家标准化管理委员会,/全国危险化学品管理标准化技术委员会,/危险化学品管理/危害性测定,,标准,,,,国家标准,
STD_GB_T_38301_2019,standard,GB/T 38301-2019,可燃气体或蒸气极限氧浓度测定方法,ACTIVE,2019-12-10,2020-04-01,/国家市场监督管理总局  ;  /国家标准化管理委员会,/全国消防标准化技术委员会,/危险化学品管理/危害性测定  ;  /化学化工检测检验/检测检验,,标准,,,,国家标准,
STD_GB_T_21242_2019,standard,GB/T 21242-2019,烟花爆竹 禁限用物质定性检测方法,ACTIVE,2019-08-30,2020-03-01,/国家市场监督管理总局  ;  /国家标准化管理委员会,/全国烟花爆竹标准化技术委员会,/危险化学品管理/烟花爆竹  ;  /化学化工检测检验/检测检验,,标准,替代  GB/T 21242-2007;,,,国家标准,
STD_GB_T_16430_2018,standard,GB/T 16430-2018,粉尘层最低着火温度测定方法,ACTIVE,2018-12-28,2019-07-01,/国家市场监督管理总局  ;  /国家标准化管理委员会,/全国安全生产标准化技术委员会,/危险化学品管理/危害性测定,,标准,"替代  GB/T 16430-1996;
被  GB/T 16425-2025  替代;",,,国家标准,
STD_GB_T_16425_2018,standard,GB/T 16425-2018,粉尘云爆炸下限浓度测定方法,ACTIVE,2018-12-28,2019-07-01,/国家市场监督管理总局  ;  /国家标准化管理委员会,/全国安全生产标准化技术委员会,/危险化学品管理/危害性测定,,标准,"替代  GB/T 16425-1996;
被  GB/T 16425-2025  替代;",,,国家标准,
STD_GB_T_37104_2018,standard,GB/T 37104-2018,包装 触摸危险警示 要求,ACTIVE,2018-12-28,2019-07-01,/国家市场监督管理总局  ;  /国家标准化管理委员会,/全国残疾人康复和专用设备标准化技术委员会,/危险化学品管理/包装,,标准,,,,国家标准,
STD_GB_50089_2018,standard,GB 50089-2018,民用爆炸物品工程设计安全标准,ACTIVE,2018-07-10,2019-03-01,/住房和城乡建设部  ;  /国家市场监督管理总局,/住房和城乡建设部,/设计、总图布置/建筑及总体设计  ;  /危险化学品管理/民用爆炸品  ;  /原料及产品/火工产品,,标准,替代  GB 50089-2007;,,,国家标准,
STD_GB_T_13611_2018,standard,GB/T 13611-2018,城镇燃气分类和基本特性,ACTIVE,2018-03-15,2019-02-01,/国家标准化管理委员会  ;  /国家质量监督检验检疫总局,/住房和城乡建设部,/危险化学品管理/城镇燃气,,标准,替代  GB/T 13611-2006;,,,国家标准,
STD_GB_T_325.1_2018,standard,GB/T 325.1-2018,包装容器 钢桶 第1部分：通用技术要求,ACTIVE,2018-05-14,2018-12-01,/国家市场监督管理总局  ;  /国家标准化管理委员会,/全国包装标准化技术委员会,/危险化学品管理/包装,,标准,替代  GB/T 325.1-2008;,,,国家标准,
STD_GB_T_34710.3_2018,standard,GB/T 34710.3-2018,混合气体的分类 第3部分：可燃性分类,ACTIVE,2018-02-06,2018-09-01,/国家标准化管理委员会  ;  /国家质量监督检验检疫总局,/全国气体标准化技术委员会混合气体分技术委员会,/危险化学品管理/分类、标志  ;  /原料及产品/工业气体与化学气体,,标准,,,,国家标准,
STD_GB_T_34710.2_2018,standard,GB/T 34710.2-2018,混合气体的分类 第2部分：腐蚀性分类,ACTIVE,2018-02-06,2018-09-01,/国家标准化管理委员会  ;  /国家质量监督检验检疫总局,/全国气体标准化技术委员会混合气体分技术委员会,/危险化学品管理/分类、标志  ;  /原料及产品/工业气体与化学气体,,标准,,,,国家标准,
STD_GB_T_35929_2018,standard,GB/T 35929-2018,包装 触摸危险标识 要求,ACTIVE,2018-02-06,2018-09-01,/国家标准化管理委员会  ;  /国家质量监督检验检疫总局,/全国危险化学品管理标准化技术委员会,/危险化学品管理/包装  ;  /交通运输安全,,标准,,,,国家标准,
STD_GB_T_35761_2017,standard,GB/T 35761-2017,烟花爆竹用油墨（漆）中重金属含量的测试方法,ACTIVE,2017-12-29,2018-07-01,/国家标准化管理委员会  ;  /国家质量监督检验检疫总局,/全国烟花爆竹标准化技术委员会,/危险化学品管理/烟花爆竹  ;  /化学化工检测检验/检测检验,,标准,,,,国家标准,
STD_GB_T_35757_2017,standard,GB/T 35757-2017,烟花爆竹 黏土,ACTIVE,2017-12-29,2018-07-01,/国家标准化管理委员会  ;  /国家质量监督检验检疫总局,/全国烟花爆竹标准化技术委员会,/危险化学品管理/烟花爆竹  ;  /原料及产品/火工产品,,标准,,,,国家标准,
STD_GB_T_35760_2017,standard,GB/T 35760-2017,烟花爆竹 高氯酸钾,ACTIVE,2017-12-29,2018-07-01,/国家标准化管理委员会  ;  /国家质量监督检验检疫总局,/全国烟花爆竹标准化技术委员会,/危险化学品管理/烟花爆竹  ;  /原料及产品/火工产品,,标准,,,,国家标准,
STD_GB_T_35756_2017,standard,GB/T 35756-2017,烟花爆竹 规格与命名,ACTIVE,2017-12-29,2018-07-01,/国家标准化管理委员会  ;  /国家质量监督检验检疫总局,/全国烟花爆竹标准化技术委员会,/危险化学品管理/烟花爆竹  ;  /原料及产品/火工产品,,标准,,,,国家标准,
STD_GB_T_35750_2017,standard,GB/T 35750-2017,烟花爆竹 炭粉,ACTIVE,2017-12-29,2018-07-01,/国家标准化管理委员会  ;  /国家质量监督检验检疫总局,/全国烟花爆竹标准化技术委员会,/危险化学品管理/烟花爆竹  ;  /原料及产品/火工产品,,标准,,,,国家标准,
STD_GB_T_34710.1_2017,standard,GB/T 34710.1-2017,混合气体的分类 第1部分：毒性分类,ACTIVE,2017-11-01,2018-05-01,/国家标准化管理委员会  ;  /国家质量监督检验检疫总局,/全国气体标准化技术委员会混合气体分技术委员会,/危险化学品管理/分类、标志  ;  /原料及产品/工业气体与化学气体,,标准,,,,国家标准,
STD_GB_T_34708_2017,standard,GB/T 34708-2017,化学品风险评估通则,ACTIVE,2017-11-01,2018-05-01,/国家标准化管理委员会  ;  /国家质量监督检验检疫总局,/全国危险化学品管理标准化技术委员会,/通用安全管理/风险管理  ;  /危险化学品管理/安全管理要求,,标准,,,,国家标准,
STD_GB_T_34714_2017,standard,GB/T 34714-2017,化学品GHS标签和安全技术说明书的可理解性测试方法,ACTIVE,2017-11-01,2018-05-01,/国家标准化管理委员会  ;  /国家质量监督检验检疫总局,/全国危险化学品管理标准化技术委员会,/危险化学品管理/危害性测定  ;  /化学化工检测检验/检测检验,,标准,,,,国家标准,
STD_GB_T_22511_2017,standard,GB/T 22511-2017,化工产品包装用铝瓶,ACTIVE,2017-09-29,2018-04-01,/国家标准化管理委员会  ;  /国家质量监督检验检疫总局,/全国包装标准化技术委员会,/危险化学品管理/包装,,标准,替代  GB/T 22511-2008;,,,国家标准,
STD_GB_T_31516_2015,standard,GB/T 31516-2015,邻苯二甲酸酐危险特性分类方法,ACTIVE,2015-05-15,2015-12-01,/国家标准化管理委员会  ;  /国家质量监督检验检疫总局,/全国危险化学品管理标准化技术委员会,/危险化学品管理/危害性测定  ;  /化学化工检测检验/检测检验,,标准,,,,国家标准,
STD_GB_T_31514_2015,standard,GB/T 31514-2015,四氢化邻苯二甲酸酐危险特性分类方法,ACTIVE,2015-05-15,2015-12-01,/国家标准化管理委员会  ;  /国家质量监督检验检疫总局,/全国危险化学品管理标准化技术委员会,/危险化学品管理/危害性测定  ;  /化学化工检测检验/检测检验,,标准,,,,国家标准,
STD_GB_T_14659_2015,standard,GB/T 14659-2015,民用爆破器材术语,ACTIVE,2015-05-15,2015-11-01,/国家标准化管理委员会  ;  /国家质量监督检验检疫总局,/工业和信息化部民爆器材标准化技术委员会,/危险化学品管理/民用爆炸品  ;  /原料及产品/火工产品,,标准,"替代  GB/T 14659-2003;
国家标准2023年第19号公告：复审继续有效。;",,,国家标准,
STD_GB_T_31270.6_2014,standard,GB/T 31270.6-2014,化学农药环境安全评价试验准则 第6部分：挥发性试验,ACTIVE,2014-10-10,2015-03-11,/国家标准化管理委员会  ;  /国家质量监督检验检疫总局,/农业农村部,/危险化学品管理/危害性测定  ;  /原料及产品/化肥、农药,,标准,,,,国家标准,
STD_GB_T_31270.3_2014,standard,GB/T 31270.3-2014,化学农药环境安全评价试验准则 第3部分：光解试验,ACTIVE,2014-10-10,2015-03-11,/国家标准化管理委员会  ;  /国家质量监督检验检疫总局,/农业农村部,/危险化学品管理/危害性测定  ;  /原料及产品/化肥、农药,,标准,被GB/T 31270.22-2025部分替代。;,,,国家标准,
STD_GB_T_31270.21_2014,standard,GB/T 31270.21-2014,化学农药环境安全评价试验准则 第21部分：大型甲壳类生物毒性试验,ACTIVE,2014-10-10,2015-03-11,/国家标准化管理委员会  ;  /国家质量监督检验检疫总局,/农业农村部,/危险化学品管理/危害性测定  ;  /原料及产品/化肥、农药,,标准,,,,国家标准,
STD_GB_T_31270.20_2014,standard,GB/T 31270.20-2014,化学农药环境安全评价试验准则 第20部分：家畜短期饲喂毒性试验,ACTIVE,2014-10-10,2015-03-11,/国家标准化管理委员会  ;  /国家质量监督检验检疫总局,/农业农村部,/危险化学品管理/危害性测定  ;  /原料及产品/化肥、农药,,标准,,,,国家标准,
STD_GB_T_31270.19_2014,standard,GB/T 31270.19-2014,化学农药环境安全评价试验准则 第19部分：非靶标植物影响试验,ACTIVE,2014-10-10,2015-03-11,/国家标准化管理委员会  ;  /国家质量监督检验检疫总局,/农业农村部,/危险化学品管理/危害性测定  ;  /原料及产品/化肥、农药,,标准,,,,国家标准,
STD_GB_T_31270.18_2014,standard,GB/T 31270.18-2014,化学农药环境安全评价试验准则 第18部分：天敌两栖类急性毒性试验,ACTIVE,2014-10-10,2015-03-11,/国家标准化管理委员会  ;  /国家质量监督检验检疫总局,/农业农村部,/危险化学品管理/危害性测定  ;  /原料及产品/化肥、农药,,标准,,,,国家标准,
STD_GB_30000.9_2013,standard,GB 30000.9-2013,化学品分类和标签规范 第9部分：自反应物质和混合物,ACTIVE,2013-10-10,2014-11-01,/国家标准化管理委员会  ;  /国家质量监督检验检疫总局,/全国危险化学品管理标准化技术委员会,/危险化学品管理/分类、标志,,标准,替代  GB 20583-2006;,,,国家标准,
STD_GB_30000.8_2013,standard,GB 30000.8-2013,化学品分类和标签规范 第8部分：易燃固体,ACTIVE,2013-10-10,2014-11-01,/国家标准化管理委员会  ;  /国家质量监督检验检疫总局,/全国危险化学品管理标准化技术委员会,/危险化学品管理/分类、标志,,标准,替代  GB 20582-2006;,,,国家标准,
STD_GB_30000.7_2013,standard,GB 30000.7-2013,化学品分类和标签规范 第7部分：易燃液体,ACTIVE,2013-10-10,2014-11-01,/国家标准化管理委员会  ;  /国家质量监督检验检疫总局,/全国危险化学品管理标准化技术委员会,/危险化学品管理/分类、标志,,标准,替代  GB 20581-2006;,,,国家标准,
STD_GB_30000.6_2013,standard,GB 30000.6-2013,化学品分类和标签规范 第6部分：加压气体,ACTIVE,2013-10-10,2014-11-01,/国家标准化管理委员会  ;  /国家质量监督检验检疫总局,/全国危险化学品管理标准化技术委员会,/危险化学品管理/分类、标志,,标准,替代  GB 20580-2006;,,,国家标准,
STD_GB_30000.5_2013,standard,GB 30000.5-2013,化学品分类和标签规范 第5部分：氧化性气体,ACTIVE,2013-10-10,2014-11-01,/国家标准化管理委员会  ;  /国家质量监督检验检疫总局,/全国危险化学品管理标准化技术委员会,/危险化学品管理/分类、标志,,标准,替代  GB 20579-2006;,,,国家标准,
STD_GB_30000.4_2013,standard,GB 30000.4-2013,化学品分类和标签规范 第4部分：气溶胶,ACTIVE,2013-10-10,2014-11-01,/国家标准化管理委员会  ;  /国家质量监督检验检疫总局,/全国危险化学品管理标准化技术委员会,/危险化学品管理/分类、标志,,标准,替代  GB 20578-2006;,,,国家标准,
STD_GB_30000.3_2013,standard,GB 30000.3-2013,化学品分类和标签规范 第3部分：易燃气体,ACTIVE,2013-10-10,2014-11-01,/国家标准化管理委员会  ;  /国家质量监督检验检疫总局,/全国危险化学品管理标准化技术委员会,/危险化学品管理/分类、标志,,标准,替代  GB 20577-2006;,,,国家标准,
STD_GB_30000.2_2013,standard,GB 30000.2-2013,化学品分类和标签规范 第2部分：爆炸物,ACTIVE,2013-10-10,2014-11-01,/国家标准化管理委员会  ;  /国家质量监督检验检疫总局,/全国危险化学品管理标准化技术委员会,/危险化学品管理/分类、标志,,标准,替代  GB 20576-2006;,,,国家标准,
STD_GB_30000.29_2013,standard,GB 30000.29-2013,化学品分类和标签规范 第29部分：对臭氧层的危害,ACTIVE,2013-10-10,2014-11-01,/国家标准化管理委员会  ;  /国家质量监督检验检疫总局,/全国危险化学品管理标准化技术委员会,/危险化学品管理/分类、标志,,标准,,,,国家标准,
STD_GB_30000.28_2013,standard,GB 30000.28-2013,化学品分类和标签规范 第28部分：对水生环境的危害,ACTIVE,2013-10-10,2014-11-01,/国家标准化管理委员会  ;  /国家质量监督检验检疫总局,/全国危险化学品管理标准化技术委员会,/危险化学品管理/分类、标志,,标准,替代  GB 20602-2006;,,,国家标准,
STD_GB_30000.27_2013,standard,GB 30000.27-2013,化学品分类和标签规范 第27部分：吸入危害,ACTIVE,2013-10-10,2014-11-01,/国家标准化管理委员会  ;  /国家质量监督检验检疫总局,/全国危险化学品管理标准化技术委员会,/危险化学品管理/分类、标志,,标准,,,,国家标准,
STD_GB_30000.26_2013,standard,GB 30000.26-2013,化学品分类和标签规范 第26部分：特异性靶器官毒性 反复接触,ACTIVE,2013-10-10,2014-11-01,/国家标准化管理委员会  ;  /国家质量监督检验检疫总局,/全国危险化学品管理标准化技术委员会,/危险化学品管理/分类、标志,,标准,替代  GB 20601-2006;,,,国家标准,
STD_GB_30000.25_2013,standard,GB 30000.25-2013,化学品分类和标签规范 第25部分: 特异性靶器官毒性 一次接触,ACTIVE,2013-10-10,2014-11-01,/国家标准化管理委员会  ;  /国家质量监督检验检疫总局,/全国危险化学品管理标准化技术委员会,/危险化学品管理/分类、标志,,标准,替代  GB 20599-2006;,,,国家标准,
STD_GB_30000.24_2013,standard,GB 30000.24-2013,化学品分类和标签规范 第24部分：生殖毒性,ACTIVE,2013-10-10,2014-11-01,/国家标准化管理委员会  ;  /国家质量监督检验检疫总局,/全国危险化学品管理标准化技术委员会,/危险化学品管理/分类、标志,,标准,替代  GB 20598-2006;,,,国家标准,
STD_GB_30000.23_2013,standard,GB 30000.23-2013,化学品分类和标签规范 第23部分：致癌性,ACTIVE,2013-10-10,2014-11-01,/国家标准化管理委员会  ;  /国家质量监督检验检疫总局,/全国危险化学品管理标准化技术委员会,/危险化学品管理/分类、标志,,标准,替代  GB 20597-2006;,,,国家标准,
STD_GB_30000.22_2013,standard,GB 30000.22-2013,化学品分类和标签规范 第22部分：生殖细胞致突变性,ACTIVE,2013-10-10,2014-11-01,/国家标准化管理委员会  ;  /国家质量监督检验检疫总局,/全国危险化学品管理标准化技术委员会,/危险化学品管理/分类、标志,,标准,替代  GB 20596-2006;,,,国家标准,
STD_GB_30000.21_2013,standard,GB 30000.21-2013,化学品分类和标签规范 第21部分：呼吸道或皮肤致敏,ACTIVE,2013-10-10,2014-11-01,/国家标准化管理委员会  ;  /国家质量监督检验检疫总局,/全国危险化学品管理标准化技术委员会,/危险化学品管理/分类、标志,,标准,替代  GB 20595-2006;,,,国家标准,
STD_GB_30000.20_2013,standard,GB 30000.20-2013,化学品分类和标签规范 第20部分：严重眼损伤/眼刺激,ACTIVE,2013-10-10,2014-11-01,/国家标准化管理委员会  ;  /国家质量监督检验检疫总局,/全国危险化学品管理标准化技术委员会,/危险化学品管理/分类、标志,,标准,替代  GB 20594-2006;,,,国家标准,
STD_GB_30000.19_2013,standard,GB 30000.19-2013,化学品分类和标签规范 第19部分：皮肤腐蚀/刺激,ACTIVE,2013-10-10,2014-11-01,/国家标准化管理委员会  ;  /国家质量监督检验检疫总局,/全国危险化学品管理标准化技术委员会,/危险化学品管理/分类、标志,,标准,替代  GB 20593-2006;,,,国家标准,
STD_GB_30000.18_2013,standard,GB 30000.18-2013,化学品分类和标签规范 第18部分：急性毒性,ACTIVE,2013-10-10,2014-11-01,/国家标准化管理委员会  ;  /国家质量监督检验检疫总局,/全国危险化学品管理标准化技术委员会,/危险化学品管理/分类、标志,,标准,替代  GB 20592-2006;,,,国家标准,
STD_GB_30000.17_2013,standard,GB 30000.17-2013,化学品分类和标签规范 第17部分：金属腐蚀物,ACTIVE,2013-10-10,2014-11-01,/国家标准化管理委员会  ;  /国家质量监督检验检疫总局,/全国危险化学品管理标准化技术委员会,/危险化学品管理/分类、标志,,标准,替代  GB 20588-2006;,,,国家标准,
STD_GB_30000.16_2013,standard,GB 30000.16-2013,化学品分类和标签规范 第16部分：有机过氧化物,ACTIVE,2013-10-10,2014-11-01,/国家标准化管理委员会  ;  /国家质量监督检验检疫总局,/全国危险化学品管理标准化技术委员会,/危险化学品管理/分类、标志,,标准,替代  GB 20591-2006;,,,国家标准,
STD_GB_30000.15_2013,standard,GB 30000.15-2013,化学品分类和标签规范 第15部分：氧化性固体,ACTIVE,2013-10-10,2014-11-01,/国家标准化管理委员会  ;  /国家质量监督检验检疫总局,/全国危险化学品管理标准化技术委员会,/危险化学品管理/分类、标志,,标准,替代  GB 20590-2006;,,,国家标准,
STD_GB_30000.14_2013,standard,GB 30000.14-2013,化学品分类和标签规范 第14部分：氧化性液体,ACTIVE,2013-10-10,2014-11-01,/国家标准化管理委员会  ;  /国家质量监督检验检疫总局,/全国危险化学品管理标准化技术委员会,/危险化学品管理/分类、标志,,标准,替代  GB 20589-2006;,,,国家标准,
STD_GB_30000.13_2013,standard,GB 30000.13-2013,化学品分类和标签规范 第13部分：遇水放出易燃气体的物质和混合物,ACTIVE,2013-10-10,2014-11-01,/国家标准化管理委员会  ;  /国家质量监督检验检疫总局,/全国危险化学品管理标准化技术委员会,/危险化学品管理/分类、标志,,标准,替代  GB 20587-2006;,,,国家标准,
STD_GB_30000.12_2013,standard,GB 30000.12-2013,化学品分类和标签规范 第12部分：自热物质和混合物,ACTIVE,2013-10-10,2014-11-01,/国家标准化管理委员会  ;  /国家质量监督检验检疫总局,/全国危险化学品管理标准化技术委员会,/危险化学品管理/分类、标志,,标准,替代  GB 20584-2006;,,,国家标准,
STD_GB_30000.11_2013,standard,GB 30000.11-2013,化学品分类和标签规范 第11部分：自燃固体,ACTIVE,2013-10-10,2014-11-01,/国家标准化管理委员会  ;  /国家质量监督检验检疫总局,/全国危险化学品管理标准化技术委员会,/危险化学品管理/分类、标志,,标准,替代  GB 20586-2006;,,,国家标准,
STD_GB_30000.10_2013,standard,GB 30000.10-2013,化学品分类和标签规范 第10部分：自燃液体,ACTIVE,2013-10-10,2014-11-01,/国家标准化管理委员会  ;  /国家质量监督检验检疫总局,/全国危险化学品管理标准化技术委员会,/危险化学品管理/分类、标志,,标准,替代  GB 20585-2006;,,,国家标准,
STD_GB_T_29879_2013,standard,GB/T 29879-2013,硝酸铵类物质危险特性分类方法,ACTIVE,2013-11-12,2014-05-01,/国家标准化管理委员会  ;  /国家质量监督检验检疫总局,/全国危险化学品管理标准化技术委员会,/危险化学品管理/危害性测定  ;  /化学化工检测检验/检测检验,,标准,,,,国家标准,
STD_GB_T_29878_2013,standard,GB/T 29878-2013,硝化纤维素类物质危险特性分类方法,ACTIVE,2013-11-12,2014-05-01,/国家标准化管理委员会  ;  /国家质量监督检验检疫总局,/全国危险化学品管理标准化技术委员会,/危险化学品管理/危害性测定  ;  /化学化工检测检验/检测检验,,标准,,,,国家标准,
STD_GB_T_29877_2013,standard,GB/T 29877-2013,硝化甘油类物质危险特性分类方法,ACTIVE,2013-11-12,2014-05-01,/国家标准化管理委员会  ;  /国家质量监督检验检疫总局,/全国危险化学品管理标准化技术委员会,/危险化学品管理/危害性测定  ;  /化学化工检测检验/检测检验,,标准,,,,国家标准,
STD_GB_T_29880_2013,standard,GB/T 29880-2013,乙胺水溶液物质危险特性分类方法,ACTIVE,2013-11-12,2014-05-01,/国家标准化管理委员会  ;  /国家质量监督检验检疫总局,/全国危险化学品管理标准化技术委员会,/危险化学品管理/危害性测定  ;  /化学化工检测检验/检测检验,,标准,,,,国家标准,
STD_GB_T_17519_2013,standard,GB/T 17519-2013,化学品安全技术说明书编写指南,ACTIVE,2013-09-06,2014-01-31,/国家标准化管理委员会  ;  /国家质量监督检验检疫总局,/全国化学标准化技术委员会,/危险化学品管理/分类、标志,,标准,替代  GB/T 17519.2-2003;,,,国家标准,
STD_GB_15346_2012,standard,GB 15346-2012,化学试剂 包装及标志,ACTIVE,2012-12-31,2013-10-01,/国家标准化管理委员会  ;  /国家质量监督检验检疫总局,/全国化学标准化技术委员会化学试剂分技术委员会,/危险化学品管理/包装,,标准,替代  GB 15346-1994;,,,国家标准,
STD_GB_28644.3_2012,standard,GB 28644.3-2012,有机过氧化物分类及品名表,ACTIVE,2012-07-31,2012-12-01,/国家标准化管理委员会  ;  /国家质量监督检验检疫总局,/全国危险化学品管理标准化技术委员会,/危险化学品管理/分类、标志,,标准,,,,国家标准,
STD_GB_28645.2_2012,standard,GB 28645.2-2012,危险品检验安全规范 密封蓄电池,ACTIVE,2012-07-31,2012-12-01,/国家标准化管理委员会  ;  /国家质量监督检验检疫总局,/全国危险化学品管理标准化技术委员会,/危险化学品管理/危害性测定,,标准,,,,国家标准,
STD_GB_28645.1_2012,standard,GB 28645.1-2012,危险品检验安全规范 化学氧气发生器,ACTIVE,2012-07-31,2012-12-01,/国家标准化管理委员会  ;  /国家质量监督检验检疫总局,/全国危险化学品管理标准化技术委员会,/危险化学品管理/危害性测定,,标准,,,,国家标准,
STD_GB_11652_2012,standard,GB 11652-2012,烟花爆竹作业安全技术规程,ACTIVE,2012-07-31,2012-09-01,/国家标准化管理委员会  ;  /国家质量监督检验检疫总局,/全国安全生产标准化技术委员会,/通用安全管理/作业安全  ;  /危险化学品管理/烟花爆竹,,标准,替代  GB 11652-1989;,,,国家标准,
STD_GB_T_27839_2011,standard,GB/T 27839-2011,肼水溶液类物质危险特性分类方法,ACTIVE,2011-12-30,2012-08-01,/国家标准化管理委员会  ;  /国家质量监督检验检疫总局,/全国危险化学品管理标准化技术委员会,/危险化学品管理/危害性测定  ;  /化学化工检测检验/检测检验,,标准,,,,国家标准,
STD_GB_T_27847_2011,standard,GB/T 27847-2011,石油产品 闪点测定 阿贝尔-宾斯基闭口杯法,ACTIVE,2011-12-30,2012-08-01,/国家标准化管理委员会  ;  /国家质量监督检验检疫总局,/全国危险化学品管理标准化技术委员会,/危险化学品管理/危害性测定  ;  /化学化工检测检验/检测检验,,标准,,,,国家标准,
STD_GB_T_27837_2011,standard,GB/T 27837-2011,甲酸及其混合物危险特性分类方法,ACTIVE,2011-12-30,2012-08-01,/国家标准化管理委员会  ;  /国家质量监督检验检疫总局,/全国危险化学品管理标准化技术委员会,/危险化学品管理/危害性测定  ;  /化学化工检测检验/检测检验,,标准,,,,国家标准,
STD_GB_T_27838_2011,standard,GB/T 27838-2011,烷基磺酸和芳基磺酸类物质危险特性分类方法,ACTIVE,2011-12-30,2012-08-01,/国家标准化管理委员会  ;  /国家质量监督检验检疫总局,/全国危险化学品管理标准化技术委员会,/危险化学品管理/危害性测定  ;  /化学化工检测检验/检测检验,,标准,,,,国家标准,
STD_GB_T_27848_2011,standard,GB/T 27848-2011,液态沥青和稀释沥青 闪点测定 阿贝尔闭口杯法,ACTIVE,2011-12-30,2012-08-01,/国家标准化管理委员会  ;  /国家质量监督检验检疫总局,/全国危险化学品管理标准化技术委员会,/危险化学品管理/危害性测定  ;  /化学化工检测检验/检测检验,,标准,,,,国家标准,
STD_GB_27834_2011,standard,GB 27834-2011,危险化学品自反应物质包装规范,ACTIVE,2011-12-30,2012-08-01,/国家标准化管理委员会  ;  /国家质量监督检验检疫总局,/全国危险化学品管理标准化技术委员会,/危险化学品管理/包装,,标准,,,,国家标准,
STD_GB_27833_2011,standard,GB 27833-2011,危险化学品有机过氧化物包装规范,ACTIVE,2011-12-30,2012-08-01,/国家标准化管理委员会  ;  /国家质量监督检验检疫总局,/全国危险化学品管理标准化技术委员会,/危险化学品管理/包装  ;  /原料及产品/有机化工原料,,标准,,,,国家标准,
STD_GB_T_27862_2011,standard,GB/T 27862-2011,化学品危险性分类试验方法 气体和气体混合物燃烧潜力和氧化能力,ACTIVE,2011-12-30,2012-08-01,/国家标准化管理委员会  ;  /国家质量监督检验检疫总局,/全国危险化学品管理标准化技术委员会,/危险化学品管理/危害性测定  ;  /化学化工检测检验/检测检验,,标准,,,,国家标准,
STD_GB_T_27836_2011,standard,GB/T 27836-2011,化学品危险性分类试验方法 外部火烧（篝火）试验,ACTIVE,2011-12-30,2012-08-01,/国家标准化管理委员会  ;  /国家质量监督检验检疫总局,/全国危险化学品管理标准化技术委员会,/危险化学品管理/危害性测定  ;  /化学化工检测检验/检测检验,,标准,,,,国家标准,
STD_GB_T_27835_2011,standard,GB/T 27835-2011,化学品危险性分类试验方法 12m跌落试验,ACTIVE,2011-12-30,2012-08-01,/国家标准化管理委员会  ;  /国家质量监督检验检疫总局,/全国危险化学品管理标准化技术委员会,/危险化学品管理/危害性测定  ;  /化学化工检测检验/检测检验,,标准,,,,国家标准,
STD_GB_T_27602_2011,standard,GB/T 27602-2011,工业电雷管射频感度测定,ACTIVE,2011-12-05,2012-05-01,/国家标准化管理委员会  ;  /国家质量监督检验检疫总局,/工业和信息化部民爆器材标准化技术委员会,/危险化学品管理/危害性测定  ;  /原料及产品/火工产品,,标准,,,,国家标准,
STD_GB_T_26073_2010,standard,GB/T 26073-2010,有毒与可燃性气体检测系统安全评价导则,ACTIVE,2011-01-10,2011-10-01,/国家标准化管理委员会  ;  /国家质量监督检验检疫总局,/全国半导体设备和材料标准化技术委员会气体分技术委员会,/仪表安全  ;  /危险化学品管理/危害性测定,,标准,,,,国家标准,
STD_GB_T_25035_2010,standard,GB/T 25035-2010,城镇燃气用二甲醚,ACTIVE,2010-09-02,2011-07-01,/国家标准化管理委员会  ;  /国家质量监督检验检疫总局,/住房和城乡建设部,/危险化学品管理/城镇燃气  ;  /原料及产品/有机化工原料,,标准,"强制性转化为推荐性标准,其文本不做任何调整（中华人民共和国国家标准批准发布公告2017年第7号）;",,,国家标准,
STD_GB_26447_2010,standard,GB 26447-2010,危险货物运输 能够自持分解的硝酸铵化肥的分类程序、试验方法和判据,ACTIVE,2011-01-14,2011-07-01,/国家标准化管理委员会  ;  /国家质量监督检验检疫总局,/全国危险化学品管理标准化技术委员会,/危险化学品管理/危害性测定  ;  /交通运输安全,,标准,,,,国家标准,
STD_GB_26448_2010,standard,GB 26448-2010,危险货物运输 炸药中间体（ANE）的敏感性试验方法和判据,ACTIVE,2011-01-14,2011-07-01,/国家标准化管理委员会  ;  /国家质量监督检验检疫总局,/全国危险化学品管理标准化技术委员会,/危险化学品管理/危害性测定  ;  /交通运输安全,,标准,,,,国家标准,
STD_GB_T_26196_2010,standard,GB/T 26196-2010,烟花爆竹 烟火药中碳含量的测定 高频-红外吸收法,ACTIVE,2011-01-14,2011-06-01,/国家标准化管理委员会  ;  /国家质量监督检验检疫总局,/全国烟花爆竹标准化技术委员会,/危险化学品管理/烟花爆竹  ;  /化学化工检测检验/检测检验,,标准,,,,国家标准,
STD_GB_T_26195_2010,standard,GB/T 26195-2010,烟花爆竹 烟火药中砷的测定,ACTIVE,2011-01-14,2011-06-01,/国家标准化管理委员会  ;  /国家质量监督检验检疫总局,/全国烟花爆竹标准化技术委员会,/危险化学品管理/烟花爆竹  ;  /化学化工检测检验/检测检验,,标准,,,,国家标准,
STD_GB_T_15814.1_2010,standard,GB/T 15814.1-2010,烟花爆竹烟火药成分定性测定,ACTIVE,2011-01-14,2011-06-01,/国家标准化管理委员会  ;  /国家质量监督检验检疫总局,/全国烟花爆竹标准化技术委员会,/危险化学品管理/烟花爆竹  ;  /化学化工检测检验/检测检验,,标准,替代  GB/T 15814.1-1995;,,,国家标准,
STD_GB_T_26198_2010,standard,GB/T 26198-2010,烟花爆竹用铁粉,ACTIVE,2011-01-14,2011-06-01,/国家标准化管理委员会  ;  /国家质量监督检验检疫总局,/全国烟花爆竹标准化技术委员会,/危险化学品管理/烟花爆竹  ;  /原料及产品/火工产品,,标准,,,,国家标准,
STD_GB_T_26197_2010,standard,GB/T 26197-2010,烟花爆竹用硫化锑,ACTIVE,2011-01-14,2011-06-01,/国家标准化管理委员会  ;  /国家质量监督检验检疫总局,/全国烟花爆竹标准化技术委员会,/危险化学品管理/烟花爆竹  ;  /原料及产品/火工产品,,标准,,,,国家标准,
STD_GB_T_325.2_2010,standard,GB/T 325.2-2010,包装容器 钢桶 第2部分：最小总容量208L、210L和216.5L全开口钢桶,ACTIVE,2010-09-26,2011-03-01,/国家标准化管理委员会  ;  /国家质量监督检验检疫总局,/全国包装标准化技术委员会,/危险化学品管理/包装,,标准,,,,国家标准,
STD_GB_T_24776_2009,standard,GB/T 24776-2009,化学物质分组和交叉参照法,ACTIVE,2009-12-15,2010-07-01,/国家标准化管理委员会  ;  /国家质量监督检验检疫总局,/全国危险化学品管理标准化技术委员会,/危险化学品管理/危害性测定,,标准,,,,国家标准,
STD_GB_T_24778_2009,standard,GB/T 24778-2009,化学品鉴别指南,ACTIVE,2009-12-15,2010-07-01,/国家标准化管理委员会  ;  /国家质量监督检验检疫总局,/全国危险化学品管理标准化技术委员会,/危险化学品管理/危害性测定  ;  /化学化工检测检验/检测检验,,标准,,,,国家标准,
STD_GB_T_24775_2009,standard,GB/T 24775-2009,化学品安全评定规程,ACTIVE,2009-12-15,2010-07-01,/国家标准化管理委员会  ;  /国家质量监督检验检疫总局,/全国危险化学品管理标准化技术委员会,/危险化学品管理/分类、标志,,标准,,,,国家标准,
STD_GB_19454_2009,standard,GB 19454-2009,危险货物便携式罐体检验安全规范,ACTIVE,2009-06-21,2010-05-01,/国家标准化管理委员会  ;  /国家质量监督检验检疫总局,/全国危险化学品管理标准化技术委员会,/危险化学品管理/包装,,标准,"替代  GB 19454.1-2004,GB 19454.2-2004,GB 19454.3-2004;",,,国家标准,
STD_GB_15258_2009,standard,GB 15258-2009,化学品安全标签编写规定,ACTIVE,2009-06-21,2010-05-01,/国家标准化管理委员会  ;  /国家质量监督检验检疫总局,/全国危险化学品管理标准化技术委员会,/危险化学品管理/分类、标志,,标准,替代  GB 15258-1999;,,,国家标准,
STD_GB_T_23955_2009,standard,GB/T 23955-2009,化学品命名通则,ACTIVE,2009-06-02,2010-02-01,/国家标准化管理委员会  ;  /国家质量监督检验检疫总局,/全国化学标准化技术委员会,/危险化学品管理/安全管理要求,,标准,,,,国家标准,
STD_GB_T_22928_2008,standard,GB/T 22928-2008,烟花爆竹用纸,ACTIVE,2008-12-30,2009-09-01,/国家标准化管理委员会  ;  /国家质量监督检验检疫总局,/全国造纸工业标准化技术委员会,/危险化学品管理/烟花爆竹,,标准,,,,国家标准,
STD_GB_T_22787_2008,standard,GB/T 22787-2008,烟花爆竹用冰晶石关键指标的测定,ACTIVE,2008-12-30,2009-09-01,/国家标准化管理委员会  ;  /国家质量监督检验检疫总局,/全国烟花爆竹标准化技术委员会,/危险化学品管理/烟花爆竹  ;  /化学化工检测检验/检测检验,,标准,,,,国家标准,
STD_GB_T_22786_2008,standard,GB/T 22786-2008,烟花爆竹用高氯酸钾关键指标的测定,ACTIVE,2008-12-30,2009-09-01,/国家标准化管理委员会  ;  /国家质量监督检验检疫总局,/全国烟花爆竹标准化技术委员会,/危险化学品管理/烟花爆竹  ;  /化学化工检测检验/检测检验,,标准,,,,国家标准,
STD_GB_T_22785_2008,standard,GB/T 22785-2008,烟花爆竹用铝粉关键指标的测定,ACTIVE,2008-12-30,2009-09-01,/国家标准化管理委员会  ;  /国家质量监督检验检疫总局,/全国烟花爆竹标准化技术委员会,/危险化学品管理/烟花爆竹  ;  /化学化工检测检验/检测检验,,标准,,,,国家标准,
STD_GB_T_22784_2008,standard,GB/T 22784-2008,烟花爆竹用铝镁合金粉关键指标的测定,ACTIVE,2008-12-30,2009-09-01,/国家标准化管理委员会  ;  /国家质量监督检验检疫总局,/全国烟花爆竹标准化技术委员会,/危险化学品管理/烟花爆竹  ;  /化学化工检测检验/检测检验,,标准,,,,国家标准,
STD_GB_T_22783_2008,standard,GB/T 22783-2008,烟花爆竹用硝酸钾关键指标的测定,ACTIVE,2008-12-30,2009-09-01,/国家标准化管理委员会  ;  /国家质量监督检验检疫总局,/全国烟花爆竹标准化技术委员会,/危险化学品管理/烟花爆竹  ;  /化学化工检测检验/检测检验,,标准,,,,国家标准,
STD_GB_T_22782_2008,standard,GB/T 22782-2008,烟花爆竹用氧化铜关键指标的测定,ACTIVE,2008-12-30,2009-09-01,/国家标准化管理委员会  ;  /国家质量监督检验检疫总局,/全国烟花爆竹标准化技术委员会,/危险化学品管理/烟花爆竹  ;  /化学化工检测检验/检测检验,,标准,,,,国家标准,
STD_GB_T_22781_2008,standard,GB/T 22781-2008,烟花爆竹用钛粉关键指标的测定,ACTIVE,2008-12-30,2009-09-01,/国家标准化管理委员会  ;  /国家质量监督检验检疫总局,/全国烟花爆竹标准化技术委员会,/危险化学品管理/烟花爆竹  ;  /化学化工检测检验/检测检验,,标准,,,,国家标准,
STD_GB_T_22809_2008,standard,GB/T 22809-2008,烟花爆竹 安全性能检测规程,ACTIVE,2008-12-30,2009-09-01,/国家标准化管理委员会  ;  /国家质量监督检验检疫总局,/全国烟花爆竹标准化技术委员会,/危险化学品管理/烟花爆竹,,标准,,,,国家标准,
STD_GB_19160_2008,standard,GB 19160-2008,包装容器 危险品包装用塑料罐,ACTIVE,2008-09-18,2009-09-01,/国家标准化管理委员会  ;  /国家质量监督检验检疫总局,/全国危险化学品管理标准化技术委员会,/危险化学品管理/包装,,标准,替代  GB 19160-2003;,,,国家标准,
STD_GB_18191_2008,standard,GB 18191-2008,包装容器 危险品包装用塑料桶,ACTIVE,2008-09-18,2009-09-01,/国家标准化管理委员会  ;  /国家质量监督检验检疫总局,/全国危险化学品管理标准化技术委员会,/危险化学品管理/包装,,标准,替代  GB 18191-2000;,,,国家标准,
STD_GB_12662_2008,standard,GB 12662-2008,爆炸物解体器,ACTIVE,2008-09-24,2009-08-01,/国家标准化管理委员会  ;  /国家质量监督检验检疫总局,/全国安全防范报警系统标准化技术委员会,/危险化学品管理/民用爆炸品,,标准,替代  GB 12662-1990;,,,国家标准,
STD_GB_T_14492_2008,standard,GB/T 14492-2008,一次性使用电石包装钢桶,ACTIVE,2008-08-04,2009-04-01,/国家标准化管理委员会  ;  /国家质量监督检验检疫总局,/全国危险化学品管理标准化技术委员会,/危险化学品管理/包装  ;  /原料及产品/无机化工原料,,标准,替代  GB/T 14492-1993;,,,国家标准,
STD_GB_13042_2008,standard,GB 13042-2008,包装容器 铁质气雾罐,ACTIVE,2008-07-30,2009-03-01,/国家标准化管理委员会  ;  /国家质量监督检验检疫总局,/全国包装标准化技术委员会,/危险化学品管理/包装,,标准,替代  GB 13042-1998;,,,国家标准,
STD_GB_T_12474_2008,standard,GB/T 12474-2008,空气中可燃气体爆炸极限测定方法,ACTIVE,2008-06-26,2009-03-01,/国家标准化管理委员会  ;  /国家质量监督检验检疫总局,/全国消防标准化技术委员会基础标准分技术委员会,/危险化学品管理/危害性测定  ;  /化学化工检测检验/检测检验,,标准,替代  GB/T 12474-1990;,,,国家标准,
STD_GB_T_803_2008,standard,GB/T 803-2008,空气中可燃气体爆炸指数测定方法,ACTIVE,2008-06-26,2009-03-01,/国家标准化管理委员会  ;  /国家质量监督检验检疫总局,/全国消防标准化技术委员会基础标准分技术委员会,/危险化学品管理/危害性测定  ;  /化学化工检测检验/检测检验,,标准,"替代  GB/T 803-1989;
被  GB/T 803-2026  替代;",,,国家标准,
STD_GB_T_22233_2008,standard,GB/T 22233-2008,化学品潜在危险性相关标准术语,ACTIVE,2008-06-19,2009-02-01,/国家标准化管理委员会  ;  /国家质量监督检验检疫总局,/全国危险化学品管理标准化技术委员会,/通用安全管理/风险管理  ;  /危险化学品管理/安全管理要求,,标准,,,,国家标准,
STD_GB_T_16483_2008,standard,GB/T 16483-2008,化学品安全技术说明书 内容和项目顺序,ACTIVE,2008-06-18,2009-02-01,/国家标准化管理委员会  ;  /国家质量监督检验检疫总局,/全国化学标准化技术委员会,/危险化学品管理/分类、标志,,标准,"替代  GB/T 17519.1-1998,GB 16483-2000;",,,国家标准,
STD_GB_T_22225_2008,standard,GB/T 22225-2008,化学品危险性评价通则,ACTIVE,2008-06-19,2009-02-01,/国家标准化管理委员会  ;  /国家质量监督检验检疫总局,/全国危险化学品管理标准化技术委员会,/通用安全管理/风险管理  ;  /危险化学品管理/安全管理要求,,标准,,,,国家标准,
STD_GB_T_21596_2008,standard,GB/T 21596-2008,危险品 便携式罐体压力试验方法,ACTIVE,2008-04-01,2008-09-01,/国家标准化管理委员会  ;  /国家质量监督检验检疫总局,/全国危险化学品管理标准化技术委员会,/危险化学品管理/危害性测定,,标准,,,,国家标准,
STD_GB_T_21579_2008,standard,GB/T 21579-2008,危险品 时间/压力试验方法,ACTIVE,2008-04-01,2008-09-01,/国家标准化管理委员会  ;  /国家质量监督检验检疫总局,/全国危险化学品管理标准化技术委员会,/危险化学品管理/危害性测定,,标准,,,,国家标准,
STD_GB_T_21792_2008,standard,GB/T 21792-2008,闪燃和非闪燃测定 闭杯平衡法,ACTIVE,2008-05-12,2008-09-01,/国家标准化管理委员会  ;  /国家质量监督检验检疫总局,/全国危险化学品管理标准化技术委员会,/危险化学品管理/危害性测定  ;  /化学化工检测检验/检测检验,,标准,,,,国家标准,
STD_GB_T_21775_2008,standard,GB/T 21775-2008,闪点的测定 闭杯平衡法,ACTIVE,2008-05-12,2008-09-01,/国家标准化管理委员会  ;  /国家质量监督检验检疫总局,/全国危险化学品管理标准化技术委员会,/危险化学品管理/危害性测定  ;  /化学化工检测检验/检测检验,,标准,国家标准2023年第19号公告：复审继续有效。;,,,国家标准,
STD_GB_T_21791_2008,standard,GB/T 21791-2008,石油产品自燃温度测定法,ACTIVE,2008-05-12,2008-09-01,/国家标准化管理委员会  ;  /国家质量监督检验检疫总局,/全国危险化学品管理标准化技术委员会,/危险化学品管理/危害性测定,,标准,国家标准2023年第19号公告：复审继续有效。;,,,国家标准,
STD_GB_T_21243_2007,standard,GB/T 21243-2007,烟花爆竹危险等级分类方法,ACTIVE,2007-12-05,2008-09-01,/国家标准化管理委员会  ;  /国家质量监督检验检疫总局,/全国烟花爆竹标准化技术委员会,/危险化学品管理/烟花爆竹  ;  /原料及产品/火工产品,,标准,,,,国家标准,
STD_GB_T_21860_2008,standard,GB/T 21860-2008,液体化学品自燃温度的试验方法,ACTIVE,2008-05-12,2008-09-01,/国家标准化管理委员会  ;  /国家质量监督检验检疫总局,/全国危险化学品管理标准化技术委员会,/危险化学品管理/危害性测定  ;  /化学化工检测检验/检测检验,,标准,国家标准2023年第19号公告：复审继续有效。;,,,国家标准,
STD_GB_T_21929_2008,standard,GB/T 21929-2008,泰格闭口杯闪点测定法,ACTIVE,2008-06-06,2008-09-01,/国家标准化管理委员会  ;  /国家质量监督检验检疫总局,/全国危险化学品管理标准化技术委员会,/危险化学品管理/危害性测定,,标准,国家标准2023年第19号公告：复审继续有效。;,,,国家标准,
STD_GB_T_21756_2008,standard,GB/T 21756-2008,工业用途的化学产品 固体物质相对自燃温度的测定,ACTIVE,2008-05-12,2008-09-01,/国家标准化管理委员会  ;  /国家质量监督检验检疫总局,/全国危险化学品管理标准化技术委员会,/危险化学品管理/危害性测定,,标准,国家标准2023年第19号公告：复审继续有效。;,,,国家标准,
STD_GB_T_21847_2008,standard,GB/T 21847-2008,工业用化工产品 气体可燃性的确定,ACTIVE,2008-05-12,2008-09-01,/国家标准化管理委员会  ;  /国家质量监督检验检疫总局,/全国危险化学品管理标准化技术委员会,/危险化学品管理/危害性测定  ;  /化学化工检测检验/检测检验,,标准,国家标准2023年第19号公告：复审继续有效。;,,,国家标准,
STD_GB_T_21846_2008,standard,GB/T 21846-2008,工业用化工产品 固体可燃性的确定,ACTIVE,2008-05-12,2008-09-01,/国家标准化管理委员会  ;  /国家质量监督检验检疫总局,/全国危险化学品管理标准化技术委员会,/危险化学品管理/危害性测定  ;  /化学化工检测检验/检测检验,,标准,国家标准2023年第19号公告：复审继续有效。;,,,国家标准,
STD_GB_T_21848_2008,standard,GB/T 21848-2008,工业用化学品 爆炸危险性的确定,ACTIVE,2008-05-12,2008-09-01,/国家标准化管理委员会  ;  /国家质量监督检验检疫总局,/全国危险化学品管理标准化技术委员会,/危险化学品管理/危害性测定  ;  /化学化工检测检验/检测检验,,标准,国家标准2023年第19号公告：复审继续有效。;,,,国家标准,
STD_GB_T_21849_2008,standard,GB/T 21849-2008,工业用化学品 固体和液体水解产生的气体可燃性的确定,ACTIVE,2008-05-12,2008-09-01,/国家标准化管理委员会  ;  /国家质量监督检验检疫总局,/全国危险化学品管理标准化技术委员会,/危险化学品管理/危害性测定  ;  /化学化工检测检验/检测检验,,标准,国家标准2023年第19号公告：复审继续有效。;,,,国家标准,
STD_GB_T_21582_2008,standard,GB/T 21582-2008,危险品 雷管敏感度试验方法,ACTIVE,2008-04-01,2008-09-01,/国家标准化管理委员会  ;  /国家质量监督检验检疫总局,/全国危险化学品管理标准化技术委员会,/危险化学品管理/危害性测定,,标准,,,,国家标准,
STD_GB_T_21621_2008,standard,GB/T 21621-2008,危险品 金属腐蚀性试验方法,ACTIVE,2008-04-01,2008-09-01,/国家标准化管理委员会  ;  /国家质量监督检验检疫总局,/全国危险化学品管理标准化技术委员会,/危险化学品管理/危害性测定,,标准,,,,国家标准,
STD_GB_T_21613_2008,standard,GB/T 21613-2008,危险品 自加速分解温度试验方法,ACTIVE,2008-04-01,2008-09-01,/国家标准化管理委员会  ;  /国家质量监督检验检疫总局,/全国危险化学品管理标准化技术委员会,/危险化学品管理/危害性测定,,标准,,,,国家标准,
STD_GB_T_21571_2008,standard,GB/T 21571-2008,危险品 爆燃转爆轰试验方法,ACTIVE,2008-04-01,2008-09-01,/国家标准化管理委员会  ;  /国家质量监督检验检疫总局,/全国危险化学品管理标准化技术委员会,/危险化学品管理/危害性测定,,标准,,,,国家标准,
STD_GB_T_21567_2008,standard,GB/T 21567-2008,危险品 爆炸品撞击感度试验方法,ACTIVE,2008-04-01,2008-09-01,/国家标准化管理委员会  ;  /国家质量监督检验检疫总局,/全国危险化学品管理标准化技术委员会,/危险化学品管理/危害性测定,,标准,,,,国家标准,
STD_GB_T_21566_2008,standard,GB/T 21566-2008,危险品 爆炸品摩擦感度试验方法,ACTIVE,2008-04-01,2008-09-01,/国家标准化管理委员会  ;  /国家质量监督检验检疫总局,/全国危险化学品管理标准化技术委员会,/危险化学品管理/危害性测定,,标准,,,,国家标准,
STD_GB_T_21620_2008,standard,GB/T 21620-2008,危险品 液体氧化性试验方法,ACTIVE,2008-04-01,2008-09-01,/国家标准化管理委员会  ;  /国家质量监督检验检疫总局,/全国危险化学品管理标准化技术委员会,/危险化学品管理/危害性测定,,标准,,,,国家标准,
STD_GB_T_21575_2008,standard,GB/T 21575-2008,危险品 极不敏感引爆物质的雷管试验方法,ACTIVE,2008-04-01,2008-09-01,/国家标准化管理委员会  ;  /国家质量监督检验检疫总局,/全国危险化学品管理标准化技术委员会,/危险化学品管理/危害性测定,,标准,,,,国家标准,
STD_GB_T_21576_2008,standard,GB/T 21576-2008,危险品 极不敏感引爆物质的隔板试验方法,ACTIVE,2008-04-01,2008-09-01,/国家标准化管理委员会  ;  /国家质量监督检验检疫总局,/全国危险化学品管理标准化技术委员会,/危险化学品管理/危害性测定,,标准,,,,国家标准,
STD_GB_T_21577_2008,standard,GB/T 21577-2008,危险品 极不敏感引爆物质的脆性试验方法,ACTIVE,2008-04-01,2008-09-01,/国家标准化管理委员会  ;  /国家质量监督检验检疫总局,/全国危险化学品管理标准化技术委员会,/危险化学品管理/危害性测定,,标准,,,,国家标准,
STD_GB_T_21627_2008,standard,GB/T 21627-2008,危险品 极不敏感引爆物质的缓慢升温试验方法,ACTIVE,2008-04-01,2008-09-01,/国家标准化管理委员会  ;  /国家质量监督检验检疫总局,/全国危险化学品管理标准化技术委员会,/危险化学品管理/危害性测定,,标准,,,,国家标准,
STD_GB_T_21625_2008,standard,GB/T 21625-2008,危险品 极不敏感引爆物质的子弹撞击试验方法,ACTIVE,2008-04-01,2008-09-01,/国家标准化管理委员会  ;  /国家质量监督检验检疫总局,/全国危险化学品管理标准化技术委员会,/危险化学品管理/危害性测定,,标准,,,,国家标准,
STD_GB_T_21626_2008,standard,GB/T 21626-2008,危险品 极不敏感引爆物质的外部火烧试验方法,ACTIVE,2008-04-01,2008-09-01,/国家标准化管理委员会  ;  /国家质量监督检验检疫总局,/全国危险化学品管理标准化技术委员会,/危险化学品管理/危害性测定,,标准,,,,国家标准,
STD_GB_T_21623_2008,standard,GB/T 21623-2008,危险品 易燃黏性液体黏度试验方法,ACTIVE,2008-04-01,2008-09-01,/国家标准化管理委员会  ;  /国家质量监督检验检疫总局,/全国危险化学品管理标准化技术委员会,/危险化学品管理/危害性测定,,标准,国家标准2023年第19号公告：复审继续有效。;,,,国家标准,
STD_GB_T_21624_2008,standard,GB/T 21624-2008,危险品 易燃黏性液体溶剂分离试验方法,ACTIVE,2008-04-01,2008-09-01,/国家标准化管理委员会  ;  /国家质量监督检验检疫总局,/全国危险化学品管理标准化技术委员会,/危险化学品管理/危害性测定,,标准,国家标准2023年第19号公告：复审继续有效。;,,,国家标准,
STD_GB_T_21615_2008,standard,GB/T 21615-2008,危险品 易燃液体闭杯闪点试验方法,ACTIVE,2008-04-01,2008-09-01,/国家标准化管理委员会  ;  /国家质量监督检验检疫总局,/全国危险化学品管理标准化技术委员会,/危险化学品管理/危害性测定,,标准,,,,国家标准,
STD_GB_T_21616_2008,standard,GB/T 21616-2008,危险品 易燃液体蒸汽压力试验方法,ACTIVE,2008-04-01,2008-09-01,/国家标准化管理委员会  ;  /国家质量监督检验检疫总局,/全国危险化学品管理标准化技术委员会,/危险化学品管理/危害性测定,,标准,,,,国家标准,
STD_GB_T_21622_2008,standard,GB/T 21622-2008,危险品 易燃液体持续燃烧试验方法,ACTIVE,2008-04-01,2008-09-01,/国家标准化管理委员会  ;  /国家质量监督检验检疫总局,/全国危险化学品管理标准化技术委员会,/危险化学品管理/危害性测定,,标准,国家标准2023年第19号公告：复审继续有效。;,,,国家标准,
STD_GB_T_21619_2008,standard,GB/T 21619-2008,危险品 易燃固体遇水放出易燃气体试验方法,ACTIVE,2008-04-01,2008-09-01,/国家标准化管理委员会  ;  /国家质量监督检验检疫总局,/全国危险化学品管理标准化技术委员会,/危险化学品管理/危害性测定,,标准,,,,国家标准,
STD_GB_T_21611_2008,standard,GB/T 21611-2008,危险品 易燃固体自燃试验方法,ACTIVE,2008-04-01,2008-09-01,/国家标准化管理委员会  ;  /国家质量监督检验检疫总局,/全国危险化学品管理标准化技术委员会,/危险化学品管理/危害性测定,,标准,,,,国家标准,
STD_GB_T_21612_2008,standard,GB/T 21612-2008,危险品 易燃固体自热试验方法,ACTIVE,2008-04-01,2008-09-01,/国家标准化管理委员会  ;  /国家质量监督检验检疫总局,/全国危险化学品管理标准化技术委员会,/危险化学品管理/危害性测定,,标准,,,,国家标准,
STD_GB_T_21618_2008,standard,GB/T 21618-2008,危险品 易燃固体燃烧速率试验方法,ACTIVE,2008-04-01,2008-09-01,/国家标准化管理委员会  ;  /国家质量监督检验检疫总局,/全国危险化学品管理标准化技术委员会,/危险化学品管理/危害性测定,,标准,,,,国家标准,
STD_GB_T_21580_2008,standard,GB/T 21580-2008,危险品 小型燃烧试验方法,ACTIVE,2008-04-01,2008-09-01,/国家标准化管理委员会  ;  /国家质量监督检验检疫总局,/全国危险化学品管理标准化技术委员会,/危险化学品管理/危害性测定,,标准,,,,国家标准,
STD_GB_T_21630_2008,standard,GB/T 21630-2008,危险品 喷雾剂点燃距离试验方法,ACTIVE,2008-04-01,2008-09-01,/国家标准化管理委员会  ;  /国家质量监督检验检疫总局,/全国危险化学品管理标准化技术委员会,/危险化学品管理/危害性测定,,标准,,,,国家标准,
STD_GB_T_21632_2008,standard,GB/T 21632-2008,危险品 喷雾剂泡沫可燃性试验方法,ACTIVE,2008-04-01,2008-09-01,/国家标准化管理委员会  ;  /国家质量监督检验检疫总局,/全国危险化学品管理标准化技术委员会,/危险化学品管理/危害性测定,,标准,,,,国家标准,
STD_GB_T_21631_2008,standard,GB/T 21631-2008,危险品 喷雾剂封闭空间点燃试验方法,ACTIVE,2008-04-01,2008-09-01,/国家标准化管理委员会  ;  /国家质量监督检验检疫总局,/全国危险化学品管理标准化技术委员会,/危险化学品管理/危害性测定,,标准,,,,国家标准,
STD_GB_T_21629_2008,standard,GB/T 21629-2008,危险品 1.6项物品的子弹撞击试验方法,ACTIVE,2008-04-01,2008-09-01,/国家标准化管理委员会  ;  /国家质量监督检验检疫总局,/全国危险化学品管理标准化技术委员会,/危险化学品管理/危害性测定,,标准,,,,国家标准,
STD_GB_T_21628_2008,standard,GB/T 21628-2008,危险品 1.6项物品的外部火烧试验方法,ACTIVE,2008-04-01,2008-09-01,/国家标准化管理委员会  ;  /国家质量监督检验检疫总局,/全国危险化学品管理标准化技术委员会,/危险化学品管理/危害性测定,,标准,,,,国家标准,
STD_GB_T_21572_2008,standard,GB/T 21572-2008,危险品 1.5项物品的外部火烧试验方法,ACTIVE,2008-04-01,2008-09-01,/国家标准化管理委员会  ;  /国家质量监督检验检疫总局,/全国危险化学品管理标准化技术委员会,/危险化学品管理/危害性测定,,标准,,,,国家标准,
STD_GB_T_21850_2008,standard,GB/T 21850-2008,化工产品 固体和液体自燃性的确定,ACTIVE,2008-05-12,2008-09-01,/国家标准化管理委员会  ;  /国家质量监督检验检疫总局,/全国危险化学品管理标准化技术委员会,/危险化学品管理/危害性测定  ;  /化学化工检测检验/检测检验,,标准,国家标准2023年第19号公告：复审继续有效。;,,,国家标准,
STD_GB_T_21844_2008,standard,GB/T 21844-2008,化合物(蒸气和气体)易燃性浓度限值的标准试验方法,ACTIVE,2008-05-12,2008-09-01,/国家标准化管理委员会  ;  /国家质量监督检验检疫总局,/全国危险化学品管理标准化技术委员会,/危险化学品管理/危害性测定,,标准,国家标准2023年第19号公告：复审继续有效。;,,,国家标准,
STD_GB_T_21281_2007,standard,GB/T 21281-2007,危险化学品鱼类急性毒性分级试验方法,ACTIVE,2007-12-13,2008-07-01,/国家标准化管理委员会  ;  /国家质量监督检验检疫总局,/全国危险化学品管理标准化技术委员会,/危险化学品管理/危害性测定,,标准,,,,国家标准,
STD_GB_T_21279_2007,standard,GB/T 21279-2007,危险化学品包装液压试验方法,ACTIVE,2007-12-13,2008-07-01,/国家标准化管理委员会  ;  /国家质量监督检验检疫总局,/全国危险化学品管理标准化技术委员会,/危险化学品管理/包装,,标准,,,,国家标准,
STD_GB_21178_2007,standard,GB 21178-2007,自反应物质和有机过氧化物分类程序,ACTIVE,2007-11-20,2008-06-01,/国家市场监督管理总局  ;  /国家标准化管理委员会,/全国危险化学品管理标准化技术委员会,/危险化学品管理/分类、标志,,标准,,,,国家标准,
STD_GB_T_5332_2007,standard,GB/T 5332-2007,可燃液体和气体引燃温度试验方法,ACTIVE,2007-07-02,2008-01-01,/国家标准化管理委员会  ;  /国家质量监督检验检疫总局,/全国消防标准化技术委员会基础标准分技术委员会,/危险化学品管理/危害性测定  ;  /化学化工检测检验/检测检验,,标准,替代  GB/T 5332-1985;,,,国家标准,
STD_GB_T_20211_2006,standard,GB/T 20211-2006,烟花爆竹用钛粉,ACTIVE,2006-03-10,2006-10-01,/国家标准化管理委员会  ;  /国家质量监督检验检疫总局,/全国烟花爆竹标准化技术委员会,/危险化学品管理/烟花爆竹,,标准,,,,国家标准,
STD_GB_20208_2006,standard,GB 20208-2006,烟花爆竹 礼花弹发射炮筒,ACTIVE,2006-03-10,2006-10-01,/国家标准化管理委员会  ;  /国家质量监督检验检疫总局,/全国烟花爆竹标准化技术委员会,/危险化学品管理/烟花爆竹,,标准,,,,国家标准,
STD_GB_19521.11_2005,standard,GB 19521.11-2005,锂电池组危险货物危险特性检验安全规范,ACTIVE,2005-10-19,2006-05-01,/国家标准化管理委员会  ;  /国家质量监督检验检疫总局,/全国危险化学品管理标准化技术委员会,/危险化学品管理/危害性测定,,标准,,,,国家标准,
STD_GB_19595_2004,standard,GB 19595-2004,烟花爆竹 引火线,ACTIVE,2004-10-25,2005-03-01,/国家标准化管理委员会  ;  /国家质量监督检验检疫总局,/全国烟花爆竹标准化技术委员会,/危险化学品管理/烟花爆竹  ;  /原料及产品/火工产品,,标准,GB 19595-2004/XG1-2005第一号修改单修改部分内容;,,,国家标准,
STD_GB_19455_2004,standard,GB 19455-2004,民用爆炸品危险货物危险特性检验安全规范,ACTIVE,2004-03-04,2004-10-01,/国家标准化管理委员会  ;  /国家质量监督检验检疫总局,/全国危险化学品管理标准化技术委员会,/危险化学品管理/民用爆炸品  ;  /交通运输安全  ;  /化学化工检测检验/检测检验,,标准,,,,国家标准,
STD_GB_19434.3_2004,standard,GB 19434.3-2004,危险货物木质中型散装容器检验安全规范 性能检验,ACTIVE,2004-01-16,2004-07-01,/国家标准化管理委员会  ;  /国家质量监督检验检疫总局,/全国危险化学品管理标准化技术委员会,/危险化学品管理/包装  ;  /交通运输安全,,标准,,,,国家标准,
STD_GB_19434.4_2004,standard,GB 19434.4-2004,危险货物柔性中型散装容器检验安全规范 性能检验,ACTIVE,2004-01-16,2004-07-01,/国家标准化管理委员会  ;  /国家质量监督检验检疫总局,/全国危险化学品管理标准化技术委员会,/危险化学品管理/包装  ;  /交通运输安全,,标准,,,,国家标准,
STD_GB_19434.5_2004,standard,GB 19434.5-2004,危险货物金属中型散装容器检验安全规范 性能检验,ACTIVE,2004-01-16,2004-07-01,/国家标准化管理委员会  ;  /国家质量监督检验检疫总局,/全国危险化学品管理标准化技术委员会,/危险化学品管理/包装  ;  /交通运输安全,,标准,,,,国家标准,
STD_GB_19434.6_2004,standard,GB 19434.6-2004,危险货物复合中型散装容器检验安全规范 性能检验,ACTIVE,2004-01-16,2004-07-01,/国家标准化管理委员会  ;  /国家质量监督检验检疫总局,/全国危险化学品管理标准化技术委员会,/危险化学品管理/包装  ;  /交通运输安全,,标准,,,,国家标准,
STD_GB_19434.7_2004,standard,GB 19434.7-2004,危险货物纤维板中型散装容器检验安全规范 性能检验,ACTIVE,2004-01-16,2004-07-01,/国家标准化管理委员会  ;  /国家质量监督检验检疫总局,/全国危险化学品管理标准化技术委员会,/危险化学品管理/包装  ;  /交通运输安全,,标准,,,,国家标准,
STD_GB_19434.8_2004,standard,GB 19434.8-2004,危险货物刚性塑料中型散装容器检验安全规范,ACTIVE,2004-01-16,2004-07-01,/国家标准化管理委员会  ;  /国家质量监督检验检疫总局,/全国危险化学品管理标准化技术委员会,/危险化学品管理/包装  ;  /交通运输安全,,标准,,,,国家标准,
STD_GB_19358_2003,standard,GB 19358-2003,黄磷包装安全规范 使用鉴定,ACTIVE,2003-11-05,2004-06-01,/国家质量监督检验检疫总局,/全国危险化学品管理标准化技术委员会,/危险化学品管理/包装  ;  /原料及产品/无机化工原料,,标准,,,,国家标准,
STD_GB_19107_2003,standard,GB 19107-2003,次氯酸钠溶液包装要求,ACTIVE,2003-05-16,2003-06-15,/国家质量监督检验检疫总局,/全国危险化学品管理标准化技术委员会,/危险化学品管理/包装  ;  /原料及产品/有机化工原料,,标准,,,,国家标准,
STD_GB_19109_2003,standard,GB 19109-2003,次氯酸钙包装要求,ACTIVE,2003-05-16,2003-06-15,/国家质量监督检验检疫总局,/全国危险化学品管理标准化技术委员会,/危险化学品管理/包装  ;  /原料及产品/有机化工原料,,标准,,,,国家标准,
STD_GB_T_18096_2000,standard,GB/T 18096-2000,煤矿许用电雷管可燃气安全度试验方法,ACTIVE,2000-05-09,2000-07-01,/国家质量技术监督局,/中国兵器工业标准化研究所,/危险化学品管理/危害性测定  ;  /原料及产品/火工产品,,标准,,,,国家标准,
STD_GB_T_18098_2000,standard,GB/T 18098-2000,工业炸药爆炸后有毒气体含量的测定,ACTIVE,2000-05-09,2000-07-01,/国家质量技术监督局,/中国兵器工业标准化研究所,/危险化学品管理/危害性测定  ;  /化学化工检测检验/检测检验,,标准,"强制性转化为推荐性标准,其文本不做任何调整（中华人民共和国国家标准批准发布公告2017年第7号）;",,,国家标准,
STD_GB_16473_1996,standard,GB 16473-1996,黄磷包装,ACTIVE,1996-07-09,1997-01-01,/国家技术监督局,/全国包装标准化技术委员会,/危险化学品管理/包装  ;  /原料及产品/无机化工原料,,标准,,,,国家标准,
STD_GB_T_15814.3_1995,standard,GB/T 15814.3-1995,烟花爆竹药剂 热相容性试验 差热分析或差示扫描热量热法,ACTIVE,1995-12-08,1996-08-01,/国家技术监督局,/全国烟花爆竹标准化技术委员会,/危险化学品管理/烟花爆竹  ;  /化学化工检测检验/检测检验,,标准,,,,国家标准,
STD_GB_T_15814.2_1995,standard,GB/T 15814.2-1995,烟花爆竹药剂 密度测定,ACTIVE,1995-12-08,1996-08-01,/国家技术监督局,/全国烟花爆竹标准化技术委员会,/危险化学品管理/烟花爆竹  ;  /化学化工检测检验/检测检验,,标准,被  GB/T 47287-2026  替代;,,,国家标准,
STD_GB_12950_1991,standard,GB 12950-1991,地震勘探爆炸安全规程,ACTIVE,1991-06-04,1992-03-01,/国家技术监督局,/全国自然资源与国土空间规划标准化技术委员会,/通用安全管理/作业安全  ;  /危险化学品管理/民用爆炸品,,标准,被  GB 12950-2025  替代;,,,国家标准,
STD_GB_2702_1990,standard,GB 2702-1990,爆炸品保险箱,ACTIVE,1990-12-25,1991-10-01,/国家技术监督局,/国家铁路局,/危险化学品管理/包装,,标准,,,,国家标准,
STD_T_CCSAS_057_2025,standard,T/CCSAS 057-2025,化学品热稳定性的测试方法 绝热加速量热法,ACTIVE,2025-07-28,2025-07-28,/中国化学品安全协会,/中国化学品安全协会,/危险化学品管理/危害性测定,,标准,,,,团体标准,
STD_T_CCSAS_055_2025,standard,T/CCSAS 055-2025,用差示扫描量热法测定化学品热稳定性的标准试验方法,ACTIVE,2025-03-03,2025-03-03,/中国化学品安全协会,/中国化学品安全协会,/危险化学品管理/危害性测定,,标准,,,,团体标准,
STD_T_CCSAS_048_2023,standard,T/CCSAS 048-2023,危险化学品电子标签选型技术规范,ACTIVE,2023-12-25,2023-12-25,/中国化学品安全协会,/中国化学品安全协会,/危险化学品管理,,标准,,,,团体标准,
STD_T_CCSAS_047_2023,standard,T/CCSAS 047-2023,危险化学品编码与标识技术规范,ACTIVE,2023-12-25,2023-12-25,/中国化学品安全协会,/中国化学品安全协会,/危险化学品管理,,标准,,,,团体标准,
STD_T_CCSAS_022_2022,standard,T/CCSAS 022-2022,危险化学品企业泄漏管理导则,ACTIVE,2022-12-21,2022-12-21,/中国化学品安全协会,/中国化学品安全协会,/设备设施安全  ;  /危险化学品管理/安全管理要求,,标准,,,,团体标准,
STD_AQ_4124_2026,standard,,烟花爆竹用烟火药危险性分类定级,UNKNOWN,2026-06-06,2026-12-01,应急管理部,/全国安全生产标准化技术委员会烟花爆竹安全分技术委员会,/危险化学品管理/烟花爆竹,,标准,AQ/T 4124-2014,,,行业标准,
STD_AQ_4102_2026,standard,,烟花爆竹流向登记通用规范,UNKNOWN,2026-06-06,2026-12-01,应急管理部,/全国安全生产标准化技术委员会烟花爆竹安全分技术委员会,/危险化学品管理/烟花爆竹,,标准,AQ 4102-2008,,,行业标准,
STD_AQ_4127_2026,standard,,烟花爆竹工程竣工验收规范,UNKNOWN,2026-06-06,2026-12-01,应急管理部,/全国安全生产标准化技术委员会烟花爆竹安全分技术委员会,/危险化学品管理/烟花爆竹,,标准,AQ/T 4127-2018,,,行业标准,
STD_AQ_4101_2026,standard,,烟花爆竹安全生产风险监测预警技术规范,UNKNOWN,2026-06-06,2026-12-01,应急管理部,/全国安全生产标准化技术委员会烟花爆竹安全分技术委员会,/危险化学品管理/烟花爆竹,,标准,AQ 4101-2008,,,行业标准,
STD_AQ_4104_2025,standard,,烟花爆竹用烟火药安全指标,UNKNOWN,2025-10-15,2026-11-01,应急管理部,/全国安全生产标准化技术委员会烟花爆竹安全分技术委员会,/危险化学品管理/烟花爆竹,,标准,AQ 4104-2008,,,行业标准,
STD_SY_T_5857_2025,standard,,石油物探地震作业民用爆炸物品管理规范,ACTIVE,2025-09-28,2026-03-28,国家能源局,/石油工业标准化技术委员会石油工业安全专业标准化技术委员会,/危险化学品管理/民用爆炸品,,标准,SY 5857-2013,,,行业标准,
STD_AQ_4132_2025,standard,,烟花爆竹用烟火药和生产机械设备安全论证导则,ACTIVE,2025-04-17,2025-10-18,应急管理部,/全国安全生产标准化技术委员会烟花爆竹安全分技术委员会,/危险化学品管理/烟花爆竹,,标准,,,,行业标准,
STD_AQ_4115_2025,standard,,烟花爆竹防止静电危害技术规范,ACTIVE,2025-04-17,2025-10-18,应急管理部,/全国安全生产标准化技术委员会烟花爆竹安全分技术委员会,/危险化学品管理/烟花爆竹,,标准,,,,行业标准,
STD_WJ_T_9085_2024,standard,,工业电子雷管,ACTIVE,2024-12-26,2025-07-01,工业和信息化部,/工业和信息化部民用爆炸物品行业标准化技术委员会,/危险化学品管理/民用爆炸品,,标准,WJ/T 9085-2015,,,行业标准,
STD_SN_T_0306.6_2024,standard,,出口烟花爆竹检验规程 第6部分：运输危险性定级,ACTIVE,2024-12-16,2025-06-01,海关总署,/海关总署,/危险化学品管理/烟花爆竹,,标准,SN/T 0306.6-2018,,,行业标准,
STD_SN_T_0306.5_2024,standard,,出口烟花爆竹检验规程 第5部分：型式试验,ACTIVE,2024-12-16,2025-06-01,海关总署,/海关总署,/危险化学品管理/烟花爆竹,,标准,SN/T 0306.5-2018,,,行业标准,
STD_SN_T_0306.4_2024,standard,,出口烟花爆竹检验规程 第4部分：烟火药剂安全性能检验,ACTIVE,2024-12-16,2025-06-01,海关总署,/海关总署,/危险化学品管理/烟花爆竹,,标准,SN/T 0306.4-2018,,,行业标准,
STD_SN_T_0306.3_2024,standard,,出口烟花爆竹检验规程 第3部分：产品安全性检验,ACTIVE,2024-12-16,2025-06-01,海关总署,/海关总署,/危险化学品管理/烟花爆竹,,标准,SN/T 0306.3-2018,,,行业标准,
STD_SN_T_0306.2_2024,standard,,出口烟花爆竹检验规程 第2部分：产地检验,ACTIVE,2024-12-16,2025-06-01,海关总署,/海关总署,/危险化学品管理/烟花爆竹,,标准,SN/T 0306.2-2018,,,行业标准,
STD_SN_T_0306.1_2024,standard,,出口烟花爆竹检验规程 第1部分：总则,ACTIVE,2024-12-16,2025-06-01,海关总署,/海关总署,/危险化学品管理/烟花爆竹,,标准,SN/T 0306.1-2018,,,行业标准,
STD_SY_T_6273_2024,standard,,油气井用起爆器材,ACTIVE,2024-09-24,2025-03-24,国家能源局,/石油工业标准化技术委员会石油测井专业标准化委员会,/危险化学品管理/民用爆炸品,,标准,"SY/T 6791-2010,SY/T 6273-2016",,,行业标准,
STD_WJ_T_9106_2024,standard,,民用爆炸物品生产销售企业生产安全事故应急预案编制导则,ACTIVE,2024-12-10,2024-12-10,工业和信息化部,/中国兵器工业标准化研究所,/危险化学品管理/民用爆炸品,,标准,,,,行业标准,
STD_WJ_T_9105_2024,standard,,工业雷管抗弯性能试验方法,ACTIVE,2024-12-10,2024-12-10,工业和信息化部,/中国兵器工业标准化研究所,/危险化学品管理/民用爆炸品,,标准,,,,行业标准,
STD_WJ_T_9104_2024,standard,,工业雷管抗跌落性能试验方法,ACTIVE,2024-12-10,2024-12-10,工业和信息化部,/中国兵器工业标准化研究所,/危险化学品管理/民用爆炸品,,标准,,,,行业标准,
STD_WJ_T_9103_2024,standard,,工业电子雷管电压冲击测试方法,ACTIVE,2024-12-10,2024-12-10,工业和信息化部,/中国兵器工业标准化研究所,/危险化学品管理/民用爆炸品,,标准,,,,行业标准,
STD_SY_T_6753_2023,standard,,油气井用导爆索和传爆管通用技术条件,ACTIVE,2023-10-11,2024-04-11,国家能源局,/石油工业标准化技术委员会石油测井专业标准化委员会,/危险化学品管理/民用爆炸品,,标准,"SY/T 6753-2009,SY/T 6411-2014",,,行业标准,
STD_AQ_4131_2023,standard,,烟花爆竹重大危险源辨识,ACTIVE,2023-02-21,2023-08-20,应急管理部,/全国安全生产标准化技术委员会烟花爆竹安全分技术委员会,/危险化学品管理/烟花爆竹,,标准,,,,行业标准,
STD_AQ_T_4105_2023,standard,,烟花爆竹 烟火药TNT当量测定方法,ACTIVE,2023-02-21,2023-08-20,应急管理部,/全国安全生产标准化技术委员会烟花爆竹安全分技术委员会,/危险化学品管理/烟花爆竹,,标准,AQ 4105-2008,,,行业标准,
STD_SY_T_7676_2022,standard,,天然气 水合物生成温度的测定 模拟法,ACTIVE,2022-11-04,2023-05-04,国家能源局,/全国天然气标准化技术委员会,/危险化学品管理/危害性测定,,标准,,,,行业标准,
STD_SN_T_5273_2020,standard,,进出口危险化学品 磷酸三甲苯酯危险特性分类方法,ACTIVE,2020-08-27,2021-03-01,海关总署,/海关总署,/危险化学品管理/分类、标志;/危险化学品管理/危害性测定,,标准,,,,行业标准,
STD_SN_T_1828.9_2019,standard,,进出口危险货物分类试验方法 第9部分：毒性物质,ACTIVE,2019-10-25,2020-05-01,海关总署,/海关总署,/危险化学品管理/分类、标志;/危险化学品管理/危害性测定;/化学化工检测检验/检测检验,,标准,SN/T 1828.9-2013,,,行业标准,
STD_SN_T_1828.8_2019,standard,,进出口危险货物分类试验方法 第8部分：有机过氧化物,ACTIVE,2019-10-25,2020-05-01,海关总署,/海关总署,/危险化学品管理/分类、标志;/危险化学品管理/危害性测定;/化学化工检测检验/检测检验,,标准,SN/T 1828.8-2013,,,行业标准,
STD_SN_T_1828.6_2019,standard,,进出口危险货物分类试验方法 第6部分：遇水放出易燃气体物质,ACTIVE,2019-10-25,2020-05-01,海关总署,/海关总署,/危险化学品管理/分类、标志;/危险化学品管理/危害性测定;/化学化工检测检验/检测检验,,标准,SN/T 1828.6-2013,,,行业标准,
STD_SN_T_1828.5_2019,standard,,进出口危险货物分类试验方法 第5部分：气体混合物,ACTIVE,2019-10-25,2020-05-01,海关总署,/海关总署,/危险化学品管理/分类、标志;/危险化学品管理/危害性测定;/化学化工检测检验/检测检验,,标准,SN/T 1828.5-2013,,,行业标准,
STD_SN_T_1828.3_2019,standard,,进出口危险货物分类试验方法 第3部分：氧化物,ACTIVE,2019-10-25,2020-05-01,海关总署,/海关总署,/危险化学品管理/分类、标志;/危险化学品管理/危害性测定;/化学化工检测检验/检测检验,,标准,SN/T 1828.3-2013,,,行业标准,
STD_SN_T_1828.2_2019,standard,,进出口危险货物分类试验方法 第2部分：民用爆炸品,ACTIVE,2019-10-25,2020-05-01,海关总署,/海关总署,/危险化学品管理/分类、标志;/危险化学品管理/危害性测定;/化学化工检测检验/检测检验,,标准,SN/T 1828.2-2013,,,行业标准,
STD_SN_T_1828.16_2019,standard,,进出口危险货物分类试验方法 第16部分：硝酸盐类物质,ACTIVE,2019-10-25,2020-05-01,海关总署,/海关总署,/危险化学品管理/分类、标志;/危险化学品管理/危害性测定;/化学化工检测检验/检测检验,,标准,SN/T 1828.16-2013,,,行业标准,
STD_SN_T_1828.13_2019,standard,,进出口危险货物分类试验方法 第13部分：易燃液体,ACTIVE,2019-10-25,2020-05-01,海关总署,/海关总署,/危险化学品管理/分类、标志;/危险化学品管理/危害性测定;/化学化工检测检验/检测检验,,标准,SN/T 1828.13-2013,,,行业标准,
STD_SN_T_1828.12_2019,standard,,进出口危险货物分类试验方法 第12部分：易燃气体,ACTIVE,2019-10-25,2020-05-01,海关总署,/海关总署,/危险化学品管理/分类、标志;/危险化学品管理/危害性测定;/化学化工检测检验/检测检验,,标准,SN/T 1828.12-2013,,,行业标准,
STD_SN_T_1828.11_2019,standard,,进出口危险货物分类试验方法 第11部分：易燃固体,ACTIVE,2019-10-25,2020-05-01,海关总署,/海关总署,/危险化学品管理/分类、标志;/危险化学品管理/危害性测定;/化学化工检测检验/检测检验,,标准,SN/T 1828.11-2013,,,行业标准,
STD_SN_T_1828.10_2019,standard,,进出口危险货物分类试验方法 第10部分：毒性气体,ACTIVE,2019-10-25,2020-05-01,海关总署,/海关总署,/危险化学品管理/分类、标志;/危险化学品管理/危害性测定;/化学化工检测检验/检测检验,,标准,SN/T 1828.10-2013,,,行业标准,
STD_AQ_4128_2019,standard,,烟花爆竹零售店（点）安全技术规范,ACTIVE,2019-08-12,2020-02-01,应急管理部,/全国安全生产标准化技术委员会烟花爆竹安全分技术委员会,/储运（含管道、站场）安全;/危险化学品管理/烟花爆竹,,标准,,,,行业标准,
STD_AQ_T_4130_2019,standard,,烟花爆竹 生产过程名词术语,ACTIVE,2019-08-12,2020-02-01,应急管理部,/全国安全生产标准化技术委员会烟花爆竹安全分技术委员会,/危险化学品管理/烟花爆竹;/原料及产品/火工产品,,标准,,,,行业标准,
STD_AQ_4129_2019,standard,,烟花爆竹 化工原材料使用安全规范,ACTIVE,2019-08-12,2020-02-01,应急管理部,/全国安全生产标准化技术委员会烟花爆竹安全分技术委员会,/危险化学品管理/烟花爆竹;/原料及产品/火工产品,,标准,,,,行业标准,
STD_SY_T_7433_2018,standard,,天然气的组成分析 激光拉曼光谱法,ACTIVE,2018-10-29,2019-03-01,国家能源局,/全国天然气标准化技术委员会,/危险化学品管理/危害性测定,,标准,,,,行业标准,
STD_SY_T_5497_2018,standard,,石油工业物资分类与代码,ACTIVE,2018-10-29,2019-03-01,国家能源局,/石油工业标准化技术委员会石油信息与计算机应用专业标准化委员会,/危险化学品管理/名录,,标准,SY/T 5497-2000,,,行业标准,
STD_AQ_4126_2018,standard,,烟花爆竹工程设计安全审查规范,ACTIVE,2018-05-22,2018-12-01,应急管理部,/全国安全生产标准化技术委员会烟花爆竹安全分技术委员会,/设计、总图布置/综合;/危险化学品管理/烟花爆竹,,标准,,,,行业标准,
STD_AQ_T_4127_2018,standard,,烟花爆竹工程竣工验收规范,ACTIVE,2018-05-22,2018-12-01,应急管理部,/全国安全生产标准化技术委员会烟花爆竹安全分技术委员会,/工程建设;/危险化学品管理/烟花爆竹;/原料及产品/火工产品,,标准,,,,行业标准,
STD_SN_T_0760.1_2017,standard,,海运出口危险货物钢提桶包装检验规程 第1部分：使用鉴定,ACTIVE,2017-08-29,2018-04-01,国家质量监督检验检疫总局,/国家认证认可监督管理委员会,/危险化学品管理/包装,,标准,SN/T 0760.1-1999,,,行业标准,
STD_SN_T_4897_2017,standard,,危险货物运输包装 救助包装检验规程,ACTIVE,2017-08-29,2018-04-01,国家质量监督检验检疫总局,/国家认证认可监督管理委员会,/危险化学品管理/包装,,标准,,,,行业标准,
STD_SN_T_4898_2017,standard,,危险品 固体氧化性试验方法 重量法,ACTIVE,2017-08-29,2018-04-01,国家质量监督检验检疫总局,/国家认证认可监督管理委员会,/危险化学品管理/分类、标志;/危险化学品管理/危害性测定,,标准,,,,行业标准,
STD_SN_T_3083.3_2017,standard,,全球化学品统一分类和标签制度（GHS） 第3部分：安全数据单编制导则,ACTIVE,2017-08-29,2018-04-01,国家质量监督检验检疫总局,/国家认证认可监督管理委员会,/危险化学品管理/分类、标志;/危险化学品管理/危害性测定,,标准,,,,行业标准,
STD_SN_T_4854_2017,standard,,进出口危险化学品检验规程 二甲胺,ACTIVE,2017-07-21,2018-03-01,国家质量监督检验检疫总局,/国家认证认可监督管理委员会,/危险化学品管理/包装;/原料及产品/有机化工原料;/化学化工检测检验/检测检验,,标准,,,,行业标准,
STD_SN_T_4856_2017,standard,,进出口危险化学品检验规程 三氧化硫,ACTIVE,2017-07-21,2018-03-01,国家质量监督检验检疫总局,/国家认证认可监督管理委员会,/危险化学品管理/包装;/原料及产品/无机化工原料;/化学化工检测检验/检测检验,,标准,,,,行业标准,
STD_SN_T_4855_2017,standard,,进出口危险化学品检验规程 三氟化硼,ACTIVE,2017-07-21,2018-03-01,国家质量监督检验检疫总局,/国家认证认可监督管理委员会,/危险化学品管理/包装;/原料及产品/工业气体与化学气体;/化学化工检测检验/检测检验,,标准,,,,行业标准,
STD_SN_T_1651_2017,standard,,进出口液化石油气采样方法 手工法,ACTIVE,2017-05-12,2017-12-01,国家质量监督检验检疫总局,/国家认证认可监督管理委员会,/危险化学品管理/危害性测定,,标准,SN/T 1651-2005,,,行业标准,
STD_SN_T_1828.1_2017,standard,,进出口危险货物分类试验方法 第1部分：通则,ACTIVE,2017-05-12,2017-12-01,国家质量监督检验检疫总局,/国家认证认可监督管理委员会,/危险化学品管理/分类、标志;/危险化学品管理/危害性测定;/化学化工检测检验/检测检验,,标准,SN/T 1828.1-2006,,,行业标准,
STD_SN_T_4787_2017,standard,,化学品 气体和气体混合物的化学不稳定性分类方法,ACTIVE,2017-05-12,2017-12-01,国家质量监督检验检疫总局,/国家认证认可监督管理委员会,/危险化学品管理/分类、标志;/危险化学品管理/危害性测定,,标准,,,,行业标准,
STD_HG_T_20660_2017,standard,,压力容器中化学介质毒性危害和爆炸危险程度分类标准,ACTIVE,2017-04-12,2017-10-01,工业和信息化部,/中国石油和化学工业联合会,/危险化学品管理/分类、标志,,标准,HG 20660-2000,,,行业标准,
STD_JT_T_1123_2017,standard,,仅在散装时有危险的固体物质分类方法,ACTIVE,2017-04-12,2017-08-01,交通运输部,/交通运输航海安全标准化技术委员会,/危险化学品管理/危害性测定;/交通运输安全,,标准,,,,行业标准,
STD_SN_T_1828.15_2016,standard,,进出口危险货物分类试验方法 第15部分：自热固体,ACTIVE,2016-12-12,2017-07-01,国家质量监督检验检疫总局,/国家认证认可监督管理委员会,/危险化学品管理/分类、标志;/危险化学品管理/危害性测定,,标准,SN/T 1828.15-2006,,,行业标准,
STD_SN_T_4608_2016,standard,,易燃液体爆炸点的测定,ACTIVE,2016-08-23,2017-03-01,国家质量监督检验检疫总局,/国家认证认可监督管理委员会,/危险化学品管理/危害性测定,,标准,,,,行业标准,
STD_SN_T_4473_2016,standard,,进出口危险化学品检验规程 过氧乙酸,ACTIVE,2016-03-09,2016-10-01,国家质量监督检验检疫总局,/国家认证认可监督管理委员会,/危险化学品管理/包装;/原料及产品/有机化工原料;/化学化工检测检验/检测检验,,标准,,,,行业标准,
STD_SN_T_4470_2016,standard,,进出口危险化学品检验规程 苯酚,ACTIVE,2016-03-09,2016-10-01,国家质量监督检验检疫总局,/国家认证认可监督管理委员会,/危险化学品管理/包装;/化学化工检测检验/检测检验,,标准,,,,行业标准,
STD_SN_T_4469_2016,standard,,进出口危险化学品检验规程 苯胺,ACTIVE,2016-03-09,2016-10-01,国家质量监督检验检疫总局,/国家认证认可监督管理委员会,/危险化学品管理/包装;/化学化工检测检验/检测检验,,标准,,,,行业标准,
STD_SN_T_4471_2016,standard,,进出口危险化学品检验规程 苯乙烯,ACTIVE,2016-03-09,2016-10-01,国家质量监督检验检疫总局,/国家认证认可监督管理委员会,/危险化学品管理/包装;/化学化工检测检验/检测检验,,标准,,,,行业标准,
STD_SN_T_4475_2016,standard,,进出口危险化学品检验规程 硫酸二甲酯,ACTIVE,2016-03-09,2016-10-01,国家质量监督检验检疫总局,/国家认证认可监督管理委员会,/危险化学品管理/包装;/原料及产品/有机化工原料;/化学化工检测检验/检测检验,,标准,,,,行业标准,
STD_SN_T_4474_2016,standard,,进出口危险化学品检验规程 环氧丙烷,ACTIVE,2016-03-09,2016-10-01,国家质量监督检验检疫总局,/国家认证认可监督管理委员会,/危险化学品管理/包装;/原料及产品/有机化工原料;/化学化工检测检验/检测检验,,标准,,,,行业标准,
STD_SN_T_4476_2016,standard,,进出口危险化学品检验规程 氯乙烯,ACTIVE,2016-03-09,2016-10-01,国家质量监督检验检疫总局,/国家认证认可监督管理委员会,/危险化学品管理/包装;/原料及产品/有机化工原料;/化学化工检测检验/检测检验,,标准,,,,行业标准,
STD_SN_T_4477_2016,standard,,进出口危险化学品检验规程 乙酸乙烯酯,ACTIVE,2016-03-09,2016-10-01,国家质量监督检验检疫总局,/国家认证认可监督管理委员会,/危险化学品管理/包装;/原料及产品/有机化工原料;/化学化工检测检验/检测检验,,标准,,,,行业标准,
STD_SN_T_4472_2016,standard,,进出口危险化学品检验规程 丙烯醛,ACTIVE,2016-03-09,2016-10-01,国家质量监督检验检疫总局,/国家认证认可监督管理委员会,/危险化学品管理/包装;/化学化工检测检验/检测检验,,标准,,,,行业标准,
STD_SN_T_4478_2016,standard,,危险货物运输包装 危险货物包装及中型散货容器和大包装 ISO 9001实用指南,ACTIVE,2016-03-09,2016-10-01,国家质量监督检验检疫总局,/国家认证认可监督管理委员会,/危险化学品管理/包装,,标准,,,,行业标准,
STD_SN_T_3078.2_2015,standard,,化学品热稳定性测定 第2部分：热重分析法,ACTIVE,2015-12-04,2016-07-01,国家质量监督检验检疫总局,/国家认证认可监督管理委员会,/危险化学品管理/危害性测定,,标准,,,,行业标准,
STD_SN_T_1027_2015,standard,,出口危险货物1L-25L气体容器 包装检验规程,ACTIVE,2015-12-04,2016-07-01,国家质量监督检验检疫总局,/国家认证认可监督管理委员会,/危险化学品管理/包装,,标准,SN/T 1027-2001,,,行业标准,
STD_SY_5436_2016,standard,,井筒作业用民用爆炸物品安全规范,ACTIVE,2016-01-07,2016-06-01,国家能源局,/石油工业标准化技术委员会石油工业安全专业标准化技术委员会,/危险化学品管理/民用爆炸品,,标准,SY 5436-2008,,,行业标准,
STD_YB_T_4490_2015,standard,,钢铁企业停送燃气作业化学检验安全规范,ACTIVE,2015-10-10,2016-03-01,工业和信息化部,/全国钢标准化技术委员会,/危险化学品管理/危害性测定,,标准,,,,行业标准,
STD_SN_T_1731.2_2015,standard,,出口烟花爆竹用烟火药剂安全性能检验方法 第2部分：75℃热安定性测定,ACTIVE,2015-05-26,2016-01-01,国家质量监督检验检疫总局,/国家认证认可监督管理委员会,/危险化学品管理/危害性测定;/危险化学品管理/烟花爆竹;/原料及产品/火工产品;/化学化工检测检验/检测检验,,标准,,,,行业标准,
STD_SN_T_1726_2015,standard,,出口烟花爆竹分类,ACTIVE,2015-05-26,2016-01-01,国家质量监督检验检疫总局,/国家认证认可监督管理委员会,/危险化学品管理/分类、标志;/危险化学品管理/烟花爆竹;/原料及产品/火工产品,,标准,SN/T 1726-2006,,,行业标准,
STD_SN_T_4185_2015,standard,,进出口危险化学品检验规程 苯,ACTIVE,2015-02-09,2015-09-01,国家质量监督检验检疫总局,/国家认证认可监督管理委员会,/危险化学品管理/包装;/化学化工检测检验/检测检验,,标准,,,,行业标准,
STD_SN_T_4186_2015,standard,,进出口危险化学品检验规程 磷化氢,ACTIVE,2015-02-09,2015-09-01,国家质量监督检验检疫总局,/国家认证认可监督管理委员会,/危险化学品管理/包装;/原料及产品/工业气体与化学气体;/化学化工检测检验/检测检验,,标准,,,,行业标准,
STD_SN_T_4187_2015,standard,,进出口危险化学品检验规程 硫化氢,ACTIVE,2015-02-09,2015-09-01,国家质量监督检验检疫总局,/国家认证认可监督管理委员会,/危险化学品管理/包装;/原料及产品/工业气体与化学气体;/化学化工检测检验/检测检验,,标准,,,,行业标准,
STD_SN_T_4188_2015,standard,,进出口危险化学品检验规程 硝酸铵,ACTIVE,2015-02-09,2015-09-01,国家质量监督检验检疫总局,/国家认证认可监督管理委员会,/危险化学品管理/包装;/原料及产品/化肥、农药;/化学化工检测检验/检测检验,,标准,,,,行业标准,
STD_SN_T_4189_2015,standard,,进出口危险化学品检验规程 硝基苯,ACTIVE,2015-02-09,2015-09-01,国家质量监督检验检疫总局,/国家认证认可监督管理委员会,/危险化学品管理/包装;/原料及产品/涂料、颜料、染料;/化学化工检测检验/检测检验,,标准,,,,行业标准,
STD_SN_T_4202_2015,standard,,进出口危险化学品检验规程 石脑油,ACTIVE,2015-02-09,2015-09-01,国家质量监督检验检疫总局,/国家认证认可监督管理委员会,/危险化学品管理/包装;/原料及产品/石油、天然气及石油产品;/化学化工检测检验/检测检验,,标准,,,,行业标准,
STD_SN_T_4190_2015,standard,,进出口危险化学品检验规程 甲醚,ACTIVE,2015-02-09,2015-09-01,国家质量监督检验检疫总局,/国家认证认可监督管理委员会,/危险化学品管理/包装;/原料及产品/有机化工原料;/化学化工检测检验/检测检验,,标准,,,,行业标准,
STD_SN_T_4191_2015,standard,,进出口危险化学品检验规程 甲醇,ACTIVE,2015-02-09,2015-09-01,国家质量监督检验检疫总局,/国家认证认可监督管理委员会,/危险化学品管理/包装;/原料及产品/有机化工原料;/化学化工检测检验/检测检验,,标准,,,,行业标准,
STD_SN_T_4192_2015,standard,,进出口危险化学品检验规程 甲苯二异氰酸酯,ACTIVE,2015-02-09,2015-09-01,国家质量监督检验检疫总局,/国家认证认可监督管理委员会,/危险化学品管理/包装;/原料及产品/有机化工原料;/化学化工检测检验/检测检验,,标准,,,,行业标准,
STD_SN_T_4193_2015,standard,,进出口危险化学品检验规程 甲苯,ACTIVE,2015-02-09,2015-09-01,国家质量监督检验检疫总局,/国家认证认可监督管理委员会,/危险化学品管理/包装;/原料及产品/有机化工原料;/化学化工检测检验/检测检验,,标准,,,,行业标准,
STD_SN_T_4195_2015,standard,,进出口危险化学品检验规程 甲基肼,ACTIVE,2015-02-09,2015-09-01,国家质量监督检验检疫总局,/国家认证认可监督管理委员会,/危险化学品管理/包装;/原料及产品/有机化工原料;/化学化工检测检验/检测检验,,标准,,,,行业标准,
STD_SN_T_4196_2015,standard,,进出口危险化学品检验规程 甲基叔丁基醚,ACTIVE,2015-02-09,2015-09-01,国家质量监督检验检疫总局,/国家认证认可监督管理委员会,/危险化学品管理/包装;/原料及产品/有机化工原料;/化学化工检测检验/检测检验,,标准,,,,行业标准,
STD_SN_T_4197_2015,standard,,进出口危险化学品检验规程 环氧氯丙烷,ACTIVE,2015-02-09,2015-09-01,国家质量监督检验检疫总局,/国家认证认可监督管理委员会,/危险化学品管理/包装;/原料及产品/有机化工原料;/化学化工检测检验/检测检验,,标准,,,,行业标准,
STD_SN_T_4198_2015,standard,,进出口危险化学品检验规程 环氧乙烷,ACTIVE,2015-02-09,2015-09-01,国家质量监督检验检疫总局,/国家认证认可监督管理委员会,/危险化学品管理/包装;/原料及产品/有机化工原料;/化学化工检测检验/检测检验,,标准,,,,行业标准,
STD_SN_T_4199_2015,standard,,进出口危险化学品检验规程 烯丙胺,ACTIVE,2015-02-09,2015-09-01,国家质量监督检验检疫总局,/国家认证认可监督管理委员会,/危险化学品管理/包装;/原料及产品/有机化工原料;/化学化工检测检验/检测检验,,标准,,,,行业标准,
STD_SN_T_4200_2015,standard,,进出口危险化学品检验规程 液化石油气,ACTIVE,2015-02-09,2015-09-01,国家质量监督检验检疫总局,/国家认证认可监督管理委员会,/危险化学品管理/包装;/原料及产品/石油、天然气及石油产品;/化学化工检测检验/检测检验,,标准,,,,行业标准,
STD_SN_T_4201_2015,standard,,进出口危险化学品检验规程 汽油（含甲醇汽油、乙醇汽油）,ACTIVE,2015-02-09,2015-09-01,国家质量监督检验检疫总局,/国家认证认可监督管理委员会,/危险化学品管理/包装;/原料及产品/石油、天然气及石油产品;/化学化工检测检验/检测检验,,标准,,,,行业标准,
STD_SN_T_4203_2015,standard,,进出口危险化学品检验规程 氰化钠,ACTIVE,2015-02-09,2015-09-01,国家质量监督检验检疫总局,/国家认证认可监督管理委员会,/危险化学品管理/包装;/原料及产品/无机化工原料;/化学化工检测检验/检测检验,,标准,,,,行业标准,
STD_SN_T_4204_2015,standard,,进出口危险化学品检验规程 氰化氢,ACTIVE,2015-02-09,2015-09-01,国家质量监督检验检疫总局,/国家认证认可监督管理委员会,/危险化学品管理/包装;/原料及产品/无机化工原料;/化学化工检测检验/检测检验,,标准,,,,行业标准,
STD_SN_T_4205_2015,standard,,进出口危险化学品检验规程 氯苯,ACTIVE,2015-02-09,2015-09-01,国家质量监督检验检疫总局,/国家认证认可监督管理委员会,/危险化学品管理/包装;/原料及产品/涂料、颜料、染料;/化学化工检测检验/检测检验,,标准,,,,行业标准,
STD_SN_T_4206_2015,standard,,进出口危险化学品检验规程 氯甲酸三氯甲酯,ACTIVE,2015-02-09,2015-09-01,国家质量监督检验检疫总局,/国家认证认可监督管理委员会,/危险化学品管理/包装;/原料及产品/有机化工原料;/化学化工检测检验/检测检验,,标准,,,,行业标准,
STD_SN_T_4207_2015,standard,,进出口危险化学品检验规程 氯甲基甲醚,ACTIVE,2015-02-09,2015-09-01,国家质量监督检验检疫总局,/国家认证认可监督管理委员会,/危险化学品管理/包装;/原料及产品/有机化工原料;/化学化工检测检验/检测检验,,标准,,,,行业标准,
STD_SN_T_4208_2015,standard,,进出口危险化学品检验规程 氯,ACTIVE,2015-02-09,2015-09-01,国家质量监督检验检疫总局,/国家认证认可监督管理委员会,/危险化学品管理/包装;/原料及产品/工业气体与化学气体;/化学化工检测检验/检测检验,,标准,,,,行业标准,
STD_SN_T_4209_2015,standard,,进出口危险化学品检验规程 氨,ACTIVE,2015-02-09,2015-09-01,国家质量监督检验检疫总局,/国家认证认可监督管理委员会,/危险化学品管理/包装;/化学化工检测检验/检测检验,,标准,,,,行业标准,
STD_SN_T_4210_2015,standard,,进出口危险化学品检验规程 氢,ACTIVE,2015-02-09,2015-09-01,国家质量监督检验检疫总局,/国家认证认可监督管理委员会,/危险化学品管理/包装;/原料及产品/工业气体与化学气体;/化学化工检测检验/检测检验,,标准,,,,行业标准,
STD_SN_T_4211_2015,standard,,进出口危险化学品检验规程 氟化氢、氢氟酸,ACTIVE,2015-02-09,2015-09-01,国家质量监督检验检疫总局,/国家认证认可监督管理委员会,/危险化学品管理/包装;/原料及产品/无机化工原料;/化学化工检测检验/检测检验,,标准,,,,行业标准,
STD_SN_T_4212_2015,standard,,进出口危险化学品检验规程 异氰酸甲酯,ACTIVE,2015-02-09,2015-09-01,国家质量监督检验检疫总局,/国家认证认可监督管理委员会,/危险化学品管理/包装;/原料及产品/有机化工原料;/化学化工检测检验/检测检验,,标准,,,,行业标准,
STD_SN_T_4194_2015,standard,,进出口危险化学品检验规程 天然气和甲烷,ACTIVE,2015-02-09,2015-09-01,国家质量监督检验检疫总局,/国家认证认可监督管理委员会,/危险化学品管理/包装;/原料及产品/石油、天然气及石油产品;/化学化工检测检验/检测检验,,标准,,,,行业标准,
STD_SN_T_4213_2015,standard,,进出口危险化学品检验规程 四氯化钛,ACTIVE,2015-02-09,2015-09-01,国家质量监督检验检疫总局,/国家认证认可监督管理委员会,/危险化学品管理/包装;/原料及产品/无机化工原料;/化学化工检测检验/检测检验,,标准,,,,行业标准,
STD_SN_T_4214_2015,standard,,进出口危险化学品检验规程 六氯环戊二烯,ACTIVE,2015-02-09,2015-09-01,国家质量监督检验检疫总局,/国家认证认可监督管理委员会,/危险化学品管理/包装;/原料及产品/有机化工原料;/化学化工检测检验/检测检验,,标准,,,,行业标准,
STD_SN_T_4215_2015,standard,,进出口危险化学品检验规程 二硫化碳,ACTIVE,2015-02-09,2015-09-01,国家质量监督检验检疫总局,/国家认证认可监督管理委员会,/危险化学品管理/包装;/原料及产品/无机化工原料;/化学化工检测检验/检测检验,,标准,,,,行业标准,
STD_SN_T_4216_2015,standard,,进出口危险化学品检验规程 二氧化硫,ACTIVE,2015-02-09,2015-09-01,国家质量监督检验检疫总局,/国家认证认可监督管理委员会,/危险化学品管理/包装;/原料及产品/无机化工原料;/化学化工检测检验/检测检验,,标准,,,,行业标准,
STD_SN_T_4217_2015,standard,,进出口危险化学品检验规程 乙醛,ACTIVE,2015-02-09,2015-09-01,国家质量监督检验检疫总局,/国家认证认可监督管理委员会,/危险化学品管理/包装;/原料及产品/有机化工原料;/化学化工检测检验/检测检验,,标准,,,,行业标准,
STD_SN_T_4218_2015,standard,,进出口危险化学品检验规程 乙酸乙酯,ACTIVE,2015-02-09,2015-09-01,国家质量监督检验检疫总局,/国家认证认可监督管理委员会,/危险化学品管理/包装;/原料及产品/有机化工原料;/化学化工检测检验/检测检验,,标准,,,,行业标准,
STD_SN_T_4219_2015,standard,,进出口危险化学品检验规程 乙烯,ACTIVE,2015-02-09,2015-09-01,国家质量监督检验检疫总局,/国家认证认可监督管理委员会,/危险化学品管理/包装;/原料及产品/有机化工原料;/化学化工检测检验/检测检验,,标准,,,,行业标准,
STD_SN_T_4220_2015,standard,,进出口危险化学品检验规程 丙酮氰醇,ACTIVE,2015-02-09,2015-09-01,国家质量监督检验检疫总局,/国家认证认可监督管理委员会,/危险化学品管理/包装;/化学化工检测检验/检测检验,,标准,,,,行业标准,
STD_SN_T_4221_2015,standard,,进出口危险化学品检验规程 丙烯酸,ACTIVE,2015-02-09,2015-09-01,国家质量监督检验检疫总局,/国家认证认可监督管理委员会,/危险化学品管理/包装;/化学化工检测检验/检测检验,,标准,,,,行业标准,
STD_SN_T_4222_2015,standard,,进出口危险化学品检验规程 丙烯腈,ACTIVE,2015-02-09,2015-09-01,国家质量监督检验检疫总局,/国家认证认可监督管理委员会,/危险化学品管理/包装;/化学化工检测检验/检测检验,,标准,,,,行业标准,
STD_SN_T_4229_2015,standard,,进出口危险化学品检验规程 丙烯,ACTIVE,2015-02-09,2015-09-01,国家质量监督检验检疫总局,/国家认证认可监督管理委员会,/危险化学品管理/包装;/化学化工检测检验/检测检验,,标准,,,,行业标准,
STD_SN_T_4223_2015,standard,,进出口危险化学品检验规程 三氯甲烷,ACTIVE,2015-02-09,2015-09-01,国家质量监督检验检疫总局,/国家认证认可监督管理委员会,/危险化学品管理/包装;/原料及产品/有机化工原料;/化学化工检测检验/检测检验,,标准,,,,行业标准,
STD_SN_T_4224_2015,standard,,进出口危险化学品检验规程 三氯化磷,ACTIVE,2015-02-09,2015-09-01,国家质量监督检验检疫总局,/国家认证认可监督管理委员会,/危险化学品管理/包装;/原料及产品/无机化工原料;/化学化工检测检验/检测检验,,标准,,,,行业标准,
STD_SN_T_4225_2015,standard,,进出口危险化学品检验规程 一甲胺,ACTIVE,2015-02-09,2015-09-01,国家质量监督检验检疫总局,/国家认证认可监督管理委员会,/危险化学品管理/包装;/原料及产品/有机化工原料;/化学化工检测检验/检测检验,,标准,,,,行业标准,
STD_SN_T_4226_2015,standard,,进出口危险化学品检验规程 一氯甲烷,ACTIVE,2015-02-09,2015-09-01,国家质量监督检验检疫总局,/国家认证认可监督管理委员会,/危险化学品管理/包装;/原料及产品/有机化工原料;/化学化工检测检验/检测检验,,标准,,,,行业标准,
STD_SN_T_4227_2015,standard,,进出口危险化学品检验规程 一氧化碳,ACTIVE,2015-02-09,2015-09-01,国家质量监督检验检疫总局,/国家认证认可监督管理委员会,/危险化学品管理/包装;/原料及产品/工业气体与化学气体;/化学化工检测检验/检测检验,,标准,,,,行业标准,
STD_SN_T_4228_2015,standard,,"进出口危险化学品检验规程 1,3-丁二烯",ACTIVE,2015-02-09,2015-09-01,国家质量监督检验检疫总局,/国家认证认可监督管理委员会,/危险化学品管理/包装;/化学化工检测检验/检测检验,,标准,,,,行业标准,
STD_SN_T_4149_2015,standard,,出口危险货物有限数量包装检验规程,ACTIVE,2015-02-09,2015-09-01,国家质量监督检验检疫总局,/国家认证认可监督管理委员会,/危险化学品管理/包装,,标准,,,,行业标准,
STD_SN_T_1730.9_2014,standard,,出口烟花爆竹安全性能检验方法 第9部分：警句标签检验,ACTIVE,2014-11-19,2015-05-01,国家质量监督检验检疫总局,/国家认证认可监督管理委员会,/危险化学品管理/危害性测定;/危险化学品管理/烟花爆竹;/原料及产品/火工产品;/化学化工检测检验/检测检验,,标准,SN/T 1730.9-2006,,,行业标准,
STD_SN_T_1730.10_2014,standard,,出口烟花爆竹安全性能检验方法 第10部分：使用安全性能检验,ACTIVE,2014-11-19,2015-05-01,国家质量监督检验检疫总局,/国家认证认可监督管理委员会,/危险化学品管理/危害性测定;/危险化学品管理/烟花爆竹;/原料及产品/火工产品;/化学化工检测检验/检测检验,,标准,SN/T 1730.10-2006,,,行业标准,
STD_SN_T_0324_2014,standard,,海运出口危险货物小型气体容器包装检验规程,ACTIVE,2014-04-09,2014-11-01,国家质量监督检验检疫总局,/国家认证认可监督管理委员会,/危险化学品管理/包装,,标准,SN 0324-1994,,,行业标准,
STD_SN_T_1731.12_2014,standard,,出口烟花爆竹用烟火药剂安全性能检验方法 第12部分：时间-压力试验方法,ACTIVE,2014-04-09,2014-11-01,国家质量监督检验检疫总局,/国家认证认可监督管理委员会,/危险化学品管理/危害性测定;/危险化学品管理/烟花爆竹;/原料及产品/火工产品;/化学化工检测检验/检测检验,,标准,,,,行业标准,
STD_SN_T_1731.11_2014,standard,,出口烟花爆竹用烟火药剂安全性能检验方法 第11部分：pH值测定方法,ACTIVE,2014-04-09,2014-11-01,国家质量监督检验检疫总局,/国家认证认可监督管理委员会,/危险化学品管理/危害性测定;/危险化学品管理/烟花爆竹;/原料及产品/火工产品;/化学化工检测检验/检测检验,,标准,,,,行业标准,
STD_SN_T_0987.2_2014,standard,,出口危险货物中型散装货物包装容器检验规程 第2部分：使用鉴定,ACTIVE,2014-04-09,2014-11-01,国家质量监督检验检疫总局,/国家认证认可监督管理委员会,/危险化学品管理/包装,,标准,SN/T 0987.2-2001,,,行业标准,
STD_SN_T_1828.7_2013,standard,,进出口危险货物分类试验方法 第7部分：压缩气体,ACTIVE,2013-11-06,2014-06-01,国家质量监督检验检疫总局,/国家认证认可监督管理委员会,/危险化学品管理/分类、标志;/危险化学品管理/危害性测定,,标准,SN/T 1828.7-2006,,,行业标准,
STD_SN_T_1828.4_2013,standard,,进出口危险货物分类试验方法 第4部分：腐蚀性物质,ACTIVE,2013-11-06,2014-06-01,国家质量监督检验检疫总局,/国家认证认可监督管理委员会,/危险化学品管理/分类、标志;/危险化学品管理/危害性测定,,标准,SN/T 1828.4-2006,,,行业标准,
STD_SN_T_1828.17_2013,standard,,进出口危险货物分类试验方法 第17部分：海洋污染物,ACTIVE,2013-11-06,2014-06-01,国家质量监督检验检疫总局,/国家认证认可监督管理委员会,/危险化学品管理/分类、标志;/危险化学品管理/危害性测定,,标准,,,,行业标准,
STD_AQ_T_4123_2014,standard,,烟花爆竹 烟火药火焰感度测定方法,ACTIVE,2014-02-20,2014-06-01,国家安全生产监督管理总局,/全国安全生产标准化技术委员会烟花爆竹安全分技术委员会,/危险化学品管理/危害性测定;/危险化学品管理/烟花爆竹;/原料及产品/火工产品;/化学化工检测检验/检测检验,,标准,,,,行业标准,
STD_AQ_T_4122_2014,standard,,烟花爆竹 烟火药吸湿率测定方法,ACTIVE,2014-02-20,2014-06-01,国家安全生产监督管理总局,/全国安全生产标准化技术委员会烟花爆竹安全分技术委员会,/危险化学品管理/危害性测定;/危险化学品管理/烟花爆竹;/原料及产品/火工产品;/化学化工检测检验/检测检验,,标准,QB/T 1941.5-1994,,,行业标准,
STD_AQ_T_4124_2014,standard,,烟花爆竹 烟火药危险性分类定级方法,ACTIVE,2014-02-20,2014-06-01,国家安全生产监督管理总局,/全国安全生产标准化技术委员会烟花爆竹安全分技术委员会,/危险化学品管理/分类、标志;/危险化学品管理/烟花爆竹;/原料及产品/火工产品,,标准,,,,行业标准,
STD_AQ_4125_2014,standard,,烟花爆竹 单基火药安全要求,ACTIVE,2014-02-20,2014-06-01,国家安全生产监督管理总局,/全国安全生产标准化技术委员会烟花爆竹安全分技术委员会,/危险化学品管理/烟花爆竹;/原料及产品/火工产品,,标准,,,,行业标准,
STD_SN_T_3735_2013,standard,,危险品分类试验方法 等温储存,ACTIVE,2013-11-06,2014-06-01,国家质量监督检验检疫总局,/国家认证认可监督管理委员会,/危险化学品管理/分类、标志;/危险化学品管理/危害性测定,,标准,,,,行业标准,
STD_SN_T_0987.8_2013,standard,,出口危险货物中型散装容器检验规程 第8部分：金属中型散装容器,ACTIVE,2013-11-06,2014-06-01,国家质量监督检验检疫总局,/国家认证认可监督管理委员会,/危险化学品管理/包装,,标准,SN/T 0987.8-2001,,,行业标准,
STD_SN_T_0987.7_2013,standard,,出口危险货物中型散装容器检验规程 第7部分：纤维板中型散装容器,ACTIVE,2013-11-06,2014-06-01,国家质量监督检验检疫总局,/国家认证认可监督管理委员会,/危险化学品管理/包装,,标准,SN/T 0987.7-2001,,,行业标准,
STD_SN_T_0987.6_2013,standard,,出口危险货物中型散装容器检验规程 第6部分：柔性中型散装容器,ACTIVE,2013-11-06,2014-06-01,国家质量监督检验检疫总局,/国家认证认可监督管理委员会,/危险化学品管理/包装,,标准,SN/T 0987.6-2001,,,行业标准,
STD_SN_T_0987.5_2013,standard,,出口危险货物中型散装容器检验规程 第5部分：木质中型散装容器,ACTIVE,2013-11-06,2014-06-01,国家质量监督检验检疫总局,/国家认证认可监督管理委员会,/危险化学品管理/包装,,标准,SN/T 0987.5-2001,,,行业标准,
STD_SN_T_0987.4_2013,standard,,出口危险货物中型散装容器检验规程 第4部分：刚性塑料中型散装容器,ACTIVE,2013-11-06,2014-06-01,国家质量监督检验检疫总局,/国家认证认可监督管理委员会,/危险化学品管理/包装,,标准,SN/T 0987.4-2001,,,行业标准,
STD_SN_T_0987.1_2013,standard,,出口危险货物中型散装容器检验规程 第1部分：总则,ACTIVE,2013-11-06,2014-06-01,国家质量监督检验检疫总局,/国家认证认可监督管理委员会,/危险化学品管理/包装,,标准,,,,行业标准,
STD_SY_5857_2013,standard,,石油物探地震作业民用爆炸物品管理规范,ABOLISHED,2013-11-28,2014-04-01,国家能源局,/石油工业标准化技术委员会石油工业安全专业标准化技术委员会,/危险化学品管理/民用爆炸品,,标准,SY/T 5857-2006,,,行业标准,
STD_SN_T_3656.6_2013,standard,,进出口危险化学品测试技术规范 第6部分：急性毒性,ACTIVE,2013-08-30,2014-03-01,国家质量监督检验检疫总局,/国家认证认可监督管理委员会,/危险化学品管理/分类、标志;/危险化学品管理/危害性测定,,标准,,,,行业标准,
STD_SN_T_3656.5_2013,standard,,进出口危险化学品测试技术规范 第5部分：氧化剂和有机过氧化物,ACTIVE,2013-08-30,2014-03-01,国家质量监督检验检疫总局,/国家认证认可监督管理委员会,/危险化学品管理/分类、标志;/危险化学品管理/危害性测定,,标准,,,,行业标准,
STD_SN_T_3656.3_2013,standard,,进出口危险化学品测试技术规范 第3部分：易燃液体,ACTIVE,2013-08-30,2014-03-01,国家质量监督检验检疫总局,/国家认证认可监督管理委员会,/危险化学品管理/分类、标志;/危险化学品管理/危害性测定,,标准,,,,行业标准,
STD_SN_T_3656.2_2013,standard,,进出口危险化学品测试技术规范 第2部分：气体,ACTIVE,2013-08-30,2014-03-01,国家质量监督检验检疫总局,/国家认证认可监督管理委员会,/危险化学品管理/分类、标志;/危险化学品管理/危害性测定,,标准,,,,行业标准,
STD_SN_T_3656.1_2013,standard,,进出口危险化学品测试技术规范 第1部分：爆炸品,ACTIVE,2013-08-30,2014-03-01,国家质量监督检验检疫总局,/国家认证认可监督管理委员会,/危险化学品管理/分类、标志;/危险化学品管理/危害性测定,,标准,,,,行业标准,
STD_SN_T_3629_2013,standard,,烟花爆竹制品基本环境试验规范,ACTIVE,2013-08-30,2014-03-01,国家质量监督检验检疫总局,/国家认证认可监督管理委员会,/危险化学品管理/烟花爆竹;/化学化工检测检验/检测检验,,标准,,,,行业标准,
STD_SN_T_3057.4_2013,standard,,出口烟花爆竹安全性能检验规范 罗马烛光,ACTIVE,2013-08-30,2014-03-01,国家质量监督检验检疫总局,/国家认证认可监督管理委员会,/危险化学品管理/危害性测定;/危险化学品管理/烟花爆竹;/原料及产品/火工产品;/化学化工检测检验/检测检验,,标准,,,,行业标准,
STD_SN_T_3057.3_2013,standard,,出口烟花爆竹安全性能检验规范 大型地面礼花,ACTIVE,2013-08-30,2014-03-01,国家质量监督检验检疫总局,/国家认证认可监督管理委员会,/危险化学品管理/危害性测定;/危险化学品管理/烟花爆竹;/原料及产品/火工产品;/化学化工检测检验/检测检验,,标准,,,,行业标准,
STD_SN_T_3522_2013,standard,,化学品风险评估通则,ABOLISHED,2013-03-01,2013-09-16,国家质量监督检验检疫总局,/国家认证认可监督管理委员会,/通用安全管理/风险管理;/危险化学品管理/安全管理要求,,标准,,,,行业标准,
STD_GA_T_536.1_2013,standard,,易燃易爆危险品火灾危险性分级及试验方法 第1部分：火灾危险性分级,ABOLISHED,2013-08-12,2013-08-12,公安部,/全国消防标准化技术委员会基础标准分技术委员会,/危险化学品管理/危害性测定;/化学化工检测检验/检测检验,,标准,GA/T 536.1-2005,,,行业标准,
STD_XF_T_536.1_2013,standard,,易燃易爆危险品火灾危险性分级及试验方法 第1部分：火灾危险性分级,ACTIVE,2013-08-12,2013-08-12,应急管理部,/全国消防标准化技术委员会基础标准分技术委员会,/危险化学品管理/危害性测定;/化学化工检测检验/检测检验,,标准,,,,行业标准,
STD_SN_T_3221_2012,standard,,进口危险化学品包装检验规程,ACTIVE,2012-05-07,2012-11-16,国家质量监督检验检疫总局,/国家认证认可监督管理委员会,/危险化学品管理/包装,,标准,,,,行业标准,
STD_SN_T_3209_2012,standard,,进出口危险化学品检验规程 高闪点易燃液体基本要求,ACTIVE,2012-05-07,2012-11-16,国家质量监督检验检疫总局,/国家认证认可监督管理委员会,/危险化学品管理/分类、标志;/危险化学品管理/危害性测定,,标准,,,,行业标准,
STD_SN_T_3216_2012,standard,,进出口危险化学品检验规程 酸性腐蚀品 基本要求,ACTIVE,2012-05-07,2012-11-16,国家质量监督检验检疫总局,/国家认证认可监督管理委员会,/危险化学品管理/分类、标志;/危险化学品管理/危害性测定,,标准,,,,行业标准,
STD_SN_T_3212_2012,standard,,进出口危险化学品检验规程 遇水放出易燃气体的物质 基本要求,ACTIVE,2012-05-07,2012-11-16,国家质量监督检验检疫总局,/国家认证认可监督管理委员会,/危险化学品管理/分类、标志;/危险化学品管理/危害性测定,,标准,,,,行业标准,
STD_SN_T_3211_2012,standard,,进出口危险化学品检验规程 自燃物品 基本要求,ACTIVE,2012-05-07,2012-11-16,国家质量监督检验检疫总局,/国家认证认可监督管理委员会,/危险化学品管理/分类、标志;/危险化学品管理/危害性测定,,标准,,,,行业标准,
STD_SN_T_3217_2012,standard,,进出口危险化学品检验规程 碱性腐蚀品 基本要求,ACTIVE,2012-05-07,2012-11-16,国家质量监督检验检疫总局,/国家认证认可监督管理委员会,/危险化学品管理/分类、标志;/危险化学品管理/危害性测定,,标准,,,,行业标准,
STD_SN_T_3203_2012,standard,,进出口危险化学品检验规程 爆炸品 基本要求,ACTIVE,2012-05-07,2012-11-16,国家质量监督检验检疫总局,/国家认证认可监督管理委员会,/危险化学品管理/危害性测定,,标准,,,,行业标准,
STD_SN_T_3213_2012,standard,,进出口危险化学品检验规程 氧化剂 基本要求,ACTIVE,2012-05-07,2012-11-16,国家质量监督检验检疫总局,/国家认证认可监督管理委员会,/危险化学品管理/分类、标志;/危险化学品管理/危害性测定,,标准,,,,行业标准,
STD_SN_T_3215_2012,standard,,进出口危险化学品检验规程 毒害品 基本要求,ACTIVE,2012-05-07,2012-11-16,国家质量监督检验检疫总局,/国家认证认可监督管理委员会,/危险化学品管理/包装;/化学化工检测检验/检测检验,,标准,,,,行业标准,
STD_SN_T_3206_2012,standard,,进出口危险化学品检验规程 有毒气体 基本要求,ACTIVE,2012-05-07,2012-11-16,国家质量监督检验检疫总局,/国家认证认可监督管理委员会,/危险化学品管理/危害性测定,,标准,,,,行业标准,
STD_SN_T_3214_2012,standard,,进出口危险化学品检验规程 有机过氧化物 基本要求,ACTIVE,2012-05-07,2012-11-16,国家质量监督检验检疫总局,/国家认证认可监督管理委员会,/危险化学品管理/分类、标志;/危险化学品管理/危害性测定,,标准,,,,行业标准,
STD_SN_T_3204_2012,standard,,进出口危险化学品检验规程 易燃气体 基本要求,ACTIVE,2012-05-07,2012-11-16,国家质量监督检验检疫总局,/国家认证认可监督管理委员会,/危险化学品管理/分类、标志;/危险化学品管理/危害性测定,,标准,,,,行业标准,
STD_SN_T_3210_2012,standard,,进出口危险化学品检验规程 易燃固体 基本要求,ACTIVE,2012-05-07,2012-11-16,国家质量监督检验检疫总局,/国家认证认可监督管理委员会,/危险化学品管理/分类、标志;/危险化学品管理/危害性测定,,标准,,,,行业标准,
STD_SN_T_3207_2012,standard,,进出口危险化学品检验规程 低闪点易燃液体基本要求,ACTIVE,2012-05-07,2012-11-16,国家质量监督检验检疫总局,/国家认证认可监督管理委员会,/危险化学品管理/包装;/化学化工检测检验/检测检验,,标准,,,,行业标准,
STD_SN_T_3208_2012,standard,,进出口危险化学品检验规程 中闪点易燃液体基本要求,ACTIVE,2012-05-07,2012-11-16,国家质量监督检验检疫总局,/国家认证认可监督管理委员会,/危险化学品管理/分类、标志;/危险化学品管理/危害性测定,,标准,,,,行业标准,
STD_SN_T_3205_2012,standard,,进出口危险化学品检验规程 不燃气体 基本要求,ACTIVE,2012-05-07,2012-11-16,国家质量监督检验检疫总局,/国家认证认可监督管理委员会,/危险化学品管理/包装;/化学化工检测检验/检测检验,,标准,,,,行业标准,
STD_SN_T_3083.2_2012,standard,,全球化学品统一分类和标签制度（GHS） 第2部分：标签和安全数据单的可理解性测试方法,ACTIVE,2012-05-07,2012-11-16,国家质量监督检验检疫总局,/国家认证认可监督管理委员会,/危险化学品管理/分类、标志;/危险化学品管理/危害性测定,,标准,,,,行业标准,
STD_SN_T_0370.3_2012,standard,,进出口危险货物包装检验规程 第3部分：使用鉴定,ACTIVE,2012-05-07,2012-06-01,国家质量监督检验检疫总局,/国家认证认可监督管理委员会,/危险化学品管理/包装,,标准,SN/T 0370.3-2009,,,行业标准,
STD_SN_T_3057.2_2011,standard,,进出口烟花爆竹制品安全性能检验规范 第2部分：烟雾烟花,ACTIVE,2011-09-09,2012-04-01,国家质量监督检验检疫总局,/国家认证认可监督管理委员会,/危险化学品管理/危害性测定;/危险化学品管理/烟花爆竹,,标准,,,,行业标准,
STD_SN_T_3057.1_2011,standard,,进出口烟花爆竹制品安全性能检验规范 第1部分：爆竹,ACTIVE,2011-09-09,2012-04-01,国家质量监督检验检疫总局,/国家认证认可监督管理委员会,/危险化学品管理/危害性测定;/危险化学品管理/烟花爆竹,,标准,,,,行业标准,
STD_SN_T_3056.7_2011,standard,,烟花爆竹用化工原材料关键指标的测定 第7部分：硫酸铜,ACTIVE,2011-09-09,2012-04-01,国家质量监督检验检疫总局,/国家认证认可监督管理委员会,/危险化学品管理/烟花爆竹;/化学化工检测检验/检测检验,,标准,,,,行业标准,
STD_SN_T_3056.6_2011,standard,,烟花爆竹用化工原材料关键指标的测定 第6部分：硫酸锶,ACTIVE,2011-09-09,2012-04-01,国家质量监督检验检疫总局,/国家认证认可监督管理委员会,/危险化学品管理/烟花爆竹;/化学化工检测检验/检测检验,,标准,,,,行业标准,
STD_SN_T_3056.15_2011,standard,,烟花爆竹用化工原材料关键指标的测定 第15部分：重铬酸钾,ACTIVE,2011-09-09,2012-04-01,国家质量监督检验检疫总局,/国家认证认可监督管理委员会,/危险化学品管理/烟花爆竹;/化学化工检测检验/检测检验,,标准,,,,行业标准,
STD_SN_T_3056.14_2011,standard,,烟花爆竹用化工原材料关键指标的测定 第14部分：氧化铋,ACTIVE,2011-09-09,2012-04-01,国家质量监督检验检疫总局,/国家认证认可监督管理委员会,/危险化学品管理/烟花爆竹;/化学化工检测检验/检测检验,,标准,,,,行业标准,
STD_SN_T_3056.13_2011,standard,,烟花爆竹用化工原材料关键指标的测定 第13部分：硝酸银,ACTIVE,2011-09-09,2012-04-01,国家质量监督检验检疫总局,/国家认证认可监督管理委员会,/危险化学品管理/烟花爆竹;/化学化工检测检验/检测检验,,标准,,,,行业标准,
STD_SN_T_3056.11_2011,standard,,烟花爆竹用化工原材料关键指标的测定 第11部分：铁粉,ACTIVE,2011-09-09,2012-04-01,国家质量监督检验检疫总局,/国家认证认可监督管理委员会,/危险化学品管理/烟花爆竹;/化学化工检测检验/检测检验,,标准,,,,行业标准,
STD_SN_T_3060_2011,standard,,危险品风险管理通则,ACTIVE,2011-09-09,2012-04-01,国家质量监督检验检疫总局,/国家认证认可监督管理委员会,/危险化学品管理/安全管理要求,,标准,,,,行业标准,
STD_GA_T_972_2011,standard,,化学品危险性分类与代码,ACTIVE,2011-12-12,2011-12-12,公安部,/公安部计算机与信息处理标准化技术委员会,/危险化学品管理/分类、标志,,标准,,,,行业标准,
STD_AQ_4115_2011,standard,,烟花爆竹防止静电通用导则,ACTIVE,2011-07-12,2011-12-01,国家安全生产监督管理总局,/全国安全生产标准化技术委员会烟花爆竹安全分技术委员会,/危险化学品管理/烟花爆竹;/原料及产品/火工产品,,标准,,,,行业标准,
STD_AQ_4114_2011,standard,,烟花爆竹安全生产标志,ACTIVE,2011-07-12,2011-12-01,国家安全生产监督管理总局,/全国安全生产标准化技术委员会烟花爆竹安全分技术委员会,/危险化学品管理/烟花爆竹;/原料及产品/火工产品,,标准,,,,行业标准,
STD_AQ_T_4120_2011,standard,,烟花爆竹 烟火药静电火花感度测定方法,ACTIVE,2011-07-12,2011-12-01,国家安全生产监督管理总局,/全国安全生产标准化技术委员会烟花爆竹安全分技术委员会,/危险化学品管理/危害性测定;/危险化学品管理/烟花爆竹;/原料及产品/火工产品;/化学化工检测检验/检测检验,,标准,,,,行业标准,
STD_AQ_T_4118_2011,standard,,烟花爆竹 烟火药猛度测定方法,ACTIVE,2011-07-12,2011-12-01,国家安全生产监督管理总局,/全国安全生产标准化技术委员会烟花爆竹安全分技术委员会,/危险化学品管理/危害性测定;/危险化学品管理/烟花爆竹;/原料及产品/火工产品;/化学化工检测检验/检测检验,,标准,,,,行业标准,
STD_AQ_T_4119_2011,standard,,烟花爆竹 烟火药爆发点测定方法,ACTIVE,2011-07-12,2011-12-01,国家安全生产监督管理总局,/全国安全生产标准化技术委员会烟花爆竹安全分技术委员会,/危险化学品管理/危害性测定;/危险化学品管理/烟花爆竹;/原料及产品/火工产品;/化学化工检测检验/检测检验,,标准,,,,行业标准,
STD_AQ_T_4116_2011,standard,,烟花爆竹 烟火药氯酸盐定性检测方法,ABOLISHED,2011-07-12,2011-12-01,国家安全生产监督管理总局,/全国安全生产标准化技术委员会烟花爆竹安全分技术委员会,/危险化学品管理/危害性测定;/危险化学品管理/烟花爆竹;/原料及产品/火工产品;/化学化工检测检验/检测检验,,标准,,,,行业标准,
STD_AQ_T_4117_2011,standard,,烟花爆竹 烟火药作功能力测定方法,ACTIVE,2011-07-12,2011-12-01,国家安全生产监督管理总局,/全国安全生产标准化技术委员会烟花爆竹安全分技术委员会,/危险化学品管理/危害性测定;/危险化学品管理/烟花爆竹;/原料及产品/火工产品;/化学化工检测检验/检测检验,,标准,,,,行业标准,
STD_SN_T_2880_2011,standard,,固体化学品的可燃性测定方法,ACTIVE,2011-05-31,2011-12-01,国家质量监督检验检疫总局,/国家认证认可监督管理委员会,/危险化学品管理/危害性测定;/化学化工检测检验/检测检验,,标准,,,,行业标准,
STD_SN_T_2902_2011,standard,,危险品热稳定性和空气稳定性的筛选实验,ACTIVE,2011-05-31,2011-12-01,国家质量监督检验检疫总局,/国家认证认可监督管理委员会,/危险化学品管理/危害性测定,,标准,,,,行业标准,
STD_SN_T_0761.3_2011,standard,,出口危险品点火枪检验规程,ACTIVE,2011-05-31,2011-12-01,国家质量监督检验检疫总局,/国家认证认可监督管理委员会,/危险化学品管理/危害性测定;/化学化工检测检验/检测检验,,标准,,,,行业标准,
STD_SN_T_0761.1_2011,standard,,出口危险品打火机检验规程,ACTIVE,2011-05-31,2011-12-01,国家质量监督检验检疫总局,/国家认证认可监督管理委员会,/危险化学品管理/危害性测定;/化学化工检测检验/检测检验,,标准,SN/T 0761-1999,,,行业标准,
STD_SN_T_2836_2011,standard,,进出口危险化学品安全试验方法 小型气体容器的渗漏率测定,ACTIVE,2011-02-25,2011-07-01,国家质量监督检验检疫总局,/国家认证认可监督管理委员会,/危险化学品管理/分类、标志;/危险化学品管理/危害性测定,,标准,,,,行业标准,
STD_SN_T_2834_2011,standard,,危险品包装专业实验室技术要求,ACTIVE,2011-02-25,2011-07-01,国家质量监督检验检疫总局,/国家认证认可监督管理委员会,/危险化学品管理/分类、标志;/危险化学品管理/危害性测定,,标准,,,,行业标准,
STD_SY_T_6515_2010,standard,,露天热表面引燃液态烃类及其蒸气的风险评价,ACTIVE,2011-01-09,2011-05-01,国家能源局,/石油工业标准化技术委员会石油工业安全专业标准化技术委员会,/危险化学品管理/危害性测定,,标准,SY/T 6515-2001,,,行业标准,
STD_SY_6501_2010,standard,,浅海石油作业放射性及爆炸物品安全规程,ACTIVE,2011-01-09,2011-05-01,国家能源局,/石油工业标准化技术委员会石油工业安全专业标准化技术委员会,/危险化学品管理/民用爆炸品,,标准,SY 6501-2000,,,行业标准,
STD_GA_921_2011,standard,,民用爆炸物品警示标识、登记标识通则,ACTIVE,2011-01-13,2011-05-01,公安部,/全国安全防范报警系统标准化技术委员会,/危险化学品管理/分类、标志,,标准,,,,行业标准,
STD_SN_T_2498.2_2010,standard,,进出口烟花爆竹制品基本环境试验规范 试验Ed：自由跌落,ACTIVE,2010-03-02,2010-09-16,国家质量监督检验检疫总局,/国家认证认可监督管理委员会,/危险化学品管理/危害性测定;/危险化学品管理/烟花爆竹,,标准,,,,行业标准,
STD_SN_T_2498.1_2010,standard,,进出口烟花爆竹制品基本环境试验规范 试验Db：交变湿热试验方法,ACTIVE,2010-03-02,2010-09-16,国家质量监督检验检疫总局,/国家认证认可监督管理委员会,/危险化学品管理/危害性测定;/危险化学品管理/烟花爆竹,,标准,,,,行业标准,
STD_SN_T_2543_2010,standard,,进出口危险货物标签,ACTIVE,2010-03-02,2010-09-16,国家质量监督检验检疫总局,/国家认证认可监督管理委员会,/危险化学品管理/分类、标志,,标准,,,,行业标准,
STD_SN_T_2502_2010,standard,,进出口危险品电池运输包装检验规程,ACTIVE,2010-03-02,2010-09-16,国家质量监督检验检疫总局,/国家认证认可监督管理委员会,/危险化学品管理/包装,,标准,,,,行业标准,
STD_SN_T_2414.2_2010,standard,,危险化学品的分类 第2部分：物理危害,ACTIVE,2010-01-10,2010-07-16,国家质量监督检验检疫总局,/国家认证认可监督管理委员会,/危险化学品管理/分类、标志;/危险化学品管理/危害性测定,,标准,,,,行业标准,
STD_SN_T_2414.1_2010,standard,,危险化学品的分类 第1部分：健康和环境危害,ACTIVE,2010-01-10,2010-07-16,国家质量监督检验检疫总局,/国家认证认可监督管理委员会,/危险化学品管理/分类、标志;/危险化学品管理/危害性测定,,标准,,,,行业标准,
STD_GA_T_536.6_2010,standard,,易燃易爆危险品火灾危险性分级及试验方法 第6部分：液体氧化性物质,ABOLISHED,2010-05-21,2010-07-01,公安部,/全国消防标准化技术委员会基础标准分技术委员会,/危险化学品管理/危害性测定;/化学化工检测检验/检测检验,,标准,,,,行业标准,
STD_XF_T_536.6_2010,standard,,易燃易爆危险品火灾危险性分级及试验方法 第6部分：液体氧化性物质,ACTIVE,2010-05-21,2010-07-01,应急管理部,/全国消防标准化技术委员会基础标准分技术委员会,/危险化学品管理/危害性测定;/化学化工检测检验/检测检验,,标准,,,,行业标准,
STD_SN_T_2361.2_2009,standard,,进出口危险品货物包装安全规范 第2部分：感染性物质,ACTIVE,2009-09-02,2010-03-16,国家质量监督检验检疫总局,/国家认证认可监督管理委员会,/危险化学品管理/包装,,标准,,,,行业标准,
STD_SN_T_2361.1_2009,standard,,进出口危险品货物包装安全规范 第1部分：有限数量,ACTIVE,2009-09-02,2010-03-16,国家质量监督检验检疫总局,/国家认证认可监督管理委员会,/危险化学品管理/包装,,标准,,,,行业标准,
STD_SN_T_0370.2_2009,standard,,出口危险货物包装检验规程 第2部分：性能检验,ACTIVE,2009-07-07,2010-01-16,国家质量监督检验检疫总局,/国家认证认可监督管理委员会,/危险化学品管理/包装,,标准,"SN/T 0371-1995,SN 0449.2-1995,SN/T 0805.2-1999",,,行业标准,
STD_SN_T_0370.1_2009,standard,,出口危险货物包装检验规程 第1部分：总则,ACTIVE,2009-07-07,2010-01-16,国家质量监督检验检疫总局,/国家认证认可监督管理委员会,/危险化学品管理/包装,,标准,"SN/T 0370-1995,SN 0449.1-1995,SN/T 0805.1-1999",,,行业标准,
STD_SN_T_2244_2009,standard,,危险品自热物质自热试验方法,ACTIVE,2009-02-20,2009-09-01,国家质量监督检验检疫总局,/国家认证认可监督管理委员会,/危险化学品管理/危害性测定;/化学化工检测检验/检测检验,,标准,,,,行业标准,
STD_GA_837_2009,standard,,民用爆炸物品储存库治安防范要求,ACTIVE,2009-06-29,2009-08-01,公安部,/全国安全防范报警系统标准化技术委员会,/危险化学品管理/民用爆炸品,,标准,,,,行业标准,
STD_GA_838_2009,standard,,小型民用爆炸物品储存库安全规范,ACTIVE,2009-06-29,2009-08-01,公安部,/全国安全防范报警系统标准化技术委员会,/危险化学品管理/民用爆炸品,,标准,,,,行业标准,
STD_SN_T_2240_2008,standard,,危险品加速贮存试验-热分析法 差热分析法和热重分析法,ACTIVE,2008-11-18,2009-06-01,国家质量监督检验检疫总局,/国家认证认可监督管理委员会,/危险化学品管理/危害性测定;/化学化工检测检验/检测检验,,标准,,,,行业标准,
STD_SN_T_2170_2008,standard,,危险品金属腐蚀性试验方法,ACTIVE,2008-09-04,2009-03-16,国家质量监督检验检疫总局,/国家认证认可监督管理委员会,/危险化学品管理/危害性测定,,标准,,,,行业标准,
STD_SN_T_2167_2008,standard,,危险品生殖细胞致突变试验方法,ACTIVE,2008-09-04,2009-03-16,国家质量监督检验检疫总局,/国家认证认可监督管理委员会,/危险化学品管理/危害性测定,,标准,,,,行业标准,
STD_SN_T_2168_2008,standard,,危险品生殖毒性试验方法,ACTIVE,2008-09-04,2009-03-16,国家质量监督检验检疫总局,/国家认证认可监督管理委员会,/危险化学品管理/危害性测定,,标准,,,,行业标准,
STD_SN_T_2174_2008,standard,,危险品易燃液体闭杯闪点试验方法,ACTIVE,2008-09-04,2009-03-16,国家质量监督检验检疫总局,/国家认证认可监督管理委员会,/危险化学品管理/危害性测定,,标准,,,,行业标准,
STD_SN_T_2176_2008,standard,,危险品易燃液体溶剂分离试验方法,ACTIVE,2008-09-04,2009-03-16,国家质量监督检验检疫总局,/国家认证认可监督管理委员会,/危险化学品管理/危害性测定;/化学化工检测检验/检测检验,,标准,,,,行业标准,
STD_SN_T_2175_2008,standard,,危险品易燃液体持续燃烧试验方法,ACTIVE,2008-09-04,2009-03-16,国家质量监督检验检疫总局,/国家认证认可监督管理委员会,/危险化学品管理/危害性测定;/化学化工检测检验/检测检验,,标准,,,,行业标准,
STD_SN_T_2173_2008,standard,,危险品易燃固体自热试验方法,ACTIVE,2008-09-04,2009-03-16,国家质量监督检验检疫总局,/国家认证认可监督管理委员会,/危险化学品管理/危害性测定,,标准,,,,行业标准,
STD_SN_T_2165_2008,standard,,危险品急性经口毒性试验方法,ACTIVE,2008-09-04,2009-03-16,国家质量监督检验检疫总局,/国家认证认可监督管理委员会,/危险化学品管理/危害性测定,,标准,,,,行业标准,
STD_SN_T_2164_2008,standard,,危险品急性经口毒性 固定剂量试验方法,ACTIVE,2008-09-04,2009-03-16,国家质量监督检验检疫总局,/国家认证认可监督管理委员会,/危险化学品管理/危害性测定,,标准,,,,行业标准,
STD_SN_T_2166_2008,standard,,危险品急性吸入毒性试验方法,ACTIVE,2008-09-04,2009-03-16,国家质量监督检验检疫总局,/国家认证认可监督管理委员会,/危险化学品管理/危害性测定,,标准,,,,行业标准,
STD_SN_T_2171_2008,standard,,危险品喷雾剂燃烧热试验方法,ACTIVE,2008-09-04,2009-03-16,国家质量监督检验检疫总局,/国家认证认可监督管理委员会,/危险化学品管理/危害性测定,,标准,,,,行业标准,
STD_AQ_4102_2008,standard,,烟花爆竹流向登记通用规范,ACTIVE,2008-11-19,2009-01-01,国家安全生产监督管理总局,/全国安全生产标准化技术委员会,/危险化学品管理/烟花爆竹;/原料及产品/火工产品,,标准,,,,行业标准,
STD_AQ_4110_2008,standard,,烟花爆竹机械 结鞭机,ACTIVE,2008-11-19,2009-01-01,国家安全生产监督管理总局,/全国安全生产标准化技术委员会,/设备设施安全;/危险化学品管理/烟花爆竹;/原料及产品/火工产品,,标准,,,,行业标准,
STD_AQ_4109_2008,standard,,烟花爆竹机械 爆竹插引机,ACTIVE,2008-11-19,2009-01-01,国家安全生产监督管理总局,/全国安全生产标准化技术委员会,/设备设施安全;/危险化学品管理/烟花爆竹;/原料及产品/火工产品,,标准,,,,行业标准,
STD_AQ_4107_2008,standard,,烟花爆竹机械 滚筒造粒机,ACTIVE,2008-11-19,2009-01-01,国家安全生产监督管理总局,/全国安全生产标准化技术委员会,/设备设施安全;/危险化学品管理/烟花爆竹;/原料及产品/火工产品,,标准,,,,行业标准,
STD_AQ_4108_2008,standard,,烟花爆竹机械 引线机,ACTIVE,2008-11-19,2009-01-01,国家安全生产监督管理总局,/全国安全生产标准化技术委员会,/设备设施安全;/危险化学品管理/烟花爆竹;/原料及产品/火工产品,,标准,,,,行业标准,
STD_AQ_4112_2008,standard,,烟花爆竹出厂包装检验规程,ABOLISHED,2008-11-19,2009-01-01,国家安全生产监督管理总局,/全国安全生产标准化技术委员会,/危险化学品管理/烟花爆竹;/危险化学品管理/包装;/原料及产品/火工产品,,标准,,,,行业标准,
STD_AQ_4111_2008,standard,,烟花爆竹作业场所机械电器安全规范,ACTIVE,2008-11-19,2009-01-01,国家安全生产监督管理总局,/全国安全生产标准化技术委员会,/设备设施安全;/危险化学品管理/烟花爆竹;/原料及产品/火工产品,,标准,,,,行业标准,
STD_AQ_4106_2008,standard,,烟花爆竹作业场所接地电阻测量方法,ACTIVE,2008-11-19,2009-01-01,国家安全生产监督管理总局,/全国安全生产标准化技术委员会,/电气安全;/危险化学品管理/烟花爆竹;/原料及产品/火工产品,,标准,,,,行业标准,
STD_AQ_4113_2008,standard,,烟花爆竹企业安全评价规范,ACTIVE,2008-11-19,2009-01-01,国家安全生产监督管理总局,/全国安全生产标准化技术委员会,/通用安全管理/风险管理;/危险化学品管理/烟花爆竹;/原料及产品/火工产品,,标准,,,,行业标准,
STD_AQ_4101_2008,standard,,烟花爆竹企业安全监控系统通用技术条件,ACTIVE,2008-11-19,2009-01-01,国家安全生产监督管理总局,/全国安全生产标准化技术委员会,/生产（工艺）安全;/危险化学品管理/烟花爆竹;/原料及产品/火工产品,,标准,,,,行业标准,
STD_AQ_4103_2008,standard,,烟花爆竹 烟火药认定方法,ACTIVE,2008-11-19,2009-01-01,国家安全生产监督管理总局,/全国安全生产标准化技术委员会,/危险化学品管理/烟花爆竹;/原料及产品/火工产品,,标准,,,,行业标准,
STD_AQ_4104_2008,standard,,烟花爆竹 烟火药安全性指标及测定方法,ACTIVE,2008-11-19,2009-01-01,国家安全生产监督管理总局,/全国安全生产标准化技术委员会,/危险化学品管理/烟花爆竹;/原料及产品/火工产品,,标准,,,,行业标准,
STD_AQ_4105_2008,standard,,烟花爆竹 烟火药TNT当量测定方法,ABOLISHED,2008-11-19,2009-01-01,国家安全生产监督管理总局,/全国安全生产标准化技术委员会,/危险化学品管理/烟花爆竹;/原料及产品/火工产品,,标准,,,,行业标准,
STD_SN_T_1935.3_2007,standard,,出口危险货物罐式集装箱包装检验规程 第3部分：使用鉴定,ACTIVE,2007-08-06,2008-03-01,国家质量监督检验检疫总局,/国家认证认可监督管理委员会,/危险化学品管理/包装,,标准,,,,行业标准,
STD_SN_T_1935.2_2007,standard,,出口危险货物罐式集装箱包装检验规程 第2部分：性能检验,ACTIVE,2007-08-06,2008-03-01,国家质量监督检验检疫总局,/国家认证认可监督管理委员会,/危险化学品管理/包装,,标准,,,,行业标准,
STD_SN_T_1935.1_2007,standard,,出口危险货物罐式集装箱包装检验规程 第1部分：总则,ACTIVE,2007-08-06,2008-03-01,国家质量监督检验检疫总局,/国家认证认可监督管理委员会,/危险化学品管理/包装,,标准,,,,行业标准,
STD_SN_T_1936.3_2007,standard,,出口危险货物大包装检验方法 第3部分：使用鉴定,ACTIVE,2007-08-06,2008-03-01,国家质量监督检验检疫总局,/国家认证认可监督管理委员会,/危险化学品管理/包装,,标准,,,,行业标准,
STD_SN_T_1936.2_2007,standard,,出口危险货物大包装检验方法 第2部分：性能检验,ACTIVE,2007-08-06,2008-03-01,国家质量监督检验检疫总局,/国家认证认可监督管理委员会,/危险化学品管理/包装,,标准,,,,行业标准,
STD_SN_T_1936.1_2007,standard,,出口危险货物大包装检验方法 第1部分：总则,ACTIVE,2007-08-06,2008-03-01,国家质量监督检验检疫总局,/国家认证认可监督管理委员会,/危险化学品管理/包装,,标准,,,,行业标准,
STD_AQ_3011_2007,standard,,连二亚硫酸钠包装安全要求,ACTIVE,2007-10-22,2008-01-01,国家安全生产监督管理总局,/全国安全生产标准化技术委员会化学品安全分技术委员会,/危险化学品管理/包装;/原料及产品/化学助剂、表面活性剂、催化剂、水处理剂等,,标准,,,,行业标准,
STD_SN_T_1828.14_2006,standard,,进出口危险货物分类试验方法 第14部分：锂电池组,ACTIVE,2006-11-10,2007-05-16,国家质量监督检验检疫总局,/国家认证认可监督管理委员会,/危险化学品管理/分类、标志;/危险化学品管理/危害性测定,,标准,,,,行业标准,
STD_SN_T_1731.8_2006,standard,,出口烟花爆竹用焰火药剂安全性能检验方法 第8部分：着火温度测定,ACTIVE,2006-01-26,2006-08-16,国家质量监督检验检疫总局,/国家认证认可监督管理委员会,/危险化学品管理/危害性测定;/危险化学品管理/烟花爆竹;/原料及产品/火工产品;/化学化工检测检验/检测检验,,标准,,,,行业标准,
STD_SN_T_1731.7_2006,standard,,出口烟花爆竹用焰火药剂安全性能检验方法 第7部分：吸湿性测定,ACTIVE,2006-01-26,2006-08-16,国家质量监督检验检疫总局,/国家认证认可监督管理委员会,/危险化学品管理/危害性测定;/危险化学品管理/烟花爆竹;/原料及产品/火工产品;/化学化工检测检验/检测检验,,标准,,,,行业标准,
STD_SN_T_1731.6_2006,standard,,出口烟花爆竹用焰火药剂安全性能检验方法 第6部分：摩擦感度测定,ACTIVE,2006-01-26,2006-08-16,国家质量监督检验检疫总局,/国家认证认可监督管理委员会,/危险化学品管理/危害性测定;/危险化学品管理/烟花爆竹;/原料及产品/火工产品;/化学化工检测检验/检测检验,,标准,,,,行业标准,
STD_SN_T_1731.5_2006,standard,,出口烟花爆竹用焰火药剂安全性能检验方法 第5部分：撞击感度测定,ACTIVE,2006-01-26,2006-08-16,国家质量监督检验检疫总局,/国家认证认可监督管理委员会,/危险化学品管理/危害性测定;/危险化学品管理/烟花爆竹;/原料及产品/火工产品;/化学化工检测检验/检测检验,,标准,,,,行业标准,
STD_SN_T_1731.4_2006,standard,,出口烟花爆竹用焰火药剂安全性能检验方法 第4部分：禁用限用药物定性分析,ACTIVE,2006-01-26,2006-08-16,国家质量监督检验检疫总局,/国家认证认可监督管理委员会,/危险化学品管理/危害性测定;/危险化学品管理/烟花爆竹;/原料及产品/火工产品;/化学化工检测检验/检测检验,,标准,,,,行业标准,
STD_SN_T_1731.3_2006,standard,,出口烟花爆竹用焰火药剂安全性能检验方法 第3部分：爆发点测定,ACTIVE,2006-01-26,2006-08-16,国家质量监督检验检疫总局,/国家认证认可监督管理委员会,/危险化学品管理/危害性测定;/危险化学品管理/烟花爆竹;/原料及产品/火工产品;/化学化工检测检验/检测检验,,标准,,,,行业标准,
STD_SN_T_1731.1_2006,standard,,出口烟花爆竹用焰火药剂安全性能检验方法 第1部分：总则,ACTIVE,2006-01-26,2006-08-16,国家质量监督检验检疫总局,/国家认证认可监督管理委员会,/危险化学品管理/危害性测定;/危险化学品管理/烟花爆竹;/原料及产品/火工产品;/化学化工检测检验/检测检验,,标准,,,,行业标准,
STD_SN_T_1725_2006,standard,,出口烟花爆竹术语,ACTIVE,2006-01-26,2006-08-16,国家质量监督检验检疫总局,/国家认证认可监督管理委员会,/危险化学品管理/分类、标志;/危险化学品管理/烟花爆竹;/原料及产品/火工产品,,标准,,,,行业标准,
STD_SN_T_1730.7_2006,standard,,出口烟花爆竹安全性能检验方法 第7部分：包装鉴定,ACTIVE,2006-01-26,2006-08-16,国家质量监督检验检疫总局,/国家认证认可监督管理委员会,/危险化学品管理/危害性测定;/危险化学品管理/烟花爆竹;/原料及产品/火工产品;/化学化工检测检验/检测检验,,标准,,,,行业标准,
STD_SN_T_1730.6_2006,standard,,出口烟花爆竹安全性能检验方法 第6部分：殉爆试验,ACTIVE,2006-01-26,2006-08-16,国家质量监督检验检疫总局,/国家认证认可监督管理委员会,/危险化学品管理/危害性测定;/危险化学品管理/烟花爆竹;/原料及产品/火工产品;/化学化工检测检验/检测检验,,标准,,,,行业标准,
STD_SN_T_1730.5_2006,standard,,出口烟花爆竹安全性能检验方法 第5部分：跌落试验,ACTIVE,2006-01-26,2006-08-16,国家质量监督检验检疫总局,/国家认证认可监督管理委员会,/危险化学品管理/危害性测定;/危险化学品管理/烟花爆竹;/原料及产品/火工产品;/化学化工检测检验/检测检验,,标准,,,,行业标准,
STD_SN_T_1730.4_2006,standard,,出口烟花爆竹安全性能检验方法 第4部分：抗振动试验,ACTIVE,2006-01-26,2006-08-16,国家质量监督检验检疫总局,/国家认证认可监督管理委员会,/危险化学品管理/危害性测定;/危险化学品管理/烟花爆竹;/原料及产品/火工产品;/化学化工检测检验/检测检验,,标准,,,,行业标准,
STD_SN_T_1730.3_2006,standard,,出口烟花爆竹安全性能检验方法 第3部分：低温稳定性试验,ACTIVE,2006-01-26,2006-08-16,国家质量监督检验检疫总局,/国家认证认可监督管理委员会,/危险化学品管理/危害性测定;/危险化学品管理/烟花爆竹;/原料及产品/火工产品;/化学化工检测检验/检测检验,,标准,,,,行业标准,
STD_SN_T_1730.2_2006,standard,,出口烟花爆竹安全性能检验方法 第2部分：75℃热稳定性试验,ACTIVE,2006-01-26,2006-08-16,国家质量监督检验检疫总局,/国家认证认可监督管理委员会,/危险化学品管理/危害性测定;/危险化学品管理/烟花爆竹;/原料及产品/火工产品;/化学化工检测检验/检测检验,,标准,,,,行业标准,
STD_SN_T_1730.1_2006,standard,,出口烟花爆竹安全性能检验方法 第1部分：总则,ACTIVE,2006-01-26,2006-08-16,国家质量监督检验检疫总局,/国家认证认可监督管理委员会,/危险化学品管理/危害性测定;/危险化学品管理/烟花爆竹;/原料及产品/火工产品;/化学化工检测检验/检测检验,,标准,,,,行业标准,
STD_SN_T_1727_2006,standard,,出口烟花爆竹危险等级分类方法,ACTIVE,2006-01-26,2006-08-16,国家质量监督检验检疫总局,/国家认证认可监督管理委员会,/危险化学品管理/分类、标志;/危险化学品管理/烟花爆竹;/原料及产品/火工产品,,标准,,,,行业标准,
STD_XF_T_536.5_2005,standard,,易燃易爆危险品火灾危险性分级及试验方法 第5部分：固体氧化性物质分级试验方法,ACTIVE,2005-03-17,2005-10-01,应急管理部,/全国消防标准化技术委员会基础标准分技术委员会,/危险化学品管理/危害性测定;/化学化工检测检验/检测检验,,标准,,,,行业标准,
STD_GA_T_536.5_2005,standard,,易燃易爆危险品火灾危险性分级及试验方法 第5部分：固体氧化性物质分级试验方法,ABOLISHED,2005-03-17,2005-10-01,公安部,/全国消防标准化技术委员会基础标准分技术委员会,/危险化学品管理/危害性测定;/化学化工检测检验/检测检验,,标准,,,,行业标准,
STD_GA_T_536.4_2005,standard,,易燃易爆危险品火灾危险性分级及试验方法 第4部分：遇水放出易燃气体物质分级试验方法,ABOLISHED,2005-03-17,2005-10-01,公安部,/全国消防标准化技术委员会基础标准分技术委员会,/危险化学品管理/危害性测定;/化学化工检测检验/检测检验,,标准,,,,行业标准,
STD_XF_T_536.4_2005,standard,,易燃易爆危险品火灾危险性分级及试验方法 第4部分：遇水放出易燃气体物质分级试验方法,ACTIVE,2005-03-17,2005-10-01,应急管理部,/全国消防标准化技术委员会基础标准分技术委员会,/危险化学品管理/危害性测定;/化学化工检测检验/检测检验,,标准,,,,行业标准,
STD_XF_T_536.3_2005,standard,,易燃易爆危险品火灾危险性分级及试验方法 第3部分：易于自燃的物质分级试验方法,ACTIVE,2005-03-17,2005-10-01,应急管理部,/全国消防标准化技术委员会基础标准分技术委员会,/危险化学品管理/危害性测定;/化学化工检测检验/检测检验,,标准,,,,行业标准,
STD_GA_T_536.3_2005,standard,,易燃易爆危险品火灾危险性分级及试验方法 第3部分：易于自燃的物质分级试验方法,ABOLISHED,2005-03-17,2005-10-01,公安部,/全国消防标准化技术委员会基础标准分技术委员会,/危险化学品管理/危害性测定;/化学化工检测检验/检测检验,,标准,,,,行业标准,
STD_GA_T_536.2_2005,standard,,易然易爆危险品火灾危险性分级及试验方法 第2部分：易燃固体分级试验方法,ABOLISHED,2005-03-17,2005-10-01,公安部,/全国消防标准化技术委员会基础标准分技术委员会,/危险化学品管理/危害性测定;/化学化工检测检验/检测检验,,标准,,,,行业标准,
STD_XF_T_536.2_2005,standard,,易然易爆危险品火灾危险性分级及试验方法 第2部分：易燃固体分级试验方法,ACTIVE,2005-03-17,2005-10-01,应急管理部,/全国消防标准化技术委员会基础标准分技术委员会,/危险化学品管理/危害性测定;/化学化工检测检验/检测检验,,标准,,,,行业标准,
STD_SN_T_0893_2000,standard,,海运出口危险货物塑编集装袋性能检验规程,ACTIVE,2000-06-22,2000-11-01,国家质量监督检验检疫总局,/国家认证认可监督管理委员会,/危险化学品管理/包装,,标准,ZB A82003-1988,,,行业标准,
STD_HG_2823_1997,standard,,一氟三氯甲烷包装钢桶,ACTIVE,1997-01-15,1997-05-01,化学工业部,/化学工业部北京化工研究院,/危险化学品管理/包装,,标准,,,,行业标准,
REG_ZV9X49ED3DB8F163DE2F,regulation,鄂应急〔2026〕9号,湖北省应急管理厅办公室印发《湖北省危险化学品建设项目安全审查要点》(试行)的通知,ACTIVE,2026-05-28,2026-05-28,湖北省应急管理厅,,/通用安全管理/综合管理;/危险化学品管理/安全管理要求,/湖北省,地方法规文件,,ZV9X49ED3DB8F163DE2F,36E2204DDFF230C1,法规,
REG_ZV9X3B26E8E154C7FBB1,regulation,国令第828号,中华人民共和国药品管理法实施条例(2026修订),ACTIVE,2026-01-16,2026-05-15,国务院,,/危险化学品管理/安全管理要求,,行政法规,中华人民共和国药品管理法实施条例(2024修订),ZV9X3B26E8E154C7FBB1,30733CA9D77A9D91,法规,
REG_ZV9X09ADA20299EF5050,regulation,主席令64号,中华人民共和国危险化学品安全法,ACTIVE,2025-12-27,2026-05-01,全国人民代表大会常务委员会,,/危险化学品管理/安全管理要求,,法律,,ZV9X09ADA20299EF5050,056167FD0950976C,法规,
REG_ZV9XD225EC961EF61E52,regulation,应急厅函〔2026〕159号,应急管理部办公厅关于认真做好3—氯丙炔等5种危险化学品安全监管工作的通知,ACTIVE,2026-04-28,2026-04-28,应急管理部,,/危险化学品管理/安全管理要求,,规范性文件,,ZV9XD225EC961EF61E52,824F1F0716137163,法规,
REG_ZV9XBC775342F5E5399B,regulation,应急管理部等10部门公告（2026年第3号）,中华人民共和国应急管理部、中华人民共和国工业和信息化部、中华人民共和国公安部、中华人民共和国生态环境部、中华人民共和国交通运输部、中华人民共和国农业农村部、中华人民共和国国家卫生健康委员会、国家市场监督管理总局、国家铁路局、中国民用航空局公告2026年第3号—关于公布将3-氯丙炔等5种化学品纳入《危险化学品目录(2015版)》的公告,ACTIVE,2026-04-09,2026-04-09,农业农村部;中国民用航空局;应急管理部;生态环境部;交通运输部;国家卫生健康委员会;国家市场监督管理总局;公安部;工业和信息化部;国家铁路局,,/危险化学品管理/名录,,规范性文件,,ZV9XBC775342F5E5399B,7F401578A10502D7,法规,
REG_ZV9X497B8864095AAAEE,regulation,沪应急危化〔2026〕13号,上海市应急管理局关于加强危险化学品企业吨桶安全管理工作的通知,ACTIVE,2026-03-31,2026-03-31,上海市应急管理局,,/危险化学品管理/包装,/上海,地方法规文件,,ZV9X497B8864095AAAEE,53AE1C4CB1A416BE,法规,
REG_ZV9XC57E24C6E8E19119,regulation,新建规〔2026〕1号,新疆维吾尔自治区住房城乡建设厅、新疆维吾尔自治区国防动员办公室、新疆维吾尔自治区自然资源厅、新疆维吾尔自治区交通运输厅、新疆维吾尔自治区水利厅关于印发《新疆维吾尔自治区防范第三方施工破坏城镇燃气管道管理办法(试行)》的通知,ACTIVE,2026-01-27,2026-03-01,新疆维吾尔自治区自然资源厅;新疆维吾尔自治区交通运输厅;新疆维吾尔自治区住房城乡建设厅;新疆维吾尔自治区国防动员办公室;新疆维吾尔自治区水利厅,,/危险化学品管理/城镇燃气,/新疆维吾尔自治区,地方法规文件,,ZV9XC57E24C6E8E19119,A87178B78A07C154,法规,
REG_ZV9X6E5B2598DA2BF2A4,regulation,苏建规字〔2026〕1号,江苏省住房和城乡建设厅、江苏省公安厅、江苏省自然资源厅、江苏省应急管理厅、江苏省通信管理局、国网江苏省电力有限公司关于印发《江苏省防范第三方施工破坏城市燃气管道若干措施》的通知,ACTIVE,2026-01-29,2026-03-01,江苏省住房和城乡建设厅;江苏省应急管理厅;江苏省自然资源厅;江苏省公安厅;江苏省通信管理局;国网江苏省电力有限公司,,/危险化学品管理/城镇燃气,/江苏省,地方法规文件,,ZV9X6E5B2598DA2BF2A4,F8C584FC5D54DCC3,法规,
REG_ZV9XDDA9209EE6D3CAC7,regulation,辽宁省人民代表大会常务委员会公告﹝14届﹞第51号,辽宁省城镇燃气管理条例(2026修正),ACTIVE,2026-01-25,2026-03-01,辽宁省人民代表大会常务委员会,,/危险化学品管理/城镇燃气,/辽宁省,地方法规文件,辽宁省城镇燃气管理条例(2022修正),ZV9XDDA9209EE6D3CAC7,47AE9D7436157FA7,法规,
REG_ZV9XBB069001346365D5,regulation,鲁建城建字〔2026〕1号,山东省住房和城乡建设厅、山东省公安厅、山东省自然资源厅、山东省水利厅、山东省应急管理厅、山东省市场监督管理局关于印发《山东省燃气管道设施保护办法》的通知,ACTIVE,2026-01-05,2026-03-01,山东省应急管理厅;山东省市场监督管理局;山东省住房和城乡建设厅;山东省自然资源厅;山东省公安厅;山东省水利厅,,/储运（含管道、站场）安全;/危险化学品管理/城镇燃气,/山东省,地方法规文件,,ZV9XBB069001346365D5,433F303C5ABA9E3D,法规,
REG_ZV9X1ED8BEA47DE6210A,regulation,上海市人民代表大会常务委员会公告〔16届〕第70号,上海市燃气条例,ACTIVE,2025-11-26,2026-02-25,上海市人民代表大会常务委员会,,/危险化学品管理/城镇燃气,/上海,地方法规文件,上海市燃气管理条例(2016修正),ZV9X1ED8BEA47DE6210A,1EB64637AC7A4AB8,法规,
REG_ZV9XD9F88EBA0117D399,regulation,,中国民用航空局关于公布《航空运输危险品目录(2026年版)》的公告,ACTIVE,2026-01-16,2026-01-16,中国民用航空局,,/危险化学品管理/分类、标志;/交通运输安全,,规范性文件,中国民用航空局关于公布《航空运输危险品目录》(2021版)的公告,ZV9XD9F88EBA0117D399,B4C9EDF41293D148,法规,
REG_ZV9XECC29A03641DF4AA,regulation,云建城〔2026〕1号,云南省住房和城乡建设厅关于印发《云南省防范第三方施工破坏燃气管道若干管理措施》的通知,ACTIVE,2026-01-04,2026-01-04,云南省住房和城乡建设厅,,/危险化学品管理/城镇燃气,/云南省,地方法规文件,,ZV9XECC29A03641DF4AA,5DC7A2B08E6129E3,法规,
REG_ZV9X11FAD074A9180C4B,regulation,湖北省人民代表大会常务委员会公告第371号,湖北省燃气管理条例(2025修订),ACTIVE,2025-09-25,2026-01-01,湖北省人民代表大会常务委员会,,/危险化学品管理/城镇燃气,/湖北省,地方法规文件,湖北省燃气管理条例(2007修订),ZV9X11FAD074A9180C4B,51398F7DD5FAA793,法规,
REG_ZV9X32BDFFFCA1EC940D,regulation,工业和信息化部令第72号,民用爆炸物品销售许可实施办法(2025),ACTIVE,2025-10-21,2026-01-01,工业和信息化部,,/危险化学品管理/民用爆炸品,,部门规章,民用爆炸物品销售许可实施办法(2015修订),ZV9X32BDFFFCA1EC940D,8CCC25D0A2FE8BA0,法规,
REG_ZV9XFC50064953C72049,regulation,上海市人民政府令第24号,上海市液化石油气管理办法(2025修正),ACTIVE,2025-12-29,2025-12-29,上海市人民政府,,/危险化学品管理/城镇燃气,/上海,地方法规文件,上海市液化石油气管理办法(2020),ZV9XFC50064953C72049,8F1D35B1CF436C5D,法规,
REG_ZV9X4CB13DB0DFAA2426,regulation,上海市人民政府令第24号,上海市燃气管道设施保护办法(2025修正),ACTIVE,2025-12-29,2025-12-29,上海市人民政府,,/危险化学品管理/城镇燃气,/上海,地方法规文件,上海市燃气管道设施保护办法(2018修正),ZV9X4CB13DB0DFAA2426,459A1E66B2C45449,法规,
REG_ZV9X8E1FBC447FAA2D5C,regulation,晋应急发〔2025〕312号,山西省应急管理厅关于做好全省烟花爆竹经营安全监督管理工作的通知,ACTIVE,2025-12-21,2025-12-21,山西省应急管理厅,,/危险化学品管理/烟花爆竹,/山西省,地方法规文件,,ZV9X8E1FBC447FAA2D5C,E466DD53F378CE50,法规,
REG_ZV9X40E5FE9FE95FA526,regulation,,陕西省燃气管理条例(2025修正),ACTIVE,2025-11-28,2025-11-28,陕西省人民代表大会常务委员会,,/危险化学品管理/城镇燃气,/陕西省,地方法规文件,陕西省燃气管理条例(2015修正),ZV9X40E5FE9FE95FA526,9D2938F442949811,法规,
REG_ZV9XB3FE86E131EE0ADA,regulation,广西壮族自治区人大常委会公告14届第47号,广西壮族自治区燃气管理条例(2025修正),ACTIVE,2025-11-27,2025-11-27,广西壮族自治区人大常务委员会,,/危险化学品管理/城镇燃气,/广西壮族自治区,地方法规文件,广西壮族自治区燃气管理条例(2023修订),ZV9XB3FE86E131EE0ADA,5EE647B9D0BBB3BE,法规,
REG_ZV9XC679945B5BB36760,regulation,鲁安发〔2025〕29 号,山东省人民政府安全生产委员会关于印发《关于切实加强使用危险化学品的化工企业安全生产工作的指导意见》的通知,ACTIVE,2025-11-20,2025-11-20,山东省人民政府安全生产委员会,,/危险化学品管理/安全管理要求,/山东省,地方法规文件,,ZV9XC679945B5BB36760,C4F1B0F58F107A73,法规,
REG_ZV9X9AAF8848FA63A27C,regulation,商务部公告2025年第73号,商务部等5部门关于调整《向特定国家（地区）出口易制毒化学品管理目录》《特定国家（地区）目录》的公告,ACTIVE,2025-11-10,2025-11-10,商务部;海关总署;应急管理部;公安部;国家药品监督管理局,,/危险化学品管理/安全管理要求,,规范性文件,,ZV9X9AAF8848FA63A27C,6DB1A8E937DACA85,法规,
REG_ZV9X99C2F2FCD7F2C32A,regulation,福建省人民代表大会常务委员会公告〔十四届〕第四十号,福建省燃气管理条例(2025修订),ACTIVE,2025-05-30,2025-11-01,福建省人民代表大会常务委员会,,/危险化学品管理/城镇燃气,/福建省,地方法规文件,,ZV9X99C2F2FCD7F2C32A,175AF306EAB791A1,法规,
REG_ZV9X387639AAA4BB9610,regulation,四川省第十四届人民代表大会常务委员会公告第75号,四川省燃气管理条例(2025修订),ACTIVE,2025-07-30,2025-10-01,四川省人民代表大会常务委员会,,/危险化学品管理/城镇燃气,/四川省,地方法规文件,四川省燃气管理条例(2016修订),ZV9X387639AAA4BB9610,A8F9B355A5D0E195,法规,
REG_ZV9X6B90E3A2A82744DF,regulation,贵州省人民代表大会常务委员会公告2025第13号,贵州省城镇燃气管理条例(2025修正),ACTIVE,2025-08-01,2025-08-15,贵州省人民代表大会常务委员会,,/危险化学品管理/城镇燃气,/贵州省,地方法规文件,贵州省城镇燃气管理条例(2021修正),ZV9X6B90E3A2A82744DF,E7AE3B807CCB9055,法规,
REG_ZV9XC797F67110005FAB,regulation,,公安部、商务部、国家卫生健康委员会、应急管理部、海关总署、国家药品监督管理局关于将4—哌啶酮和1—叔丁氧羰基—4—哌啶酮列为易制毒化学品管理的公告,ACTIVE,2025-06-20,2025-07-20,商务部;海关总署;应急管理部;国家卫生健康委员会;公安部;国家药品监督管理局,,/危险化学品管理/安全管理要求,,规范性文件,,ZV9XC797F67110005FAB,D9B5963D754E1154,法规,
REG_ZV9X338642AA6337C8C6,regulation,兵建发〔2025〕31号,新疆生产建设兵团住房城乡建设局关于印发《新疆生产建设兵团防范第三方施工破坏燃气管道管理办法(暂行)》的通知,ACTIVE,2025-06-24,2025-07-01,新疆生产建设兵团住房和城乡建设局,,/危险化学品管理/城镇燃气,/新疆维吾尔自治区,地方法规文件,,ZV9X338642AA6337C8C6,0B15412946B83479,法规,
REG_ZV9X5613EA333A8CEF10,regulation,冀建燃规范〔2025〕6号,河北省住房和城乡建设厅关于印发《河北省管道燃气经营企业安全生产标准化定级暂行办法》的通知,ACTIVE,2025-04-11,2025-04-11,河北省住房和城乡建设厅,,/危险化学品管理/城镇燃气,/河北省,地方法规文件,,ZV9X5613EA333A8CEF10,BCBC553207031A20,法规,
REG_ZV9X127916ADF022B480,regulation,湘建建函〔2025〕47号,湖南省住房和城乡建设厅 湖南省自然资源厅关于进一步加强城镇燃气设施工程质量安全管理的通知,ACTIVE,2025-04-01,2025-04-01,湖南省住房和城乡建设厅;湖南省自然资源厅,,/危险化学品管理/城镇燃气,/湖南省,地方法规文件,,ZV9X127916ADF022B480,8F9D6CC8410D41B5,法规,
REG_ZV9X526498E1DB07E750,regulation,冀建燃规范〔2025〕4号,河北省住房和城乡建设厅关于修订印发《河北省燃气经营许可实施办法》的通知(2025),ACTIVE,2025-03-31,2025-04-01,河北省住房和城乡建设厅,,/危险化学品管理/城镇燃气,/河北省,地方法规文件,,ZV9X526498E1DB07E750,DD0A12508D265419,法规,
REG_ZV9XF47B4E8523120302,regulation,河南省第十四届人民代表大会常务委员会公告第47号,河南省燃气管理条例,ACTIVE,2024-11-28,2025-04-01,河南省人民代表大会常务委员会,,/危险化学品管理/城镇燃气,/河南省,地方法规文件,,ZV9XF47B4E8523120302,7432F60A210CAA8C,法规,
REG_ZV9X2AA3061D479F4BF6,regulation,,广东省应急管理厅关于印发《广东省气雾剂生产企业戳罐作业安全指引(试行)》的通知,ACTIVE,2025-03-21,2025-03-21,广东省应急管理厅,,/危险化学品管理/安全管理要求,/广东省,地方法规文件,,ZV9X2AA3061D479F4BF6,7447DDE803BCD16B,法规,
REG_ZV9XA395E3B5FE6E401A,regulation,安委〔2025〕4号,国务院安全生产委员会关于强化危险化学品“一件事”全链条安全管理的措施,ACTIVE,2025-02-10,2025-02-10,国务院安全生产委员会,,/危险化学品管理/安全管理要求,,规范性文件,,ZV9XA395E3B5FE6E401A,04F7C24A38F98066,法规,
REG_ZV9X1563FC4CB650E9C3,regulation,云建规〔2024〕5号,云南省住房和城乡建设厅关于印发云南省燃气经营许可管理实施办法的通知,ACTIVE,2024-11-25,2025-02-01,云南省住房和城乡建设厅,,/危险化学品管理/城镇燃气,/云南省,地方法规文件,,ZV9X1563FC4CB650E9C3,9EBAB488A48C6824,法规,
REG_ZV9XC24312DB82ECBF86,regulation,浙江省建设厅公告〔2025〕2号,浙江省燃气用户安全问题排查导则(试行),ACTIVE,2025-01-24,2025-01-24,浙江省住房和城乡建设厅,,/危险化学品管理/城镇燃气,/浙江省,地方法规文件,,ZV9XC24312DB82ECBF86,6C4CD24DFACDAD49,法规,
REG_ZV9X8C6805468B99FD91,regulation,浙江省建设厅公告〔2025〕2号,浙江省燃气安全隐患排查导则—液化石油气(试行),ACTIVE,2025-01-24,2025-01-24,浙江省住房和城乡建设厅,,/危险化学品管理/城镇燃气,/浙江省,地方法规文件,,ZV9X8C6805468B99FD91,1CBB933808A672C4,法规,
REG_ZV9X8302E29747C5EF76,regulation,浙江省建设厅公告〔2025〕2号,浙江省燃气安全隐患排查导则—天然气(试行),ACTIVE,2025-01-24,2025-01-24,浙江省住房和城乡建设厅,,/危险化学品管理/城镇燃气,/浙江省,地方法规文件,,ZV9X8302E29747C5EF76,B1FDB5326D86D7CC,法规,
REG_ZV9X86882DA03C87C997,regulation,国务院令第797号,中华人民共和国药品管理法实施条例(2024修订),ABOLISHED,2024-12-06,2025-01-20,国务院,,/危险化学品管理/安全管理要求,,行政法规,中华人民共和国药品管理法实施条例(2019修订),ZV9X86882DA03C87C997,D2E34DAF4466ABED,法规,
REG_ZV9X1A3E23D3906A31A6,regulation,国令第797号,放射性药品管理办法(2024修订),ACTIVE,2024-12-06,2025-01-20,国务院,,/通用安全管理/综合管理;/危险化学品管理/安全管理要求,,行政法规,放射性药品管理办法(2022修订),ZV9X1A3E23D3906A31A6,C238CC805A867ECD,法规,
REG_ZV9X43915227BD2CDB4A,regulation,江苏省人大常委会公告第29号,江苏省燃气管理条例(2025修正),ACTIVE,2025-01-14,2025-01-14,江苏省人民代表大会常务委员会,,/危险化学品管理/城镇燃气,/江苏省,地方法规文件,江苏省燃气管理条例(2020),ZV9X43915227BD2CDB4A,1CBD6BCBA97F70C1,法规,
REG_ZV9X8247F74E8D47545A,regulation,粤建规范〔2024〕4号,广东省住房和城乡建设厅关于印发防范第三方施工破坏燃气管道管理办法(暂行)的通知,ACTIVE,2024-11-18,2025-01-01,广东省住房和城乡建设厅,,/危险化学品管理/城镇燃气,/广东省,地方法规文件,,ZV9X8247F74E8D47545A,02D552C7334873B8,法规,
REG_ZV9X6C9E5B4B31DACBCF,regulation,海南省人民代表大会常务委员会公告第56号,海南省燃气管理条例(2024修订),ACTIVE,2024-11-29,2025-01-01,海南省人民代表大会常务委员会,,/危险化学品管理/城镇燃气,/海南省,地方法规文件,海南省燃气管理条例(2013修订),ZV9X6C9E5B4B31DACBCF,68663EE750A56AD6,法规,
REG_ZV9X8D941BA76EB2DF6D,regulation,湖北省人民政府令第433号,湖北省烟花爆竹安全管理办法(2024修订),ACTIVE,2024-11-30,2024-11-30,湖北省人民政府,,/危险化学品管理/烟花爆竹,/湖北省,地方法规文件,,ZV9X8D941BA76EB2DF6D,1FAB73DE3115177B,法规,
REG_ZV9X1B65E9531BD91AD0,regulation,浙安委办〔2024〕48号,浙江省安全生产委员会办公室关于印发《浙江省工贸企业危险化学品使用安全管理指南(试行)》的通知(2024修订),ACTIVE,2024-09-27,2024-09-27,浙江省安全生产委员会,,/危险化学品管理/安全管理要求,/浙江省,地方法规文件,浙江省应急管理厅关于印发《浙江省工贸企业危险化学品使用安全管理指南(试行)》的通知,ZV9X1B65E9531BD91AD0,B601E46758EF10CE,法规,
REG_ZV9X0F62DF038E7E5AB8,regulation,,"公安部、商务部、国家卫生健康委员会、应急管理部、海关总署、国家药品监督管理局关于将4—(N—苯基氨基)哌啶、1—叔丁氧羰基—4—(N—苯基氨基)哌啶、N—苯基—N—(4—哌啶基)丙酰胺、大麻二酚、2—甲基—3—苯基缩水甘油酸及其酯类、3—氧—2—苯基丁酸及其酯类、2—甲基—3—[3,4—(亚甲二氧基)苯基]缩水甘油酸酯类列入易制毒化学品管理的公告",ACTIVE,2024-08-08,2024-09-01,应急管理部,,/危险化学品管理/安全管理要求,,规范性文件,,ZV9X0F62DF038E7E5AB8,4A04FC0FED8B417E,法规,
REG_ZV9X0CCF08456F08909F,regulation,国家发展和改革委员会令2024年第21号,天然气利用管理办法,ACTIVE,2024-06-03,2024-08-01,国家发展和改革委员会,,/危险化学品管理/城镇燃气,,部门规章,,ZV9X0CCF08456F08909F,823ED77A27E36500,法规,
REG_ZV9X9EC3D6656CD52534,regulation,黔建城通〔2024〕61号 ​,贵州省住房和城乡建设厅等四部门关于印发贵州省城镇燃气管道“带病运行”专项治理工作方案的通知,ACTIVE,2024-07-17,2024-07-17,贵州省应急管理厅;贵州省市场监督管理局;贵州省发展和改革委员会;贵州省住房和城乡建设厅,,/危险化学品管理/城镇燃气,/贵州省,地方法规文件,,ZV9X9EC3D6656CD52534,85464DB39A547352,法规,
REG_ZV9X4A51E8EA4915B794,regulation,闽政办〔2024〕22号,福建省人民政府办公厅关于转发省公安厅等部门《硝酸铵类物品管理办法》的通知(2024),ACTIVE,2024-06-25,2024-06-25,福建省人民政府办公厅,,/危险化学品管理/民用爆炸品,/福建省,地方法规文件,,ZV9X4A51E8EA4915B794,8E6775DE2949A84A,法规,
REG_ZV9XE82DCB525A7F5A3A,regulation,甘肃省人民代表大会常务委员会公告第23号,甘肃省燃气管理条例,ACTIVE,2024-03-27,2024-05-01,甘肃省人民代表大会常务委员会,,/危险化学品管理/城镇燃气,/甘肃省,地方法规文件,,ZV9XE82DCB525A7F5A3A,05CBE6D4A31148F9,法规,
REG_ZV9X62DFB93D8CAB3D58,regulation,甘建城规〔2024〕3号,甘肃省住房和城乡建设厅关于印发《甘肃省城镇燃气安全风险分级管控与隐患排查治理双重预防机制管理办法》的通知,ACTIVE,2024-04-29,2024-04-29,甘肃省住房和城乡建设厅,,/通用安全管理/风险管理;/危险化学品管理/城镇燃气,/甘肃省,地方法规文件,,ZV9X62DFB93D8CAB3D58,492D80D2E94E102D,法规,
REG_ZV9X554B1289EEA3E6F2,regulation,吉建规〔2024〕1号,吉林省住房和城乡建设厅关于印发《吉林省燃气经营许可管理办法》的通知,ACTIVE,2024-04-19,2024-04-19,吉林省住房和城乡建设厅,,/危险化学品管理/城镇燃气,/吉林省,地方法规文件,,ZV9X554B1289EEA3E6F2,81BA39E03B968118,法规,
REG_ZV9X8CDB83589566EC6A,regulation,川办发〔2024〕21号,四川省人民政府办公厅关于印发《四川省城市燃气管道“带病运行”问题专项治理方案》的通知,ACTIVE,2024-04-11,2024-04-11,四川省人民政府办公厅,,/危险化学品管理/城镇燃气,/四川省,地方法规文件,,ZV9X8CDB83589566EC6A,06BC69C82CA3EE6F,法规,
REG_ZV9X953B21F6B6E007B0,regulation,闽建〔2024〕7号,福建省住房和城乡建设厅关于印发《福建省防范第三方施工破坏燃气管道管理办法》的通知,ACTIVE,2024-03-19,2024-04-01,福建省住房和城乡建设厅,,/危险化学品管理/城镇燃气,/福建省,地方法规文件,,ZV9X953B21F6B6E007B0,3CA44898374EA6F8,法规,
REG_ZV9X00FC1CC7BB445E4D,regulation,京应急发〔2024〕1号,北京市应急管理局等7部门关于印发《北京市危险化学品禁止、限制、控制措施(2024年版)》的通知,ACTIVE,2024-01-14,2024-04-01,北京市应急管理局;北京市规划和自然资源委员会;北京市生态环境局;北京市发展和改革委员会;北京市经济和信息化局;北京市公安局;北京市交通委员会,,/危险化学品管理/安全管理要求,/北京,地方法规文件,,ZV9X00FC1CC7BB445E4D,47BF4454532F3C15,法规,
REG_ZV9XDFF19C19308B2581,regulation,豫建行规〔2024〕2号,河南省住房和城乡建设厅关于印发《河南省燃气经营许可管理实施办法》的通知,ACTIVE,2024-02-04,2024-03-01,河南省住房和城乡建设厅,,/危险化学品管理/城镇燃气,/河南省,地方法规文件,,ZV9XDFF19C19308B2581,677DDDE638FE6634,法规,
REG_ZV9XDE8E18A3751A2A6B,regulation,山西省人民政府令第308号,山西省非列管可制毒化学品管理办法,ACTIVE,2023-12-07,2024-03-01,山西省人民政府,,/危险化学品管理/安全管理要求,/山西省,地方法规文件,,ZV9XDE8E18A3751A2A6B,3F3B0AF91B69F57D,法规,
REG_ZV9X33D58C06264D2184,regulation,沪应急危化[2024]14号,上海市应急管理局关于推动建立本市危险化学品企业行业安全联盟的通知,ACTIVE,2024-02-25,2024-02-25,上海市应急管理局,,/危险化学品管理/安全管理要求,/上海,地方法规文件,,ZV9X33D58C06264D2184,39D95005C5FB78E5,法规,
REG_ZV9X12D6C764D4878609,regulation,河南省人民政府令第224号,河南省民用爆炸物品安全管理办法,ACTIVE,2023-12-21,2024-02-01,河南省人民政府,,/危险化学品管理/民用爆炸品,/河南省,地方法规文件,河南省《民用爆炸物品安全管理条例》实施办法(2017修改),ZV9X12D6C764D4878609,6328C65007292D53,法规,
REG_ZV9XAFF63BDCFA53C5FD,regulation,桂建发〔2024〕2号,广西壮族自治区住房城乡建设厅关于印发《广西壮族自治区燃气经营许可管理办法》（2024年修订）的通知,ACTIVE,2024-01-24,2024-01-24,广西壮族自治区住房和城乡建设厅,,/危险化学品管理/城镇燃气,/广西壮族自治区,地方法规文件,,ZV9XAFF63BDCFA53C5FD,4089B855AE10CE55,法规,
REG_ZV9XB1504EDC866AD830,regulation,鲁安办函[2024]2号,山东省人民政府安全生产委员会办公室关于印发《山东省可燃液体、液化烃及液化毒性气体汽车装卸设施安全改造指南》的通知,ACTIVE,2024-01-10,2024-01-10,山东省安委办,,/储运（含管道、站场）安全;/危险化学品管理/安全管理要求,/山东省,地方法规文件,山东省人民政府安全生产委员会办公室关于印发《山东省可燃液体、液化烃及液化毒性气体汽车装卸设施安全改造指南(试行)》的通知,ZV9XB1504EDC866AD830,2B221358AAD6C020,法规,
REG_ZV9X74F99B75637AB80B,regulation,湘应急发〔2023〕18号,湖南省应急管理厅关于委托下放烟花爆竹批发企业布点规划制定权限的通知,ACTIVE,2023-12-19,2023-12-19,湖南省应急管理厅,,/危险化学品管理/烟花爆竹,/湖南省,地方法规文件,,ZV9X74F99B75637AB80B,8514D95D2B1617AC,法规,
REG_ZV9XB37139FC1BC4CE7A,regulation,广东省第十四届人民代表大会常务委员会公告第11号,广东省燃气管理条例(2023修订),ACTIVE,2023-09-27,2023-12-01,广东省人民代表大会常务委员会,,/危险化学品管理/城镇燃气,/广东省,地方法规文件,广东省燃气管理条例(2010修订),ZV9XB37139FC1BC4CE7A,7FDA7AA051E08DAA,法规,
REG_ZV9X1C8C1B521FCD888A,regulation,宁夏回族自治区人民代表大会常务委员会公告第11号,宁夏回族自治区燃气管理条例(2023修订),ACTIVE,2023-09-23,2023-11-01,宁夏回族自治区人民代表大会常务委员会,,/危险化学品管理/城镇燃气,/宁夏回族自治区,地方法规文件,宁夏回族自治区燃气管理条例(2015修订),ZV9X1C8C1B521FCD888A,866E894139EDDA33,法规,
REG_ZV9X6F402FED7FCD685C,regulation,鄂应急发〔2023〕38号,湖北省应急管理厅关于进一步加强工贸企业生产储存使用危险化学品安全监管的通知,ACTIVE,2023-10-30,2023-10-30,湖北省应急管理厅,,/危险化学品管理/安全管理要求,/湖北省,地方法规文件,,ZV9X6F402FED7FCD685C,EDAD4702144F9B12,法规,
REG_ZV9XC2BE6F2BBB429D17,regulation,建城规〔2023〕4号,城镇燃气经营安全重大隐患判定标准,ACTIVE,2023-09-21,2023-09-21,住房和城乡建设部,,/危险化学品管理/城镇燃气,,规范性文件,,ZV9XC2BE6F2BBB429D17,0FDD2DEB2138D5BF,法规,
REG_ZV9X715514F775C68233,regulation,赣应急办字〔2023〕111号,江西省应急管理厅办公室关于印发《加油站安全检查表》的通知,ACTIVE,2023-08-18,2023-08-18,江西省应急管理厅,,/危险化学品管理/安全管理要求,/江西省,地方法规文件,,ZV9X715514F775C68233,636F8FC0E90559F8,法规,
REG_ZV9XCCF96036CCEB5CA4,regulation,安委〔2023〕3号,国务院安全生产委员会关于印发《全国城镇燃气安全专项整治工作方案》的通知,ACTIVE,2023-08-09,2023-08-09,国务院安全生产委员会,,/通用安全管理/综合管理;/危险化学品管理/城镇燃气,,规范性文件,,ZV9XCCF96036CCEB5CA4,B5F03ADA8B7F7565,法规,
REG_ZV9X5D57F983894D1A96,regulation,云南省人民代表大会常务委员会公告〔14届〕第8号,云南省燃气管理条例,ACTIVE,2023-05-31,2023-08-01,云南省人民代表大会常务委员会,,/危险化学品管理/城镇燃气,/云南省,地方法规文件,,ZV9X5D57F983894D1A96,40E47358E0C4CDA9,法规,
REG_ZV9XAF2074D66A437588,regulation,内应急字〔2023〕56号,内蒙古自治区应急管理厅关于印发《强化危险化学品安全监管若干措施》的通知,ACTIVE,2023-06-20,2023-06-20,内蒙古自治区应急管理厅,,/危险化学品管理/安全管理要求,/内蒙古自治区,地方法规文件,,ZV9XAF2074D66A437588,2FDD0A02C4AB28AB,法规,
REG_ZV9XD8544F5D58183AAE,regulation,上海市人民政府令第5号,上海市危险化学品安全管理办法(2023修正),ACTIVE,2023-06-15,2023-06-15,上海市人民政府,,/通用安全管理/综合管理;/危险化学品管理,/上海,地方法规文件,上海市危险化学品安全管理办法(2016),ZV9XD8544F5D58183AAE,D809E546FB0A9AE2,法规,
REG_ZV9X8A64A3E913A5A5CB,regulation,广西壮族自治区人大常委会公告14届第3号,广西壮族自治区燃气管理条例(2023修订),ABOLISHED,2023-03-28,2023-05-01,广西壮族自治区人大常务委员会,,/危险化学品管理/城镇燃气,/广西壮族自治区,地方法规文件,广西壮族自治区燃气管理条例(2019修正),ZV9X8A64A3E913A5A5CB,4775682876E56335,法规,
REG_ZV9X07229D5346247C03,regulation,应急管理部、工业和信息化部、公安部、生态环境部、交通运输部、农业农村部、国家卫生健康委员会、国家市场监督管理总局、国家铁路局、中国民用航空局公告2022年第8号,中华人民共和国应急管理部、中华人民共和国工业和信息化部、中华人民共和国公安部、中华人民共和国生态环境部、中华人民共和国交通运输部、中华人民共和国农业农村部、中华人民共和国国家卫生健康委员会、国家市场监督管理总局、国家铁路局、中国民用航空局公告2022年第8号—关于调整《危险化学品目录(2015版)》的公告,ACTIVE,2022-10-13,2023-01-01,农业农村部;中国民用航空局;应急管理部;生态环境部;交通运输部;国家卫生健康委员会;国家市场监督管理总局;公安部;工业和信息化部;国家铁路局,,/危险化学品管理/名录,,规范性文件,,ZV9X07229D5346247C03,088DACB949853DE8,法规,
REG_ZV9X87A9D5CC54080A9C,regulation,应急厅函〔2022〕300号,应急管理部办公厅关于修改《危险化学品目录(2015版)实施指南(试行)》涉及柴油部分内容的通知,ACTIVE,2022-11-28,2023-01-01,应急管理部,,/危险化学品管理/名录,,规范性文件,,ZV9X87A9D5CC54080A9C,B0EF59BCDD06D657,法规,
REG_ZV9X7E762E4432F57F62,regulation,应急〔2022〕119号,应急管理部、中央网信办、教育部、工业和信息化部、公安部、市场监管总局、国家邮政局关于加强互联网销售危险化学品安全管理的通知,ACTIVE,2022-12-03,2022-12-03,应急管理部,,/危险化学品管理/安全管理要求,,规范性文件,,ZV9X7E762E4432F57F62,8335EF4058F8AA06,法规,
REG_ZV9X944BDC9825EB497D,regulation,宁夏回族自治区人民代表大会常务委员会公告第71号,宁夏回族自治区烟花爆竹安全管理条例(2022修正),ACTIVE,2022-11-04,2022-11-04,宁夏回族自治区人民代表大会常务委员会,,/危险化学品管理/烟花爆竹,/宁夏回族自治区,地方法规文件,宁夏回族自治区烟花爆竹安全管理条例,ZV9X944BDC9825EB497D,F0153F4261EA81A0,法规,
REG_ZV9X5ED69E82C1768718,regulation,重庆市人民代表大会常务委员会公告〔5届〕第202号,重庆市液化石油气经营管理条例(2022修正),ACTIVE,2022-09-28,2022-11-01,重庆市人民代表大会常务委员会,,/危险化学品管理/安全管理要求,/重庆,地方法规文件,重庆市液化石油气经营管理条例(2013修正),ZV9X5ED69E82C1768718,3527965DEBA16F4B,法规,
REG_ZV9XCCF694A77BAE6074,regulation,新兵办发〔2022〕43号,新疆生产建设兵团办公厅印发《关于进一步加强兵团城镇燃气安全管理工作的实施意见》的通知,ACTIVE,2022-08-18,2022-08-30,新疆生产建设兵团办公厅,,/危险化学品管理/城镇燃气,/新疆维吾尔自治区,地方法规文件,,ZV9XCCF694A77BAE6074,986769CE77FDCC2C,法规,
REG_ZV9XC9E049E5D2D5D2A7,regulation,山西省人民代表大会常务委员会公告第110号,山西省燃气管理条例(2022修订),ACTIVE,2022-03-30,2022-07-01,山西省人民代表大会常务委员会,,/危险化学品管理/城镇燃气,/山西省,地方法规文件,山西省燃气管理条例(2014修正),ZV9XC9E049E5D2D5D2A7,ECA85E604D5B00D7,法规,
REG_ZV9X9DF2BA883BCCE675,regulation,内蒙古自治区第十三届人民代表大会常务委员会公告第78号,内蒙古自治区燃气管理条例(2022修订),ACTIVE,2022-03-29,2022-07-01,内蒙古自治区人民代表大会常务委员会,,/危险化学品管理/城镇燃气,/内蒙古自治区,地方法规文件,,ZV9X9DF2BA883BCCE675,996AF8B8B4F2EBB8,法规,
REG_ZV9XEE558E230411B248,regulation,工信部联安全〔2022〕60号,工业和信息化部、公安部关于调整《民用爆炸物品品名表》品名的通知,ACTIVE,2022-05-23,2022-05-23,公安部;工业和信息化部,,/危险化学品管理/民用爆炸品,,规范性文件,,ZV9XEE558E230411B248,142BD97FF838F75E,法规,
REG_ZV9X8B97A977504A20F5,regulation,国务院令第752号,放射性药品管理办法(2022修订),ABOLISHED,2022-03-29,2022-05-01,国务院,,/通用安全管理/综合管理;/危险化学品管理/安全管理要求,,行政法规,放射性药品管理办法(2017修订),ZV9X8B97A977504A20F5,F90E4F793B437B93,法规,
REG_ZV9X16761639490F4B82,regulation,国务院令第752号,农药管理条例(2022修订),ACTIVE,2022-03-29,2022-05-01,国务院,,/通用安全管理/综合管理;/危险化学品管理/安全管理要求,,行政法规,农药管理条例(2017修订),ZV9X16761639490F4B82,F5020AAFB1A4861A,法规,
REG_ZV9X1A2D4D5C6F4EE8A6,regulation,辽宁省人民代表大会常务委员会公告﹝13届﹞第92号,辽宁省城镇燃气管理条例(2022修正),ABOLISHED,2022-04-21,2022-04-21,辽宁省人民代表大会常务委员会,,/危险化学品管理/城镇燃气,/辽宁省,地方法规文件,,ZV9X1A2D4D5C6F4EE8A6,90C5B9FF9CEE4852,法规,
REG_ZV9X927FBCC62B8A256D,regulation,藏建城〔2022〕177号,西藏自治区住房和城乡建设厅关于修订《西藏自治区城镇燃气经营许可管理办法》的通知(2022),ACTIVE,2022-04-08,2022-04-08,西藏自治区住房和城乡建设厅,,/危险化学品管理/城镇燃气,/西藏自治区,地方法规文件,,ZV9X927FBCC62B8A256D,2BF73070488A0D0A,法规,
REG_ZV9XA60206A050596C84,regulation,山东省人民代表大会常务委员会公告第203号,山东省燃气管理条例(2022修正),ACTIVE,2022-03-30,2022-03-30,山东省人民代表大会常务委员会,,/危险化学品管理/城镇燃气,/山东省,地方法规文件,山东省燃气管理条例(2016修正),ZV9XA60206A050596C84,38FE3543B0E614F8,法规,
REG_ZV9X898531CB51D12E65,regulation,天津市人民代表大会常务委员会公告第88号,天津市燃气管理条例(2021修订),ACTIVE,2021-11-29,2022-01-01,天津市人民代表大会常务委员会,,/危险化学品管理/城镇燃气,/天津,地方法规文件,,ZV9X898531CB51D12E65,64EBFCE239360630,法规,
REG_ZV9XE5ED89EAE9CB8A43,regulation,法发〔2021〕35号,最高人民法院、最高人民检察院、公安部、工业和信息化部、住房和城乡建设部、交通运输部、应急管理部、国家铁路局、中国民用航空局、国家邮政局关于依法惩治涉枪支、弹药、爆炸物、易燃易爆危险物品犯罪的意见,ACTIVE,2021-12-28,2021-12-31,最高人民法院,,/通用安全管理/综合管理;/危险化学品管理/安全管理要求,,规范性文件,,ZV9XE5ED89EAE9CB8A43,A0B6365DF9EC9CDD,法规,
REG_ZV9X6A5D4204A77FDBD1,regulation,鲁应急字〔2021〕135号,山东省应急管理厅关于印发《全省危险化学品安全生产“机械化换人、自动化减人”工作方案》的通知,ACTIVE,2021-11-09,2021-11-09,山东省应急管理厅,,/危险化学品管理/安全管理要求,/山东省,地方法规文件,,ZV9X6A5D4204A77FDBD1,4B397196FB9262BA,法规,
REG_ZV9X4E31AA079E7920DB,regulation,贵州省人民代表大会常务委员会公告2021第22号,贵州省城镇燃气管理条例(2021修正),ABOLISHED,2021-09-29,2021-09-29,贵州省人民代表大会常务委员会,,/危险化学品管理/城镇燃气,/贵州省,地方法规文件,,ZV9X4E31AA079E7920DB,4C991F115F62C00D,法规,
REG_ZV9X48D87D0E5D79D822,regulation,应急〔2021〕64号,应急管理部、工业和信息化部、公安部、交通运输部、海关总署关于进一步加强硝酸铵安全管理的通知,ACTIVE,2021-09-13,2021-09-13,海关总署;应急管理部;交通运输部;公安部;工业和信息化部,,/危险化学品管理/安全管理要求,,规范性文件,,ZV9X48D87D0E5D79D822,48689F0DD6B2FD1F,法规,
REG_ZV9XD559F678EE6C2FA3,regulation,山西省政府令第284号,山西省城乡燃气使用安全管理规定,ACTIVE,2021-02-09,2021-04-01,山西省人民政府,,/危险化学品管理/城镇燃气,/山西省,地方法规文件,,ZV9XD559F678EE6C2FA3,FCD52013A5BE3A06,法规,
REG_ZV9XB4A0A5EAA51354B3,regulation,内政办发〔2021〕12号,内蒙古自治区人民政府办公厅关于印发《内蒙古自治区石油天然气管道保护监管办法》的通知,ACTIVE,2021-02-25,2021-04-01,内蒙古自治区人民政府,,/危险化学品管理/安全管理要求,/内蒙古自治区,地方法规文件,,ZV9XB4A0A5EAA51354B3,B68EAC7ED57FBB8B,法规,
REG_ZV9XA999551F9142FE7C,regulation,湖南省第十三届人民代表大会常务委员会公告第69号,湖南省燃气管理条例(2021修正),ACTIVE,2021-03-31,2021-03-31,湖南省人民代表大会常务委员会,,/危险化学品管理/城镇燃气,/湖南省,地方法规文件,湖南省燃气管理条例(2020修正),ZV9XA999551F9142FE7C,9EF1C9A2D61ACC1A,法规,
REG_ZV9X8994660056BC555B,regulation,鄂应急规〔2021〕4 号,湖北省应急管理厅关于印发《湖北省危险化学品重大危险源监督管理办法》的通知,ACTIVE,2021-03-25,2021-03-25,湖北省应急管理厅,,/危险化学品管理/安全管理要求,/湖北省,地方法规文件,湖北省安全生产监督管理局关于印发《湖北省危险化学品重大危险源监督管理实施办法》的通知,ZV9X8994660056BC555B,3ABDD29E0B6A1326,法规,
REG_ZV9X768F128A54A34D4E,regulation,鲁应急函〔2021〕24号,山东省应急管理厅关于印发《全省危险化学品生产储存企业安全风险评估诊断方案》的通知,ACTIVE,2021-03-23,2021-03-23,山东省应急管理厅,,/危险化学品管理/安全管理要求,/山东省,地方法规文件,,ZV9X768F128A54A34D4E,C03848DA1CDB7F73,法规,
REG_ZV9XF1977342FAB38724,regulation,,中国民用航空局关于公布《航空运输危险品目录》(2021版)的公告,ABOLISHED,2021-03-30,2021-03-22,中国民用航空局,,/危险化学品管理/分类、标志;/交通运输安全,,规范性文件,中国民用航空局关于公布《航空运输危险品目录》(2019版)的公告,ZV9XF1977342FAB38724,BD9DD1CED19E76B0,法规,
REG_ZV9X91A2F2CE9064653D,regulation,,广东省应急管理厅关于严格落实危险化学品生产“四个严禁”的通知,ACTIVE,2021-03-13,2021-03-13,广东省应急管理厅,,/危险化学品管理/安全管理要求,/广东省,地方法规文件,,ZV9X91A2F2CE9064653D,227411FAC13433A1,法规,
REG_ZV9X47C586E7EB20F444,regulation,浙应急法规〔2021〕14号,浙江省应急管理厅关于印发《危险化学品经营许可(不带储存经营)告知承诺实施细则(试行)》的通知,ACTIVE,2021-01-29,2021-03-01,浙江省应急管理厅,,/危险化学品管理/安全管理要求,/浙江省,地方法规文件,,ZV9X47C586E7EB20F444,496CB7311E4BDE09,法规,
REG_ZV9X816A5F22547158E1,regulation,北京市人民代表大会常务委员会公告〔15届〕第37号,北京市燃气管理条例(2020修订),ACTIVE,2020-09-25,2021-01-01,北京市人民代表大会常务委员会,,/危险化学品管理/城镇燃气,/北京,地方法规文件,,ZV9X816A5F22547158E1,19880137CBBC9A52,法规,
REG_ZV9X31B908EF1148E760,regulation,粤应急规〔2020〕5号,广东省应急管理厅关于加强工业制造业企业使用危险化学品安全管理工作的通知,ACTIVE,2020-12-29,2020-12-29,广东省应急管理厅,,/危险化学品管理/安全管理要求,/广东省,地方法规文件,,ZV9X31B908EF1148E760,266593623583EB5E,法规,
REG_ZV9X63CDF4933B1E78BE,regulation,上海市人民政府令第37号,上海市农药管理规定,ACTIVE,2020-10-14,2020-12-01,上海市人民政府,,/危险化学品管理/安全管理要求,/上海,地方法规文件,,ZV9X63CDF4933B1E78BE,4158D75CF3BC5C8E,法规,
REG_ZV9X4E3AB134DD15913C,regulation,上海市人民政府第34号令,上海市液化石油气管理办法(2020),ABOLISHED,2020-07-02,2020-10-01,上海市人民政府,,/危险化学品管理/安全管理要求,/上海,地方法规文件,,ZV9X4E3AB134DD15913C,4091361F21A1E50F,法规,
REG_ZV9X397BBCE0C9CEE6B6,regulation,浙江省第十三届人民代表大会常务委员会公告第34号,浙江省燃气管理条例(2020修正),ACTIVE,2020-09-24,2020-09-24,浙江省人民代表大会常务委员会,,/危险化学品管理/城镇燃气,/浙江省,地方法规文件,,ZV9X397BBCE0C9CEE6B6,6E55E916C337EB4B,法规,
REG_ZV9XC6AC3F8EFD733077,regulation,云南省人民政府令第163号,云南省燃气管理办法(2020修改),ACTIVE,2020-08-27,2020-08-27,云南省人民政府,,/危险化学品管理/城镇燃气,/云南省,地方法规文件,,ZV9XC6AC3F8EFD733077,6936003B3BC99EEA,法规,
REG_ZV9XA3F9B811920E5E7F,regulation,苏应急函〔2020〕175号,江苏省应急管理厅关于进一步提升硝化企业本质安全水平的指导意见,ACTIVE,2020-08-13,2020-08-13,江苏省应急管理厅,,/危险化学品管理/安全管理要求,/江苏省,地方法规文件,,ZV9XA3F9B811920E5E7F,7A3D19055632EE27,法规,
REG_ZV9XC02B6BA12F26BEE6,regulation,湖南省第十三届人民代表大会常务委员会公告第48号,湖南省燃气管理条例(2020修正),ABOLISHED,2020-07-30,2020-07-30,湖南省人民代表大会常务委员会,,/危险化学品管理/城镇燃气,/湖南省,地方法规文件,湖南省燃气管理条例(2012修正),ZV9XC02B6BA12F26BEE6,CCD16B7664B96CCC,法规,
REG_ZV9XF02074C7B41EA411,regulation,宁党办〔2020〕50号,宁夏回族自治区关于全面加强危险化学品安全生产工作的实施意见,ACTIVE,2020-07-25,2020-07-25,宁夏回族自治区党委;宁夏回族自治区人民政府,,/危险化学品管理/安全管理要求,/宁夏回族自治区,地方法规文件,,ZV9XF02074C7B41EA411,F1C06C44D906FDFC,法规,
REG_ZV9X5C87101D95343D5E,regulation,工业和信息化部令第52号,各类监控化学品名录(2020),ACTIVE,2020-06-03,2020-06-03,工业和信息化部,,/危险化学品管理/名录,,部门规章,,ZV9X5C87101D95343D5E,8CA8D51D5EF6561E,法规,
REG_ZV9X8A21C86DA2128F4E,regulation,应急管理部公告2020年第3号,应急管理部、工业和信息化部、公安部、交通运输部公告2020年第3号—特别管控危险化学品目录(第一版),ACTIVE,2020-05-30,2020-05-30,应急管理部;交通运输部;公安部;工业和信息化部,,/危险化学品管理/名录,,规范性文件,,ZV9X8A21C86DA2128F4E,B61C79A3BEC1E06D,法规,
REG_ZV9X87371ECCEFEE1A5F,regulation,江苏省人大常委会公告第28号,江苏省燃气管理条例(2020),ABOLISHED,2020-01-09,2020-05-01,江苏省人民代表大会常务委员会,,/危险化学品管理/城镇燃气,/江苏省,地方法规文件,江苏省燃气管理条例,ZV9X87371ECCEFEE1A5F,CD7C58EC0FE87B85,法规,
REG_ZV9XE2E2510457877FD9,regulation,浙应急基础〔2020〕75号,浙江省应急管理厅关于印发《浙江省工贸企业危险化学品使用安全管理指南(试行)》的通知,ABOLISHED,2020-04-30,2020-04-30,浙江省应急管理厅,,/危险化学品管理/安全管理要求,/浙江省,地方法规文件,,ZV9XE2E2510457877FD9,1A7A61AC0822B061,法规,
REG_ZV9X925D94A35D5EE686,regulation,津安办〔2020〕8号,天津市安委会办公室关于将经营危险化学品类制冷剂企业纳入危险化学品经营许可管理范畴的通知,ACTIVE,2020-04-14,2020-04-14,天津市安全生产委员会,,/危险化学品管理/安全管理要求,/天津,地方法规文件,,ZV9X925D94A35D5EE686,F19707905BEAF86A,法规,
REG_ZV9X2671DE997273B7E0,regulation,河北省第十三届人民代表大会常务委员会公告第42号,河北省燃气管理条例,ACTIVE,2019-11-29,2020-04-01,河北省人民代表大会常务委员会,,/危险化学品管理/城镇燃气,/河北省,地方法规文件,,ZV9X2671DE997273B7E0,7ACB2574D4F9D838,法规,
REG_ZV9X5163C9A3D424767E,regulation,河南省人民政府令第192号,河南省城镇燃气管理办法(2020修改),ACTIVE,2020-03-17,2020-03-17,河南省人民政府,,/危险化学品管理/城镇燃气,/河南省,地方法规文件,,ZV9X5163C9A3D424767E,130CAA75A6696224,法规,
REG_ZV9XB180DEC272F7B031,regulation,中共中央办公厅 国务院办公厅,中共中央办公厅、国务院办公厅印发《关于全面加强危险化学品安全生产工作的意见》,ACTIVE,2020-02-26,2020-02-26,中共中央,,/通用安全管理/综合管理;/危险化学品管理/安全管理要求,,行政法规,,ZV9XB180DEC272F7B031,04595F19BB847085,法规,
REG_ZV9X02CDBFD16766BC3E,regulation,宁夏回族自治区人民政府令第109号,宁夏回族自治区危险化学品安全管理办法,ACTIVE,2019-12-31,2020-02-15,宁夏回族自治区人民政府,,/危险化学品管理/安全管理要求,/宁夏回族自治区,地方法规文件,,ZV9X02CDBFD16766BC3E,20D057359F93574A,法规,
REG_ZV9X81CF899DAE3A639C,regulation,重庆市人民代表大会常务委员会公告[五届]第48号,重庆市天然气管理条例(2019修订),ACTIVE,2019-05-31,2020-01-01,重庆市人民代表大会常务委员会,,/危险化学品管理/城镇燃气,/重庆,地方法规文件,,ZV9X81CF899DAE3A639C,97CF0E162D37951E,法规,
REG_ZV9X54EE851F54E97139,regulation,工信厅安全〔2019〕94号,工业和信息化部办公厅关于印发《民用爆炸物品生产和销售企业安全生产培训大纲》的通知(2019),ACTIVE,2019-12-25,2019-12-25,工业和信息化部,,/通用安全管理/教育培训;/危险化学品管理/民用爆炸品,,规范性文件,,ZV9X54EE851F54E97139,A922810FABD63438,法规,
REG_ZV9XD03F9420ADDB3477,regulation,江西省人民政府令第242号,江西省燃气管理办法(2019修正),ACTIVE,2019-11-27,2019-11-27,江西省人民政府,,/危险化学品管理/城镇燃气,/江西省,地方法规文件,,ZV9XD03F9420ADDB3477,363FE52A5810D87C,法规,
REG_ZV9X6F3558F9ADCA2DE8,regulation,江西省人民政府令第241号,江西省烟花爆竹安全管理办法(2019修改),ACTIVE,2019-09-29,2019-09-29,江西省人民政府,,/危险化学品管理/烟花爆竹,/江西省,地方法规文件,江西省烟花爆竹安全管理办法(2016修正),ZV9X6F3558F9ADCA2DE8,55EF192CCF320237,法规,
REG_ZV9XA37E3353ACEF720F,regulation,安委办〔2019〕13号,国务院安委会办公室关于开展瓶装液化石油气安全专项治理工作的通知,ACTIVE,2019-08-29,2019-08-29,国务院安全生产委员会,,/通用安全管理/综合管理;/特种设备安全;/危险化学品管理/安全管理要求;/原料及产品/工业气体与化学气体,,规范性文件,,ZV9XA37E3353ACEF720F,4A50FDDFFCFD539F,法规,
REG_ZV9XABB99003B428EB28,regulation,公安部令第154号,易制爆危险化学品治安管理办法,ACTIVE,2019-07-06,2019-08-10,公安部,,/危险化学品管理/安全管理要求,,部门规章,,ZV9XABB99003B428EB28,D1B222386F505B98,法规,
REG_ZV9XDDD3F0E4CC3D7923,regulation,广西壮族自治区人大常委会公告13届第16号,广西壮族自治区燃气管理条例(2019修正),ABOLISHED,2019-07-25,2019-07-25,广西壮族自治区人大常务委员会,,/危险化学品管理/城镇燃气,/广西壮族自治区,地方法规文件,,ZV9XDDD3F0E4CC3D7923,8BC7884CA8BEF06C,法规,
REG_ZV9XB2ED024554855548,regulation,交通运输部公告2019年第30号,交通运输部、生态环境部、工业和信息化部、应急管理部关于发布《内河禁运危险化学品目录(2019版)》的公告,ACTIVE,2019-07-05,2019-07-05,应急管理部;生态环境部;交通运输部;工业和信息化部,,/危险化学品管理/分类、标志;/交通运输安全,,规范性文件,,ZV9XB2ED024554855548,E758A0ACA5BC4809,法规,
REG_ZV9XCBEBFDAE28E7D450,regulation,安徽省人民代表大会常务委员会公告第11号,安徽省城镇燃气管理条例,ACTIVE,2019-03-29,2019-05-01,安徽省人民代表大会常务委员会,,/危险化学品管理/城镇燃气,/安徽省,地方法规文件,,ZV9XCBEBFDAE28E7D450,BEF10731AA6F3A52,法规,
REG_ZV9XE3D55D8C6BAEBF4F,regulation,国务院令第709号,中华人民共和国药品管理法实施条例(2019修订),ABOLISHED,2019-03-02,2019-03-02,国务院,,/危险化学品管理/安全管理要求,,行政法规,中华人民共和国药品管理法实施条例(2016修订),ZV9XE3D55D8C6BAEBF4F,F81FED759BBA9BD1,法规,
REG_ZV9X9370C64A88F6295A,regulation,青海省人民代表大会常务委员会公告第8号,青海省燃气管理条例,ACTIVE,2018-11-28,2019-03-01,青海省人民代表大会常务委员会,,/危险化学品管理/城镇燃气,/青海省,地方法规文件,,ZV9X9370C64A88F6295A,BF192C6C42182D39,法规,
REG_ZV9XA9749B4A463CC3FA,regulation,工信厅安全〔2018〕77号,工业和信息化部办公厅关于印发《民用爆炸物品生产和销售企业安全生产培训管理办法》的通知,ACTIVE,2018-11-06,2019-01-01,工业和信息化部,,/通用安全管理/教育培训;/危险化学品管理/民用爆炸品,,规范性文件,,ZV9XA9749B4A463CC3FA,B5E669055422ACA9,法规,
REG_ZV9X8BB158B4E70CFBAF,regulation,工业和信息化部令第49号,民用爆炸物品生产许可实施办法(2018修订),ACTIVE,2018-11-09,2019-01-01,工业和信息化部,,/通用安全管理/综合管理;/危险化学品管理/民用爆炸品;/原料及产品/火工产品,,部门规章,民用爆炸物品生产许可实施办法,ZV9X8BB158B4E70CFBAF,6C22E201A961A9A0,法规,
REG_ZV9X9134DC143B96ED9B,regulation,工业和信息化部令第48号,《中华人民共和国监控化学品管理条例》实施细则(2018),ACTIVE,2018-07-02,2019-01-01,工业和信息化部,,/危险化学品管理/安全管理要求,,部门规章,,ZV9X9134DC143B96ED9B,E954130C10832C5D,法规,
REG_ZV9X4A40E2EB47D2C966,regulation,陕政办发〔2018〕69号,陕西省人民政府办公厅关于印发危化品道路运输重点区域安全监管方案的通知,ACTIVE,2018-12-07,2018-12-07,陕西省人民政府,,/危险化学品管理/安全管理要求,/陕西省,地方法规文件,,ZV9X4A40E2EB47D2C966,5EE927A4D6ACF1CC,法规,
REG_ZV9X4B1B9C94D7911BAF,regulation,天津市人民政府令第6号,天津市烟花爆竹安全管理办法(2018),ACTIVE,2018-10-16,2018-12-01,天津市人民政府,,/危险化学品管理/烟花爆竹,/天津,地方法规文件,,ZV9X4B1B9C94D7911BAF,3C83EB4D202F4FA7,法规,
REG_ZV9X720B604B93D4AFBF,regulation,吉林省第十三届人民代表大会常务委员会公告第13号,吉林省燃气管理条例(2018修改),ACTIVE,2018-11-30,2018-11-30,吉林省人民代表大会常务委员会,,/危险化学品管理/城镇燃气,/吉林省,地方法规文件,吉林省燃气管理条例(2017修正),ZV9X720B604B93D4AFBF,EEB3F09DA516430F,法规,
REG_ZV9X5FDA103BC23A3E97,regulation,新疆维吾尔自治区第十三届人民代表大会常务委员会公告第11号,新疆维吾尔自治区煤炭石油天然气开发环境保护条例(2018修正),ABOLISHED,2018-09-21,2018-09-21,新疆维吾尔自治区人大常务委员会,,/危险化学品管理/安全管理要求,/新疆维吾尔自治区,地方法规文件,,ZV9X5FDA103BC23A3E97,03D109901FC3A245,法规,
REG_ZV9X1A2C66B9F32A011F,regulation,国务院令第703号,易制毒化学品管理条例(2018修订),ACTIVE,2018-09-18,2018-09-18,国务院,,/危险化学品管理/安全管理要求,,行政法规,,ZV9X1A2C66B9F32A011F,13CC6588B8A0D8E0,法规,
REG_ZV9XB8312B6B2644116A,regulation,黑龙江省第十三届人民代表大会常务委员会公告第7号,黑龙江省城镇燃气管理条例(2018修正),ACTIVE,2018-06-28,2018-06-28,黑龙江省人民代表大会常务委员会,,/危险化学品管理/城镇燃气,/黑龙江省,地方法规文件,黑龙江省城镇燃气管理条例,ZV9XB8312B6B2644116A,1CCD9D5E30078FC7,法规,
REG_ZV9X1C114D13059828F5,regulation,苏安〔2018〕10号,江苏省安全生产委员会关于加强口岸危险化学品安全管理的意见,ACTIVE,2018-04-08,2018-04-08,江苏省安委会,,/危险化学品管理/安全管理要求,/江苏省,地方法规文件,,ZV9X1C114D13059828F5,DB0B83E140A66AC6,法规,
REG_ZV9X4BBCE8E3B4E03C2F,regulation,国家安全生产监督管理总局令第93号,烟花爆竹生产经营安全规定,ACTIVE,2018-01-15,2018-03-01,国家安全生产监督管理总局,,/危险化学品管理/烟花爆竹;/原料及产品/火工产品,,部门规章,,ZV9X4BBCE8E3B4E03C2F,D60D7D1699ED4F34,法规,
REG_ZV9X02F176B7F9E9FA54,regulation,安委办〔2018〕7号,国务院安委会办公室关于涉氨制冷企业液氨使用专项治理工作情况的通报,ACTIVE,2018-02-25,2018-02-25,国务院安全生产委员会,,/通用安全管理/综合管理;/危险化学品管理/安全管理要求;/原料及产品/工业气体与化学气体,,规范性文件,,ZV9X02F176B7F9E9FA54,D1F090928E4B6420,法规,
REG_ZV9XAF5EEC3FEC174A57,regulation,天津市人民政府令第29号,天津市危险化学品安全管理办法(2018修正),ACTIVE,2018-01-09,2018-01-09,天津市人民政府,,/危险化学品管理/安全管理要求,/天津,地方法规文件,天津市危险化学品安全管理办法,ZV9XAF5EEC3FEC174A57,330680E68815F990,法规,
REG_ZV9X991E107D954EC8E8,regulation,上海市人民政府令第62号,上海市燃气管道设施保护办法(2018修正),ABOLISHED,2018-01-04,2018-01-04,上海市人民政府,,/危险化学品管理/城镇燃气,/上海,地方法规文件,,ZV9X991E107D954EC8E8,A4A53F0C0235A51B,法规,
REG_ZV9X7B4D5460CD0CFDA6,regulation,,公安部、商务部、卫生计生委、海关总署、国家安全监管总局、国家食品药品监管总局关于将N-苯乙基-4-哌啶酮、4-苯胺基-N-苯乙基哌啶、N-甲基-1-苯基-1-氯-2-丙胺、溴素、1-苯基-1-丙酮5种物质列入易制毒化学品管理的公告,ACTIVE,2017-12-22,2017-12-22,公安部,,/危险化学品管理/名录,,规范性文件,,ZV9X7B4D5460CD0CFDA6,E0C5E50CAEDA51DC,法规,
REG_ZV9X8705CB7A7ABBCF60,regulation,安监总管三〔2017〕121号,烟花爆竹生产经营单位重大生产安全事故隐患判定标准(试行),ACTIVE,2017-11-13,2017-11-13,国家安全生产监督管理总局,,/通用安全管理/风险管理;/危险化学品管理/烟花爆竹,,规范性文件,,ZV9X8705CB7A7ABBCF60,3DD56CE3CE82E7CF,法规,
REG_ZV9X5D346EEC4CB80A3A,regulation,安监总管三〔2017〕102号,国家安全监管总局关于印发《危险化学品安全生产“十三五”规划》的通知,ACTIVE,2017-09-11,2017-09-11,国家安全生产监督管理总局,,/规划、产业结构;/危险化学品管理/安全管理要求,,规范性文件,,ZV9X5D346EEC4CB80A3A,758D68E6C5B83FC8,法规,
REG_ZV9X639BC96441E90FA4,regulation,国务院令第677号,农药管理条例(2017修订),ABOLISHED,2017-03-16,2017-06-01,国务院,,/危险化学品管理/安全管理要求;/原料及产品/化肥、农药,,行政法规,,ZV9X639BC96441E90FA4,0002D730BC893E3C,法规,
REG_ZV9XC0C183BEA03C5AB3,regulation,沪安监行规〔2017〕2号,上海市安全生产监督管理局关于印发危险化学品经营许可工作实施细则的通知,ACTIVE,2017-04-28,2017-06-01,上海市安全生产监督管理局,,/危险化学品管理/安全管理要求,/上海,地方法规文件,,ZV9XC0C183BEA03C5AB3,FA5024F7AA14562E,法规,
REG_ZV9X363667E953B420B6,regulation,公安部公告,公安部公告——易制爆危险化学品名录(2017年版),ACTIVE,2017-05-11,2017-05-11,公安部,,/危险化学品管理/名录,,规范性文件,,ZV9X363667E953B420B6,DC9C2B1CF369C7EF,法规,
REG_ZV9X6E0A476950011110,regulation,省政府令第179号,河南省《民用爆炸物品安全管理条例》实施办法(2017修改),ABOLISHED,2017-04-14,2017-04-14,河南省人民政府,,/危险化学品管理/民用爆炸品,/河南省,地方法规文件,,ZV9X6E0A476950011110,672FF38299C2536F,法规,
REG_ZV9XC6CAD6F656D690F0,regulation,吉林省第十二届人民代表大会常务委员会公告第77号,吉林省燃气管理条例(2017修正),ABOLISHED,2017-03-24,2017-03-24,吉林省人民代表大会常务委员会,,/危险化学品管理/城镇燃气,/吉林省,地方法规文件,,ZV9XC6CAD6F656D690F0,C6F6485E76495806,法规,
REG_ZV9XDB0208ADD2355120,regulation,安监总政法〔2017〕15号,烟花爆竹企业保障生产安全十条规定(2017),ACTIVE,2017-03-06,2017-03-06,国家安全生产监督管理总局,,/生产（工艺）安全;/危险化学品管理/烟花爆竹;/原料及产品/火工产品,,规范性文件,,ZV9XDB0208ADD2355120,A9C4DBD22DFC724E,法规,
REG_ZV9XDA97309549F6AF0F,regulation,安监总政法〔2017〕15号,国家安全监管总局关于印发《化工(危险化学品)企业保障生产安全十条规定》《烟花爆竹企业保障生产安全十条规定》和《油气罐区防火防爆十条规定》的通知,ACTIVE,2017-03-06,2017-03-06,国家安全生产监督管理总局,,/生产（工艺）安全;/储运（含管道、站场）安全;/危险化学品管理/烟花爆竹,,规范性文件,,ZV9XDA97309549F6AF0F,5A0579C9CFE46675,法规,
REG_ZV9X4E8F9D58E37259DF,regulation,国务院令第676号,放射性药品管理办法(2017修订),ABOLISHED,2017-03-01,2017-03-01,国务院,,/通用安全管理/综合管理;/危险化学品管理/安全管理要求,,行政法规,放射性药品管理办法(2011修订),ZV9X4E8F9D58E37259DF,4E00DF3EDEA2860B,法规,
REG_ZV9X535F211D1314B1ED,regulation,黑龙江省第十二届人民代表大会常务委员会公告第42号,黑龙江省城镇燃气管理条例,ABOLISHED,2016-10-21,2017-01-01,黑龙江省人民代表大会常务委员会,,/危险化学品管理/城镇燃气,/黑龙江省,地方法规文件,,ZV9X535F211D1314B1ED,ED2EC40F5C9A62B6,法规,
REG_ZV9XF1D26B6B2CC21343,regulation,四川省第十二届人民代表大会常务委员会公告第78号,四川省燃气管理条例(2016修订),ABOLISHED,2016-11-30,2017-01-01,四川省人民代表大会常务委员会,,/危险化学品管理/城镇燃气,/四川省,地方法规文件,四川省燃气管理条例(2004修正),ZV9XF1D26B6B2CC21343,E9FE81F2B6107C5C,法规,
REG_ZV9X3DDF65C83DD7CA85,regulation,上海市人民政府令第44号,上海市危险化学品安全管理办法(2016),ABOLISHED,2016-09-05,2017-01-01,上海市人民政府,,/危险化学品管理/安全管理要求,/上海,地方法规文件,,ZV9X3DDF65C83DD7CA85,4D850D59DA38AFD2,法规,
REG_ZV9X5FB52F66AA6435BB,regulation,,中国民用航空局关于公布《航空运输危险品目录》(2019版)的公告,ABOLISHED,2019-01-03,2016-12-30,中国民用航空局,,/危险化学品管理/分类、标志;/交通运输安全,,规范性文件,,ZV9X5FB52F66AA6435BB,03D996F497273C1B,法规,
REG_ZV9X05AD86D78806AB69,regulation,安监总厅管三〔2016〕110号,国家安全监管总局办公厅关于开展危险化学品重大危险源在线监控及事故预警系统建设试点工作的通知,ACTIVE,2016-10-18,2016-10-18,国家安全生产监督管理总局,,/危险化学品管理/安全管理要求,,规范性文件,,ZV9X05AD86D78806AB69,AB9E887E808116DA,法规,
REG_ZV9X7AD2F0096FC8C004,regulation,上海市人民代表大会常务委员会公告第40号,上海市燃气管理条例(2016修正),ABOLISHED,2016-06-23,2016-09-01,上海市人民代表大会常务委员会,,/危险化学品管理/城镇燃气,/上海,地方法规文件,,ZV9X7AD2F0096FC8C004,3436D5C1520AD68F,法规,
REG_ZV9XAD117E4F7AC31E64,regulation,安监总管三〔2016〕62号,国家安全监管总局关于印发遏制危险化学品和烟花爆竹重特大事故工作意见的通知,ACTIVE,2016-06-03,2016-06-03,国家安全生产监督管理总局,,/通用安全管理/综合管理;/危险化学品管理/安全管理要求;/危险化学品管理/烟花爆竹,,规范性文件,,ZV9XAD117E4F7AC31E64,DD9D4F3DB2A1F156,法规,
REG_ZV9XEB53E4F9381B3FF9,regulation,江西省人民政府令第222号,江西省烟花爆竹安全管理办法(2016修正),ABOLISHED,2016-05-28,2016-05-28,江西省人民政府,,/危险化学品管理/烟花爆竹,/江西省,地方法规文件,江西省烟花爆竹安全管理办法(2005修正),ZV9XEB53E4F9381B3FF9,D7659E839665DBD9,法规,
REG_ZV9X20A359F8A1E41495,regulation,安监总管三〔2016〕53号,国家安全监管总局 交通运输部 国家铁路局关于印发《危险化学品储存场所安全专项整治工作方案》的通知,ACTIVE,2016-05-19,2016-05-19,国家安全生产监督管理总局,,/危险化学品管理/安全管理要求,,规范性文件,,ZV9X20A359F8A1E41495,056ED6302E0721BE,法规,
REG_ZV9X1A6957B5D41F50AB,regulation,山东省人民代表大会常务委员会公告第131号,山东省燃气管理条例(2016修正),ABOLISHED,2016-03-30,2016-03-30,山东省人民代表大会常务委员会,,/危险化学品管理/城镇燃气,/山东省,地方法规文件,,ZV9X1A6957B5D41F50AB,EF9E2AA4C3E8D195,法规,
REG_ZV9X42E9E5F00F1AB620,regulation,国务院令第666号,中华人民共和国药品管理法实施条例(2016修订),ABOLISHED,2016-02-06,2016-02-06,国务院,,/危险化学品管理/安全管理要求,,行政法规,中华人民共和国药品管理法实施条例,ZV9X42E9E5F00F1AB620,DB7BDE8347006E9C,法规,
REG_ZV9X621EE4D64614B22B,regulation,湖北省人民政府令第384号,湖北省烟花爆竹安全管理办法,ACTIVE,2015-12-16,2016-02-01,湖北省人民政府,,/危险化学品管理/烟花爆竹,/湖北省,地方法规文件,,ZV9X621EE4D64614B22B,FBC868007FF2513E,法规,
REG_ZV9XFB58AF12E04FFCD7,regulation,上海市人民代表大会常务委员会公告第31号,上海市烟花爆竹安全管理条例(2015修订),ACTIVE,2015-12-30,2016-01-01,上海市人民代表大会常务委员会,,/危险化学品管理/烟花爆竹,/上海,地方法规文件,,ZV9XFB58AF12E04FFCD7,99D84D75421C73E1,法规,
REG_ZV9X60C94B237E9BA485,regulation,宁夏回族自治区人民代表大会常务委员会公告第25号,宁夏回族自治区燃气管理条例(2015修订),ABOLISHED,2015-09-30,2015-11-01,宁夏回族自治区人民代表大会常务委员会,,/危险化学品管理/城镇燃气,/宁夏回族自治区,地方法规文件,,ZV9X60C94B237E9BA485,0414D525396CD26B,法规,
REG_ZV9X71FC35571A129E0D,regulation,天津市人民政府令第22号,天津市危险化学品企业安全治理规定,ABOLISHED,2015-09-07,2015-09-07,天津市人民政府,,/危险化学品管理/安全管理要求,/天津,地方法规文件,,ZV9X71FC35571A129E0D,5D0D917B31E70B66,法规,
REG_ZV9XDF1FAF7F26D358B6,regulation,安监总厅管三〔2015〕80号,国家安全监管总局办公厅关于印发危险化学品目录(2015版)实施指南(试行)的通知,ACTIVE,2015-08-19,2015-08-19,国家安全生产监督管理总局,,/危险化学品管理/名录,,规范性文件,,ZV9XDF1FAF7F26D358B6,58FCD67194323779,法规,
REG_ZV9XB2B949CC364B19E6,regulation,国家安全监管总局令第79号,危险化学品经营许可证管理办法(2015修正),ACTIVE,2015-05-27,2015-07-01,国家安全生产监督管理总局,,/通用安全管理/综合管理;/危险化学品管理/安全管理要求,,部门规章,,ZV9XB2B949CC364B19E6,7ECBBE46B0CEF204,法规,
REG_ZV9X919DE589D57AFEFE,regulation,工业和信息化部令第30号,民用爆炸物品安全生产许可实施办法,ACTIVE,2015-05-19,2015-06-30,工业和信息化部,,/通用安全管理/综合管理;/危险化学品管理/民用爆炸品;/原料及产品/火工产品,,部门规章,,ZV9X919DE589D57AFEFE,9E757CBB526F740E,法规,
REG_ZV9XF0DACD14FB2A1E0E,regulation,辽宁省人民政府令第294号,辽宁省民用爆炸物品安全管理办法(2015修正),ACTIVE,2015-06-14,2015-06-14,辽宁省人民政府,,/危险化学品管理/民用爆炸品,/辽宁省,地方法规文件,,ZV9XF0DACD14FB2A1E0E,D9A5239A1115916F,法规,
REG_ZV9X8200A8D8F88A1B32,regulation,陕西省人民代表大会常务委员会公告[十二届]第25号,陕西省燃气管理条例(2015修正),ABOLISHED,2015-05-28,2015-05-28,陕西省人民代表大会常务委员会,,/危险化学品管理/城镇燃气,/陕西省,地方法规文件,,ZV9X8200A8D8F88A1B32,3619F2D47C53150A,法规,
REG_ZV9X3B5F4FBD051BEBF1,regulation,国家安全生产监督管理总局等10部门公告2015年第5号,国家安全生产监督管理总局、工业和信息化部、公安部、环境保护部、交通运输部、农业部、国家卫生和计划生育委员会、国家质量监督检验检疫总局、国家铁路局、中国民用航空局公告2015年第5号—危险化学品目录(2015版),ACTIVE,2015-02-27,2015-05-01,国家安全生产监督管理总局,,/危险化学品管理/名录,,规范性文件,,ZV9X3B5F4FBD051BEBF1,0D0391F181D26BE6,法规,
REG_ZV9X0856CD1474AAD7BC,regulation,工业和信息化部令第29号,民用爆炸物品销售许可实施办法(2015修订),ABOLISHED,2015-04-29,2015-04-29,国防科学技术工业委员会;工业和信息化部,,/危险化学品管理/民用爆炸品;/原料及产品/火工产品,,部门规章,民用爆炸物品销售许可实施办法,ZV9X0856CD1474AAD7BC,6ADF964D2E1C1229,法规,
REG_ZV9X6341690E22927304,regulation,公通字〔2015〕5号,公安部、国家互联网信息办公室、工业和信息化部、环境保护部、国家工商行政管理总局、国家安全生产监督管理总局关于印发《互联网危险物品信息发布管理规定》的通知,ACTIVE,2015-02-05,2015-03-01,环境保护部;国家工商行政管理总局;国家安全生产监督管理总局;公安部;工业和信息化部;国家互联网信息办公室,,/危险化学品管理/安全管理要求,,规范性文件,,ZV9X6341690E22927304,EEAD676A40E230BC,法规,
REG_ZV9XD97564F1D84F7194,regulation,山西省人民代表大会常务委员会公告第16号,山西省燃气管理条例(2014修正),ABOLISHED,2014-11-28,2014-11-28,山西省人民代表大会常务委员会,,/危险化学品管理/城镇燃气,/山西省,地方法规文件,,ZV9XD97564F1D84F7194,2EEE7182ECC0C0C9,法规,
REG_ZV9X6DCA00600E3EC73D,regulation,安监总厅管三〔2014〕104号,国家安全生产监督管理总局办公厅关于印发光气及光气化产品安全生产管理指南的通知,ACTIVE,2014-10-11,2014-10-11,国家安全生产监督管理总局,,/生产（工艺）安全;/危险化学品管理/安全管理要求,,规范性文件,,ZV9X6DCA00600E3EC73D,7E0B6090F8D7AF0F,法规,
REG_ZV9X43A81C637440F8CE,regulation,国务院令第653号,民用爆炸物品安全管理条例(2014修订),ACTIVE,2014-07-29,2014-07-29,国务院,,/危险化学品管理/安全管理要求;/危险化学品管理/民用爆炸品;/原料及产品/火工产品,,行政法规,民用爆炸物品安全管理条例,ZV9X43A81C637440F8CE,D6102BC02C9A2BCE,法规,
REG_ZV9XEC3622A8495BABCE,regulation,安监总厅管三〔2014〕70号,国家安全监管总局办公厅关于印发企业非药品类易制毒化学品规范化管理指南的通知,ACTIVE,2014-06-16,2014-06-16,国家安全生产监督管理总局,,/危险化学品管理/安全管理要求,,规范性文件,,ZV9XEC3622A8495BABCE,1B1CD3B854978B29,法规,
REG_ZV9X1F4536AFB065916B,regulation,工安函〔2014〕31号,工业和信息化部关于印发《民用爆炸物品生产企业门禁式定员监控系统安全技术条件(修订)》的通知(2014),ACTIVE,2014-04-11,2014-04-11,工业和信息化部,,/生产（工艺）安全;/危险化学品管理/民用爆炸品;/原料及产品/火工产品,,规范性文件,,ZV9X1F4536AFB065916B,C3B46C307CEE284A,法规,
REG_ZV9X4E59E525EC1452EA,regulation,重庆市人民政府令第274号,重庆市民用爆炸物品安全管理办法(2013),ACTIVE,2013-12-16,2014-03-01,重庆市人民政府,,/危险化学品管理/民用爆炸品,/重庆,地方法规文件,,ZV9X4E59E525EC1452EA,EC247A8D4B0DC127,法规,
REG_ZV9X634E30AC4DB8D9AC,regulation,重庆市人民代表大会常务委员会公告〔2013〕第29号,重庆市液化石油气经营管理条例(2013修正),ABOLISHED,2013-11-30,2014-01-01,重庆市人民代表大会常务委员会,,/危险化学品管理/城镇燃气,/重庆,地方法规文件,,ZV9X634E30AC4DB8D9AC,DB8143EF16C4B75A,法规,
REG_ZV9XC512A8B8FE3DF3D4,regulation,海南省人民代表大会常务委员会公告第13号,海南省燃气管理条例(2013修订),ABOLISHED,2013-09-25,2013-12-01,海南省人民代表大会常务委员会,,/危险化学品管理/城镇燃气,/海南省,地方法规文件,海南省燃气管理条例(2004修正),ZV9XC512A8B8FE3DF3D4,F9401A45D2C8A726,法规,
REG_ZV9X6F85EC63114C3AB4,regulation,湖北省人民政府令第364号,湖北省危险化学品安全管理办法,ACTIVE,2013-09-09,2013-11-01,湖北省人民政府,,/危险化学品管理/安全管理要求,/湖北省,地方法规文件,,ZV9X6F85EC63114C3AB4,8091E218AD7F8C65,法规,
REG_ZV9X8F1D35B1CF436C5D,regulation,国家安全生产监督管理总局令第60号,化学品物理危险性鉴定与分类管理办法,ACTIVE,2013-07-10,2013-09-01,国家安全生产监督管理总局,,/危险化学品管理/危害性测定;/化学化工检测检验/检测检验,,部门规章,,ZV9X8F1D35B1CF436C5D,6177467BFC7702B7,法规,
REG_ZV9X2E96F58FA2D43006,regulation,国家安全生产监督管理总局令第89号,危险化学品安全使用许可证实施办法(2017修正),ACTIVE,2017-03-06,2013-05-01,国家安全生产监督管理总局,,/通用安全管理/综合管理;/危险化学品管理/安全管理要求,,部门规章,,ZV9X2E96F58FA2D43006,B4B04152C7236A7D,法规,
REG_ZV9X949176951B6F0898,regulation,国家安全生产监督管理总局 公安部 农业部公告2013年第9号,国家安全生产监督管理总局、公安部、农业部公告2013年第9号—危险化学品使用量的数量标准(2013年版),ACTIVE,2013-04-19,2013-04-19,国家安全生产监督管理总局,,/危险化学品管理/安全管理要求,,规范性文件,,ZV9X949176951B6F0898,9FBA5E48378AD5BD,法规,
REG_ZV9X19EC7847C07146A0,regulation,广西壮族自治区人民政府令第85号,广西壮族自治区实施《危险化学品安全管理条例》办法(2013修订),ABOLISHED,2013-01-31,2013-04-01,广西壮族自治区人民政府,,/通用安全管理/综合管理;/危险化学品管理/安全管理要求,/广西壮族自治区,地方法规文件,,ZV9X19EC7847C07146A0,97EC88298F1FD3F0,法规,
REG_ZV9XE7CF4C065EAEA67E,regulation,国家安全生产监督管理总局公告（2013年第3号）,国家安全生产监督管理总局公告2013年第3号—危险化学品安全使用许可适用行业目录(2013年版),ACTIVE,2013-02-21,2013-02-21,国家安全生产监督管理总局,,/通用安全管理/综合管理;/危险化学品管理/安全管理要求,,规范性文件,,ZV9XE7CF4C065EAEA67E,D8668911C6E1A6B6,法规,
REG_ZV9X91AA926FBEFCCC0E,regulation,安监总管三〔2013〕12号,国家安全监管总局关于公布第二批重点监管危险化学品名录的通知,ACTIVE,2013-02-05,2013-02-05,国家安全生产监督管理总局,,/危险化学品管理/名录,,规范性文件,,ZV9X91AA926FBEFCCC0E,A657F4C94C2302F7,法规,
REG_ZV9X41A1621C57C100BA,regulation,工信部安[2013]20号,工业和信息化部关于印发《民用爆炸物品企业安全生产标准化管理通则》的通知,ACTIVE,2013-01-15,2013-01-15,工业和信息化部,,/通用安全管理/综合管理;/危险化学品管理/民用爆炸品;/原料及产品/火工产品,,规范性文件,,ZV9X41A1621C57C100BA,7657991A04A4B98D,法规,
REG_ZV9X97C51B2FE953E368,regulation,安监总厅管三函〔2012〕179号,国家安全监管总局办公厅关于危险化学品经营许可有关事项的通知,ACTIVE,2012-10-17,2012-10-17,国家安全生产监督管理总局,,/危险化学品管理/安全管理要求,,规范性文件,,ZV9X97C51B2FE953E368,BC739D44C98E47BC,法规,
REG_ZV9X960C8AAA5DF38EB6,regulation,工业和信息化部、公安部、海关总署令第21号,民用爆炸物品进出口管理办法,ACTIVE,2012-03-19,2012-09-01,海关总署;公安部;工业和信息化部,,/危险化学品管理/民用爆炸品;/原料及产品/火工产品,,部门规章,,ZV9X960C8AAA5DF38EB6,AF88AD7F901F4950,法规,
REG_ZV9XCB02A688680A889C,regulation,国家安全生产监督管理总局令第53号,危险化学品登记管理办法(2012),ACTIVE,2012-07-01,2012-08-01,国家安全生产监督管理总局,,/危险化学品管理/安全管理要求,,部门规章,,ZV9XCB02A688680A889C,E52B41BE25BD15D2,法规,
REG_ZV9X0857F8F1CDA2EF78,regulation,安监总管三〔2012〕79号,国家安全监管总局关于进一步加强非药品类易制毒化学品监管工作的指导意见,ACTIVE,2012-06-15,2012-06-15,国家安全生产监督管理总局,,/危险化学品管理/安全管理要求,,规范性文件,,ZV9X0857F8F1CDA2EF78,21644B3D1F77DFE7,法规,
REG_ZV9X8B08E5B55E90A005,regulation,安监总厅管三函〔2012〕97号,国家安全监管总局办公厅关于使用危险化学品单位安全监管有关问题的复函,ACTIVE,2012-05-30,2012-05-30,国家安全生产监督管理总局,,/危险化学品管理/安全管理要求,,规范性文件,,ZV9X8B08E5B55E90A005,8DA2F23426EF119F,法规,
REG_ZV9X02428853F97D6D50,regulation,国家安全监管总局令第79号,危险化学品建设项目安全监督管理办法(2015修正),ACTIVE,2015-05-27,2012-04-01,国家安全生产监督管理总局,,/建设项目三同时;/危险化学品管理/安全管理要求,,部门规章,,ZV9X02428853F97D6D50,2E8F734E1EEF15B9,法规,
REG_ZV9XE7FC7D04357958A2,regulation,湖南省第十一届人民代表大会常务委员会公告第69号,湖南省燃气管理条例(2012修正),ABOLISHED,2012-03-31,2012-03-31,湖南省人民代表大会常务委员会,,/危险化学品管理/城镇燃气,/湖南省,地方法规文件,,ZV9XE7FC7D04357958A2,EC494D900C1386F1,法规,
REG_ZV9X7178E442C42A3FD7,regulation,,福建省燃气管理条例(2012修改),ACTIVE,2012-03-31,2012-03-31,福建省人民代表大会常务委员会,,/危险化学品管理/城镇燃气,/福建省,地方法规文件,,ZV9X7178E442C42A3FD7,E3C2F8D57450C5AE,法规,
REG_ZV9X5C5679B9E68E7DA0,regulation,国家安全监管总局令第79号,危险化学品输送管道安全管理规定(2015修正),ACTIVE,2015-05-27,2012-03-01,国家安全生产监督管理总局,,/储运（含管道、站场）安全;/危险化学品管理/安全管理要求,,部门规章,,ZV9X5C5679B9E68E7DA0,1FF7EA54151954BC,法规,
REG_ZV9X9B964B7678A192D9,regulation,国务院令第591号,危险化学品安全管理条例(2011修订),ABOLISHED,2011-03-02,2011-12-01,国务院,,/危险化学品管理/安全管理要求,,行政法规,危险化学品安全管理条例,ZV9X9B964B7678A192D9,21644304DE0984AA,法规,
REG_ZV9XA8972C30D4DA7349,regulation,国务院令第645号,危险化学品安全管理条例(2013修订),ACTIVE,2013-12-07,2011-12-01,国务院,,/通用安全管理/综合管理;/危险化学品管理/安全管理要求,,行政法规,危险化学品安全管理条例(2011修订),ZV9XA8972C30D4DA7349,5411F447E55A4DA8,法规,
REG_ZV9XE538EB80E53617E9,regulation,国家安全监管总局令第79号,危险化学品重大危险源监督管理暂行规定(2015修正),ACTIVE,2015-05-27,2011-12-01,国家安全生产监督管理总局,,/通用安全管理/风险管理;/危险化学品管理/安全管理要求,,部门规章,,ZV9XE538EB80E53617E9,40E484BAFE9170D8,法规,
REG_ZV9XB6A900B3F462678D,regulation,国家安全生产监督管理总局令第89号,危险化学品生产企业安全生产许可证实施办法(2017修正),ACTIVE,2017-03-06,2011-12-01,国家安全生产监督管理总局,,/通用安全管理/综合管理;/危险化学品管理/安全管理要求,,部门规章,危险化学品生产企业安全生产许可证实施办法(2015修正),ZV9XB6A900B3F462678D,9D4E1DA25302FC35,法规,
REG_ZV9X60C646B26E8A90A3,regulation,安监总厅管三〔2011〕142号,国家安全监管总局办公厅关于印发首批重点监管的危险化学品安全措施和应急处置原则的通知,ACTIVE,2011-07-01,2011-07-01,国家安全生产监督管理总局,,/危险化学品管理/安全管理要求;/应急管理,,规范性文件,,ZV9X60C646B26E8A90A3,0C783B8362377FBF,法规,
REG_ZV9XE0EE74072C618500,regulation,安监总管三〔2011〕95号,国家安全监管总局关于公布首批重点监管的危险化学品名录的通知,ACTIVE,2011-06-21,2011-06-21,国家安全生产监督管理总局,,/危险化学品管理/名录,,规范性文件,,ZV9XE0EE74072C618500,21CB6FAB4E0B1315,法规,
REG_ZV9XB71A745B6DD0CABF,regulation,中华人民共和国国务院令第666号,城镇燃气管理条例(2016修订),ACTIVE,2016-02-06,2011-03-01,国务院,,/危险化学品管理/城镇燃气,,行政法规,,ZV9XB71A745B6DD0CABF,7F1C91EC8C9151D2,法规,
REG_ZV9X0676B53ED0F60C33,regulation,国务院令第588号,放射性药品管理办法(2011修订),ABOLISHED,2011-01-08,2011-01-08,国务院,,/通用安全管理/综合管理;/危险化学品管理/安全管理要求,,行政法规,,ZV9X0676B53ED0F60C33,E9EF14ADC113F8DF,法规,
REG_ZV9XD1EDE8C25451C232,regulation,国务院令第588号,中华人民共和国监控化学品管理条例(2011修订),ACTIVE,2011-01-08,2011-01-08,国务院,,/危险化学品管理/安全管理要求,,行政法规,,ZV9XD1EDE8C25451C232,F41E20AE432FBDB5,法规,
REG_ZV9X8870200536AB3E78,regulation,安委办〔2010〕30号,国务院安委会办公室关于烟花爆竹生产经营企业贯彻落实《国务院关于进一步加强企业安全生产工作的通知》的实施意见,ACTIVE,2010-12-09,2010-12-09,国务院安全生产委员会,,/通用安全管理/综合管理;/危险化学品管理/烟花爆竹,,规范性文件,,ZV9X8870200536AB3E78,027EBE42DB3E26B5,法规,
REG_ZV9X2C43898BB6C88E64,regulation,广东省第十一届人民代表大会常务委员会公告第42号,广东省燃气管理条例(2010修订),ABOLISHED,2010-06-02,2010-09-01,广东省人民代表大会常务委员会,,/危险化学品管理/城镇燃气,/广东省,地方法规文件,,ZV9X2C43898BB6C88E64,6E3546D44E5CDF0F,法规,
REG_ZV9X535306F2B6CD0332,regulation,卫生部令第72号,药品类易制毒化学品管理办法,ACTIVE,2010-03-18,2010-05-01,卫生部,,/危险化学品管理/安全管理要求,,部门规章,,ZV9X535306F2B6CD0332,44E9F038B8428A53,法规,
REG_ZV9XF83A93021FA4916B,regulation,新疆维吾尔自治区人民政府令第161号,新疆维吾尔自治区民用爆炸物品安全管理办法,ABOLISHED,2009-04-07,2009-06-01,新疆维吾尔自治区人民政府,,/危险化学品管理/民用爆炸品,/新疆维吾尔自治区,地方法规文件,,ZV9XF83A93021FA4916B,F44BD88DCF19BD3F,法规,
REG_ZV9X06B8233AC71217FD,regulation,天津市人民政府令第11号,天津市危险化学品安全管理办法,ABOLISHED,2008-09-04,2008-11-01,天津市人民政府,,/危险化学品管理/安全管理要求,/天津,地方法规文件,,ZV9X06B8233AC71217FD,D952DF79617B8C1F,法规,
REG_ZV9XBB0264B8C4845313,regulation,安委办〔2008〕26号,国务院安委会办公室关于进一步加强危险化学品安全生产工作的指导意见,ACTIVE,2008-09-14,2008-09-14,国务院安全生产委员会,,/通用安全管理/综合管理;/危险化学品管理/安全管理要求,,规范性文件,,ZV9XBB0264B8C4845313,5930BA40FCE34D11,法规,
REG_ZV9X758906AFAFE33A97,regulation,安监总危化〔2007〕255号,国家安全监管总局关于印发《危险化学品建设项目安全评价细则(试行)》的通知,ACTIVE,2007-12-12,2007-12-12,国家安全生产监督管理总局,,/建设项目三同时;/危险化学品管理/安全管理要求,,规范性文件,,ZV9X758906AFAFE33A97,13C7E2E769E785BD,法规,
REG_ZV9X56A56A00A6101CE2,regulation,湖北省人民代表大会常务委员会公告第72号,湖北省燃气管理条例(2007修订),ABOLISHED,2007-07-28,2007-10-01,湖北省人民代表大会常务委员会,,/危险化学品管理/城镇燃气,/湖北省,地方法规文件,,ZV9X56A56A00A6101CE2,9DEAEF08B482F545,法规,
REG_ZV9XAD7F47D312F367A6,regulation,2006年第1号公告,民用爆炸物品品名表,ACTIVE,2006-11-09,2006-11-09,国防科学技术工业委员会;公安部,,/危险化学品管理/名录;/危险化学品管理/民用爆炸品;/原料及产品/火工产品,,规范性文件,,ZV9XAD7F47D312F367A6,41AE76CC4BDD4858,法规,
REG_ZV9X306A48649D3FDB3F,regulation,公安部令第87号,易制毒化学品购销和运输管理办法,ACTIVE,2006-08-22,2006-10-01,公安部,,/危险化学品管理/安全管理要求;/交通运输安全,,部门规章,,ZV9X306A48649D3FDB3F,B2CEBE678950311B,法规,
REG_ZV9XE2D79A0578B96C1E,regulation,国务院令第466号,民用爆炸物品安全管理条例,ABOLISHED,2006-05-10,2006-09-01,国务院,,/危险化学品管理/民用爆炸品,,行政法规,,ZV9XE2D79A0578B96C1E,36489B3974CE49D4,法规,
REG_ZV9X9A630A575638A503,regulation,国防科学技术工业委员会令第16号,民用爆炸物品生产许可实施办法,ABOLISHED,2006-08-31,2006-09-01,国防科学技术工业委员会,,/危险化学品管理/民用爆炸品,,部门规章,,ZV9X9A630A575638A503,A7C85423F4C538B8,法规,
REG_ZV9X4733BC3DE6B6AF2C,regulation,国防科学技术工业委员会令第18号,民用爆炸物品销售许可实施办法,ABOLISHED,2006-08-31,2006-09-01,国防科学技术工业委员会,,/危险化学品管理/民用爆炸品,,部门规章,,ZV9X4733BC3DE6B6AF2C,1BC4C3F49F1385AC,法规,
REG_ZV9X801BE14C55CA388C,regulation,湖北省人民政府令第289号,湖北省燃放烟花爆竹若干规定,ACTIVE,2006-04-13,2006-06-01,湖北省人民政府,,/危险化学品管理/烟花爆竹,/湖北省,地方法规文件,,ZV9X801BE14C55CA388C,F3167CBC7431CC77,法规,
REG_ZV9X39B1403F89D92F10,regulation,内政字[2006]177号,内蒙古自治区人民政府关于印发自治区危险化学品安全管理实施办法的通知,ACTIVE,2006-05-23,2006-05-23,内蒙古自治区人民政府,,/危险化学品管理/安全管理要求,/内蒙古自治区,地方法规文件,,ZV9X39B1403F89D92F10,D1AB12E185099E69,法规,
REG_ZV9X080F189EB419804A,regulation,国家安全生产监督管理总局令第5号,非药品类易制毒化学品生产、经营许可办法,ACTIVE,2006-04-05,2006-04-15,国家安全生产监督管理总局,,/通用安全管理/综合管理;/危险化学品管理/安全管理要求,,部门规章,,ZV9X080F189EB419804A,910E6BC5296F22F1,法规,
REG_ZV9XA68F6E7FADF5A2EC,regulation,山西省人民政府令第184号,山西省危险化学品安全管理办法,ABOLISHED,2006-01-08,2006-02-01,山西省人民政府,,/危险化学品管理/安全管理要求,/山西省,地方法规文件,,ZV9XA68F6E7FADF5A2EC,69A2CF40DC099761,法规,
REG_ZV9X3B801CEEF13E6D10,regulation,北京市人民代表大会常务委员会公告〔14届〕第38号,北京市烟花爆竹安全管理规定(2017修正),ACTIVE,2017-12-01,2005-12-01,北京市人民代表大会常务委员会,,/危险化学品管理/烟花爆竹,/北京,地方法规文件,,ZV9X3B801CEEF13E6D10,F13615CD1655C4ED,法规,
REG_ZV9XE100FBAB07287ED8,regulation,江西省人民政府令第143号,江西省烟花爆竹安全管理办法(2005修正),ABOLISHED,2005-11-09,2005-11-09,江西省人民政府,,/危险化学品管理/烟花爆竹,/江西省,地方法规文件,,ZV9XE100FBAB07287ED8,6C8CA836DA65A4A7,法规,
REG_ZV9X8A28E9EF1408F6DB,regulation,宁夏回族自治区人民代表大会常务委员会公告第23号,宁夏回族自治区烟花爆竹安全管理条例,ABOLISHED,2005-07-22,2005-09-01,宁夏回族自治区人民代表大会常务委员会,,/危险化学品管理/烟花爆竹,/宁夏回族自治区,地方法规文件,,ZV9X8A28E9EF1408F6DB,C8AB81E24198CDCD,法规,
REG_ZV9X3B109A2BEBB1C097,regulation,公安部令第77号,剧毒化学品购买和公路运输许可证件管理办法,ACTIVE,2005-05-25,2005-08-01,公安部,,/通用安全管理/综合管理;/危险化学品管理/安全管理要求;/交通运输安全,,部门规章,,ZV9X3B109A2BEBB1C097,6723C8F73B8B542F,法规,
REG_ZV9XA773A92B1DDD79B1,regulation,江苏省第十届人民代表大会常务委员会公告第97号,江苏省燃气管理条例,ABOLISHED,2005-04-01,2005-07-01,江苏省人民代表大会常务委员会,,/危险化学品管理/城镇燃气,/江苏省,地方法规文件,江苏省液化石油气管理办法(2004修正),ZV9XA773A92B1DDD79B1,0DAE5CDA7D9E8B70,法规,
REG_ZV9X903B452B62F73BC7,regulation,海南省人民代表大会常务委员会公告第26号,海南省燃气管理条例(2004修正),ABOLISHED,2004-09-24,2004-11-01,海南省人民代表大会常务委员会,,/危险化学品管理/城镇燃气,/海南省,地方法规文件,,ZV9X903B452B62F73BC7,58F0357CE54F860C,法规,
REG_ZV9XE246086E53264567,regulation,四川省第十届人民代表大会常务委员会公告第47号,四川省燃气管理条例(2004修正),ABOLISHED,2004-09-24,2004-09-24,四川省人民代表大会常务委员会,,/危险化学品管理/城镇燃气,/四川省,地方法规文件,,ZV9XE246086E53264567,3C0FEEA37FF984F6,法规,
REG_ZV9X841FE9B98C36FAD0,regulation,江苏省人民政府令第23号,江苏省液化石油气管理办法(2004修正),ABOLISHED,2004-06-29,2004-07-01,江苏省人民政府,,/危险化学品管理/城镇燃气,/江苏省,地方法规文件,江苏省液化石油气管理办法(2003修改),ZV9X841FE9B98C36FAD0,F02AF084CC20B60C,法规,
REG_ZV9XDAA0A88B9D6F03EE,regulation,国家安全生产监督管理局、国家煤矿安全监察局令第10号,危险化学品生产企业安全生产许可证实施办法,ABOLISHED,2004-05-17,2004-05-17,国家安全生产监督管理总局;国家矿山安全监察局,,/通用安全管理/综合管理;/危险化学品管理/安全管理要求,,部门规章,,ZV9XDAA0A88B9D6F03EE,3BC4F95088199E3F,法规,
REG_ZV9X58DFEDD726CFE4A3,regulation,江苏省政府令第19号,江苏省液化石油气管理办法(2003修改),ABOLISHED,2003-06-11,2003-06-11,江苏省人民政府,,/危险化学品管理/城镇燃气,/江苏省,地方法规文件,,ZV9X58DFEDD726CFE4A3,8B2A911B99C58B57,法规,
REG_ZV9X3C7B2E5CCCEDD1D8,regulation,国务院令第360号,中华人民共和国药品管理法实施条例,ABOLISHED,2002-08-04,2002-09-15,国务院,,/危险化学品管理/安全管理要求,,行政法规,,ZV9X3C7B2E5CCCEDD1D8,89A9E9215587B6B0,法规,
REG_ZV9X1F939DB9B8A87592,regulation,渝府令[2002]131,重庆市天然气使用及设施安全管理办法,ACTIVE,2002-04-20,2002-06-01,重庆市人民政府,,/危险化学品管理/城镇燃气,/重庆,地方法规文件,,ZV9X1F939DB9B8A87592,1B9793F2D81D7FED,法规,
REG_ZV9XEA7F8C9502574133,regulation,国务院令第344号,危险化学品安全管理条例,ABOLISHED,2002-01-26,2002-03-15,国务院,,/危险化学品管理/安全管理要求,,行政法规,,ZV9XEA7F8C9502574133,CBBA893F93A9F2B6,法规,
REG_ZV9X18DB30DE30E93630,regulation,劳部发〔1996〕423号,劳动部、化学工业部关于颁发《工作场所安全使用化学品规定》的通知,ACTIVE,1996-12-20,1997-01-01,化学工业部;劳动和社会保障部,,/危险化学品管理/安全管理要求,,规范性文件,,ZV9X18DB30DE30E93630,77193ABB0C3751A5,法规,
