pdf_id,filename,path,document_type,document_status,standard_status,standard_code,year,size_mb,parse_status
PDF_00000,AQ 3011-2007.pdf,/root/autodl-tmp/chemical_kb/data/pdf/标准/AQ 3011-2007.pdf,标准,ACTIVE,现行,AQ3011-2007,2007,0.21,WAIT
PDF_00001,AQ 4101-2008.pdf,/root/autodl-tmp/chemical_kb/data/pdf/标准/AQ 4101-2008.pdf,标准,ACTIVE,现行,AQ4101-2008,2008,0.37,WAIT
PDF_00002,AQ 4101-2026.pdf,/root/autodl-tmp/chemical_kb/data/pdf/标准/AQ 4101-2026.pdf,标准,ACTIVE,现行,AQ4101-2026,2026,14.58,WAIT
PDF_00003,AQ 4102-2008.pdf,/root/autodl-tmp/chemical_kb/data/pdf/标准/AQ 4102-2008.pdf,标准,ACTIVE,现行,AQ4102-2008,2008,0.21,WAIT
PDF_00004,AQ 4102-2026.pdf,/root/autodl-tmp/chemical_kb/data/pdf/标准/AQ 4102-2026.pdf,标准,ACTIVE,现行,AQ4102-2026,2026,7.92,WAIT
PDF_00005,AQ 4103-2008.pdf,/root/autodl-tmp/chemical_kb/data/pdf/标准/AQ 4103-2008.pdf,标准,ACTIVE,现行,AQ4103-2008,2008,0.16,WAIT
PDF_00006,AQ 4104-2008.pdf,/root/autodl-tmp/chemical_kb/data/pdf/标准/AQ 4104-2008.pdf,标准,ACTIVE,现行,AQ4104-2008,2008,0.1,WAIT
PDF_00007,AQ 4104-2025.pdf,/root/autodl-tmp/chemical_kb/data/pdf/标准/AQ 4104-2025.pdf,标准,ACTIVE,现行,AQ4104-2025,2025,1.11,WAIT
PDF_00008,AQ 4105-2008.pdf,/root/autodl-tmp/chemical_kb/data/pdf/标准/AQ 4105-2008.pdf,标准,ACTIVE,现行,AQ4105-2008,2008,0.13,WAIT
PDF_00009,AQ 4106-2008.pdf,/root/autodl-tmp/chemical_kb/data/pdf/标准/AQ 4106-2008.pdf,标准,ACTIVE,现行,AQ4106-2008,2008,0.16,WAIT
PDF_00010,AQ 4107-2008.pdf,/root/autodl-tmp/chemical_kb/data/pdf/标准/AQ 4107-2008.pdf,标准,ACTIVE,现行,AQ4107-2008,2008,0.18,WAIT
PDF_00011,AQ 4108-2008.pdf,/root/autodl-tmp/chemical_kb/data/pdf/标准/AQ 4108-2008.pdf,标准,ACTIVE,现行,AQ4108-2008,2008,0.22,WAIT
PDF_00012,AQ 4109-2008.pdf,/root/autodl-tmp/chemical_kb/data/pdf/标准/AQ 4109-2008.pdf,标准,ACTIVE,现行,AQ4109-2008,2008,0.16,WAIT
PDF_00013,AQ 4110-2008.pdf,/root/autodl-tmp/chemical_kb/data/pdf/标准/AQ 4110-2008.pdf,标准,ACTIVE,现行,AQ4110-2008,2008,0.27,WAIT
PDF_00014,AQ 4111-2008.pdf,/root/autodl-tmp/chemical_kb/data/pdf/标准/AQ 4111-2008.pdf,标准,ACTIVE,现行,AQ4111-2008,2008,0.21,WAIT
PDF_00015,AQ 4112-2008.pdf,/root/autodl-tmp/chemical_kb/data/pdf/标准/AQ 4112-2008.pdf,标准,ACTIVE,现行,AQ4112-2008,2008,0.14,WAIT
PDF_00016,AQ 4113-2008.pdf,/root/autodl-tmp/chemical_kb/data/pdf/标准/AQ 4113-2008.pdf,标准,ACTIVE,现行,AQ4113-2008,2008,0.37,WAIT
PDF_00017,AQ 4114-2011.pdf,/root/autodl-tmp/chemical_kb/data/pdf/标准/AQ 4114-2011.pdf,标准,ACTIVE,现行,AQ4114-2011,2011,1.47,WAIT
PDF_00018,AQ 4115-2011.pdf,/root/autodl-tmp/chemical_kb/data/pdf/标准/AQ 4115-2011.pdf,标准,ACTIVE,现行,AQ4115-2011,2011,1.04,WAIT
PDF_00019,AQ 4115-2025.pdf,/root/autodl-tmp/chemical_kb/data/pdf/标准/AQ 4115-2025.pdf,标准,ACTIVE,现行,AQ4115-2025,2025,2.72,WAIT
PDF_00020,AQ 4124-2026.pdf,/root/autodl-tmp/chemical_kb/data/pdf/标准/AQ 4124-2026.pdf,标准,ACTIVE,现行,AQ4124-2026,2026,6.48,WAIT
PDF_00021,AQ 4125-2014.pdf,/root/autodl-tmp/chemical_kb/data/pdf/标准/AQ 4125-2014.pdf,标准,ACTIVE,现行,AQ4125-2014,2014,2.63,WAIT
PDF_00022,AQ 4126-2018.pdf,/root/autodl-tmp/chemical_kb/data/pdf/标准/AQ 4126-2018.pdf,标准,ACTIVE,现行,AQ4126-2018,2018,2.45,WAIT
PDF_00023,AQ 4127-2026.pdf,/root/autodl-tmp/chemical_kb/data/pdf/标准/AQ 4127-2026.pdf,标准,ACTIVE,现行,AQ4127-2026,2026,4.12,WAIT
PDF_00024,AQ 4128-2019.pdf,/root/autodl-tmp/chemical_kb/data/pdf/标准/AQ 4128-2019.pdf,标准,ACTIVE,现行,AQ4128-2019,2019,0.84,WAIT
PDF_00025,AQ 4129-2019.pdf,/root/autodl-tmp/chemical_kb/data/pdf/标准/AQ 4129-2019.pdf,标准,ACTIVE,现行,AQ4129-2019,2019,0.7,WAIT
PDF_00026,AQ 4131-2023.pdf,/root/autodl-tmp/chemical_kb/data/pdf/标准/AQ 4131-2023.pdf,标准,ACTIVE,现行,AQ4131-2023,2023,2.01,WAIT
PDF_00027,AQ 4132-2025.pdf,/root/autodl-tmp/chemical_kb/data/pdf/标准/AQ 4132-2025.pdf,标准,ACTIVE,现行,AQ4132-2025,2025,3.2,WAIT
PDF_00028,AQ_T 4105-2023.pdf,/root/autodl-tmp/chemical_kb/data/pdf/标准/AQ_T 4105-2023.pdf,标准,ACTIVE,现行,AQ/T4105-2023,2023,7.62,WAIT
PDF_00029,AQ_T 4116-2011.pdf,/root/autodl-tmp/chemical_kb/data/pdf/标准/AQ_T 4116-2011.pdf,标准,ACTIVE,现行,AQ/T4116-2011,2011,0.41,WAIT
PDF_00030,AQ_T 4117-2011.pdf,/root/autodl-tmp/chemical_kb/data/pdf/标准/AQ_T 4117-2011.pdf,标准,ACTIVE,现行,AQ/T4117-2011,2011,0.96,WAIT
PDF_00031,AQ_T 4118-2011.pdf,/root/autodl-tmp/chemical_kb/data/pdf/标准/AQ_T 4118-2011.pdf,标准,ACTIVE,现行,AQ/T4118-2011,2011,1.34,WAIT
PDF_00032,AQ_T 4119-2011.pdf,/root/autodl-tmp/chemical_kb/data/pdf/标准/AQ_T 4119-2011.pdf,标准,ACTIVE,现行,AQ/T4119-2011,2011,1.35,WAIT
PDF_00033,AQ_T 4120-2011.pdf,/root/autodl-tmp/chemical_kb/data/pdf/标准/AQ_T 4120-2011.pdf,标准,ACTIVE,现行,AQ/T4120-2011,2011,0.75,WAIT
PDF_00034,AQ_T 4122-2014.pdf,/root/autodl-tmp/chemical_kb/data/pdf/标准/AQ_T 4122-2014.pdf,标准,ACTIVE,现行,AQ/T4122-2014,2014,2.61,WAIT
PDF_00035,AQ_T 4123-2014.pdf,/root/autodl-tmp/chemical_kb/data/pdf/标准/AQ_T 4123-2014.pdf,标准,ACTIVE,现行,AQ/T4123-2014,2014,3.03,WAIT
PDF_00036,AQ_T 4124-2014.pdf,/root/autodl-tmp/chemical_kb/data/pdf/标准/AQ_T 4124-2014.pdf,标准,ACTIVE,现行,AQ/T4124-2014,2014,4.97,WAIT
PDF_00037,AQ_T 4127-2018.pdf,/root/autodl-tmp/chemical_kb/data/pdf/标准/AQ_T 4127-2018.pdf,标准,ACTIVE,现行,AQ/T4127-2018,2018,2.34,WAIT
PDF_00038,AQ_T 4130-2019.pdf,/root/autodl-tmp/chemical_kb/data/pdf/标准/AQ_T 4130-2019.pdf,标准,ACTIVE,现行,AQ/T4130-2019,2019,1.34,WAIT
PDF_00039,DB11_ 358-2016_烟花爆竹安全 级别、类别和标识标注.pdf,/root/autodl-tmp/chemical_kb/data/pdf/标准/DB11_ 358-2016_烟花爆竹安全 级别、类别和标识标注.pdf,标准,ACTIVE,现行,,2016,0.17,WAIT
PDF_00040,DB11_T 1322.32-2019_安全生产等级评定技术规范 第32部分：烟花爆竹经营（批发）企业.pdf,/root/autodl-tmp/chemical_kb/data/pdf/标准/DB11_T 1322.32-2019_安全生产等级评定技术规范 第32部分：烟花爆竹经营（批发）企业.pdf,标准,ACTIVE,现行,DB11/T1322.32-2019,2019,0.36,WAIT
PDF_00041,DB11_T 1578-2025_医疗机构危险化学品安全管理要求.pdf,/root/autodl-tmp/chemical_kb/data/pdf/标准/DB11_T 1578-2025_医疗机构危险化学品安全管理要求.pdf,标准,ACTIVE,现行,DB11/T1578-2025,2025,0.23,WAIT
PDF_00042,DB11_T 2196-2023_危险化学品全流程追溯管理技术规范.pdf,/root/autodl-tmp/chemical_kb/data/pdf/标准/DB11_T 2196-2023_危险化学品全流程追溯管理技术规范.pdf,标准,ACTIVE,现行,DB11/T2196-2023,2023,0.14,WAIT
PDF_00043,DB11_T 302-2014_燃气输配工程设计施工验收技术规范.pdf,/root/autodl-tmp/chemical_kb/data/pdf/标准/DB11_T 302-2014_燃气输配工程设计施工验收技术规范.pdf,标准,ACTIVE,现行,DB11/T302-2014,2014,0.77,WAIT
PDF_00044,DB11_T 302-2023_燃气输配工程设计施工验收技术规范.pdf,/root/autodl-tmp/chemical_kb/data/pdf/标准/DB11_T 302-2023_燃气输配工程设计施工验收技术规范.pdf,标准,ACTIVE,现行,DB11/T302-2023,2023,31.54,WAIT
PDF_00045,DB13_T 2941-2019_危险化学品登记管理规范.pdf,/root/autodl-tmp/chemical_kb/data/pdf/标准/DB13_T 2941-2019_危险化学品登记管理规范.pdf,标准,ACTIVE,现行,DB13/T2941-2019,2019,0.24,WAIT
PDF_00046,DB13_T 5272-2020_工业企业天然气安全管理条件规范.pdf,/root/autodl-tmp/chemical_kb/data/pdf/标准/DB13_T 5272-2020_工业企业天然气安全管理条件规范.pdf,标准,ACTIVE,现行,DB13/T5272-2020,2020,0.76,WAIT
PDF_00047,DB13_T 5742-2023_醇基燃料使用安全规范.pdf,/root/autodl-tmp/chemical_kb/data/pdf/标准/DB13_T 5742-2023_醇基燃料使用安全规范.pdf,标准,ACTIVE,现行,DB13/T5742-2023,2023,2.6,WAIT
PDF_00048,DB15_T 1198-2024_危险化学品行业反恐怖防范要求.pdf,/root/autodl-tmp/chemical_kb/data/pdf/标准/DB15_T 1198-2024_危险化学品行业反恐怖防范要求.pdf,标准,ACTIVE,现行,DB15/T1198-2024,2024,3.84,WAIT
PDF_00049,DB21_T 3267-2020_烟花爆竹批发企业安全生产管理手册编写导则.pdf,/root/autodl-tmp/chemical_kb/data/pdf/标准/DB21_T 3267-2020_烟花爆竹批发企业安全生产管理手册编写导则.pdf,标准,ACTIVE,现行,DB21/T3267-2020,2020,0.42,WAIT
PDF_00050,DB22_T 3071-2019_爆炸型催化剂检测取样规程.pdf,/root/autodl-tmp/chemical_kb/data/pdf/标准/DB22_T 3071-2019_爆炸型催化剂检测取样规程.pdf,标准,ACTIVE,现行,DB22/T3071-2019,2019,0.45,WAIT
PDF_00051,DB22_T 3221-2021_危险化学品重大危险源安全评估导则.pdf,/root/autodl-tmp/chemical_kb/data/pdf/标准/DB22_T 3221-2021_危险化学品重大危险源安全评估导则.pdf,标准,ACTIVE,现行,DB22/T3221-2021,2021,0.18,WAIT
PDF_00052,DB32_T 3256-2017_化学品禁配表编制导则.pdf,/root/autodl-tmp/chemical_kb/data/pdf/标准/DB32_T 3256-2017_化学品禁配表编制导则.pdf,标准,ACTIVE,现行,DB32/T3256-2017,2017,0.29,WAIT
PDF_00053,DB32_T 3615-2019_剧毒化学品生产企业安全管理规范.pdf,/root/autodl-tmp/chemical_kb/data/pdf/标准/DB32_T 3615-2019_剧毒化学品生产企业安全管理规范.pdf,标准,ACTIVE,现行,DB32/T3615-2019,2019,0.69,WAIT
PDF_00054,DB32_T 3617-2019_液氯使用安全技术规范.pdf,/root/autodl-tmp/chemical_kb/data/pdf/标准/DB32_T 3617-2019_液氯使用安全技术规范.pdf,标准,ACTIVE,现行,DB32/T3617-2019,2019,0.41,WAIT
PDF_00055,DB32_T 4531-2023_危险化学品重大危险源二维码安全管理标志牌规范.pdf,/root/autodl-tmp/chemical_kb/data/pdf/标准/DB32_T 4531-2023_危险化学品重大危险源二维码安全管理标志牌规范.pdf,标准,ACTIVE,现行,DB32/T4531-2023,2023,1.01,WAIT
PDF_00056,DB3302_T 1051-2019_燃气行业服务规范.pdf,/root/autodl-tmp/chemical_kb/data/pdf/标准/DB3302_T 1051-2019_燃气行业服务规范.pdf,标准,ACTIVE,现行,DB3302/T1051-2019,2019,0.69,WAIT
PDF_00057,DB33_T 1155-2018_城镇小型液化天然气气化站技术规程.pdf,/root/autodl-tmp/chemical_kb/data/pdf/标准/DB33_T 1155-2018_城镇小型液化天然气气化站技术规程.pdf,标准,ACTIVE,现行,DB33/T1155-2018,2018,1.73,WAIT
PDF_00058,DB33_T 768.8-2009_安全技术防范系统建设技术规范 第8部分_ 城镇燃气供储场所.pdf,/root/autodl-tmp/chemical_kb/data/pdf/标准/DB33_T 768.8-2009_安全技术防范系统建设技术规范 第8部分_ 城镇燃气供储场所.pdf,标准,ACTIVE,现行,DB33/T768.8-2009,2009,0.21,WAIT
PDF_00059,DB37_T 4995-2025_可燃液体、液化烃及液化毒性气体汽车装卸设施安全管理规范.pdf,/root/autodl-tmp/chemical_kb/data/pdf/标准/DB37_T 4995-2025_可燃液体、液化烃及液化毒性气体汽车装卸设施安全管理规范.pdf,标准,ACTIVE,现行,DB37/T4995-2025,2025,0.52,WAIT
PDF_00060,DB37_T 5347-2026_城镇燃气老化管道更新改造技术标准.pdf,/root/autodl-tmp/chemical_kb/data/pdf/标准/DB37_T 5347-2026_城镇燃气老化管道更新改造技术标准.pdf,标准,ACTIVE,现行,DB37/T5347-2026,2026,0.55,WAIT
PDF_00061,DB37_T 997-2008_危险化学品作业场所警示标志标识规范.pdf,/root/autodl-tmp/chemical_kb/data/pdf/标准/DB37_T 997-2008_危险化学品作业场所警示标志标识规范.pdf,标准,ACTIVE,现行,DB37/T997-2008,2008,1.18,WAIT
PDF_00062,DB43_T 1780-2020_工业企业天然气使用安全规程.pdf,/root/autodl-tmp/chemical_kb/data/pdf/标准/DB43_T 1780-2020_工业企业天然气使用安全规程.pdf,标准,ACTIVE,现行,DB43/T1780-2020,2020,2.82,WAIT
PDF_00063,DB43_T 1785-2020_烟花爆竹企业内部运输电动车辆安全规范.pdf,/root/autodl-tmp/chemical_kb/data/pdf/标准/DB43_T 1785-2020_烟花爆竹企业内部运输电动车辆安全规范.pdf,标准,ACTIVE,现行,DB43/T1785-2020,2020,2.41,WAIT
PDF_00064,DB43_T 1786-2020_湖南省烟花爆竹生产经营安全规范.pdf,/root/autodl-tmp/chemical_kb/data/pdf/标准/DB43_T 1786-2020_湖南省烟花爆竹生产经营安全规范.pdf,标准,ACTIVE,现行,DB43/T1786-2020,2020,11.68,WAIT
PDF_00065,DB43_T 3447-2025_烟花爆竹生产企业对标改造技术指南.pdf,/root/autodl-tmp/chemical_kb/data/pdf/标准/DB43_T 3447-2025_烟花爆竹生产企业对标改造技术指南.pdf,标准,ACTIVE,现行,DB43/T3447-2025,2025,66.85,WAIT
PDF_00066,DB43_T 411-2008_烟花爆竹企业防雷设计施工规范.pdf,/root/autodl-tmp/chemical_kb/data/pdf/标准/DB43_T 411-2008_烟花爆竹企业防雷设计施工规范.pdf,标准,ACTIVE,现行,DB43/T411-2008,2008,2.02,WAIT
PDF_00067,DB43_T 412-2008_烟花爆竹企业防雷装置检测技术规范.pdf,/root/autodl-tmp/chemical_kb/data/pdf/标准/DB43_T 412-2008_烟花爆竹企业防雷装置检测技术规范.pdf,标准,ACTIVE,现行,DB43/T412-2008,2008,0.91,WAIT
PDF_00068,DB43_T 413-2008_烟花爆竹企业防雷运行管理规程.pdf,/root/autodl-tmp/chemical_kb/data/pdf/标准/DB43_T 413-2008_烟花爆竹企业防雷运行管理规程.pdf,标准,ACTIVE,现行,DB43/T413-2008,2008,0.56,WAIT
PDF_00069,DB44_T 2564-2024_危险化学品安全信息码应用规范.pdf,/root/autodl-tmp/chemical_kb/data/pdf/标准/DB44_T 2564-2024_危险化学品安全信息码应用规范.pdf,标准,ACTIVE,现行,DB44/T2564-2024,2024,1.01,WAIT
PDF_00070,DB46_T 521-2021_危险化学品企业可查验防护措施管理规范.pdf,/root/autodl-tmp/chemical_kb/data/pdf/标准/DB46_T 521-2021_危险化学品企业可查验防护措施管理规范.pdf,标准,ACTIVE,现行,DB46/T521-2021,2021,2.62,WAIT
PDF_00071,GA 837-2009.pdf,/root/autodl-tmp/chemical_kb/data/pdf/标准/GA 837-2009.pdf,标准,ACTIVE,现行,GA837-2009,2009,1.94,WAIT
PDF_00072,DB46_T 671-2025_醇基液体燃料使用安全管理规范.pdf,/root/autodl-tmp/chemical_kb/data/pdf/标准/DB46_T 671-2025_醇基液体燃料使用安全管理规范.pdf,标准,ACTIVE,现行,DB46/T671-2025,2025,1.16,WAIT
PDF_00073,DB46_T 672-2025_醇基液体燃料安全检查工作规范.pdf,/root/autodl-tmp/chemical_kb/data/pdf/标准/DB46_T 672-2025_醇基液体燃料安全检查工作规范.pdf,标准,ACTIVE,现行,DB46/T672-2025,2025,0.69,WAIT
PDF_00074,DB50_T 867.25-2021_城镇天然气经营企业.pdf,/root/autodl-tmp/chemical_kb/data/pdf/标准/DB50_T 867.25-2021_城镇天然气经营企业.pdf,标准,ACTIVE,现行,DB50/T867.25-2021,2021,1.31,WAIT
PDF_00075,DB51_T 3239-2024_危险化学品安全生产数据交换规范.pdf,/root/autodl-tmp/chemical_kb/data/pdf/标准/DB51_T 3239-2024_危险化学品安全生产数据交换规范.pdf,标准,ACTIVE,现行,DB51/T3239-2024,2024,11.08,WAIT
PDF_00076,DB65_T 3902-2016_烟花爆竹批发、零售及储存库事故隐患排查技术规范.pdf,/root/autodl-tmp/chemical_kb/data/pdf/标准/DB65_T 3902-2016_烟花爆竹批发、零售及储存库事故隐患排查技术规范.pdf,标准,ACTIVE,现行,DB65/T3902-2016,2016,4.33,WAIT
PDF_00077,GA 838-2009.pdf,/root/autodl-tmp/chemical_kb/data/pdf/标准/GA 838-2009.pdf,标准,ACTIVE,现行,GA838-2009,2009,0.19,WAIT
PDF_00078,GA_T 536.1-2013.pdf,/root/autodl-tmp/chemical_kb/data/pdf/标准/GA_T 536.1-2013.pdf,标准,ACTIVE,现行,T536.1-2013,2013,1.94,WAIT
PDF_00079,GA 921-2011.pdf,/root/autodl-tmp/chemical_kb/data/pdf/标准/GA 921-2011.pdf,标准,ACTIVE,现行,GA921-2011,2011,3.11,WAIT
PDF_00080,GA_T 536.2-2005.pdf,/root/autodl-tmp/chemical_kb/data/pdf/标准/GA_T 536.2-2005.pdf,标准,ACTIVE,现行,T536.2-2005,2005,0.08,WAIT
PDF_00081,GA_T 536.3-2005.pdf,/root/autodl-tmp/chemical_kb/data/pdf/标准/GA_T 536.3-2005.pdf,标准,ACTIVE,现行,T536.3-2005,2005,0.11,WAIT
PDF_00082,GA_T 536.4-2005.pdf,/root/autodl-tmp/chemical_kb/data/pdf/标准/GA_T 536.4-2005.pdf,标准,ACTIVE,现行,T536.4-2005,2005,0.08,WAIT
PDF_00083,GA_T 536.5-2005.pdf,/root/autodl-tmp/chemical_kb/data/pdf/标准/GA_T 536.5-2005.pdf,标准,ACTIVE,现行,T536.5-2005,2005,0.08,WAIT
PDF_00084,GA_T 536.6-2010.pdf,/root/autodl-tmp/chemical_kb/data/pdf/标准/GA_T 536.6-2010.pdf,标准,ACTIVE,现行,T536.6-2010,2010,1.5,WAIT
PDF_00085,GA_T 972-2011.pdf,/root/autodl-tmp/chemical_kb/data/pdf/标准/GA_T 972-2011.pdf,标准,ACTIVE,现行,T972-2011,2011,0.4,WAIT
PDF_00086,GB 10631-2004_烟花爆竹 安全与质量.pdf,/root/autodl-tmp/chemical_kb/data/pdf/标准/GB 10631-2004_烟花爆竹 安全与质量.pdf,标准,ACTIVE,现行,,2004,0.42,WAIT
PDF_00087,GB 10631-2013_烟花爆竹 安全与质量.pdf,/root/autodl-tmp/chemical_kb/data/pdf/标准/GB 10631-2013_烟花爆竹 安全与质量.pdf,标准,ACTIVE,现行,,2013,0.76,WAIT
PDF_00088,GB 10631-2025_烟花爆竹 安全与质量.pdf,/root/autodl-tmp/chemical_kb/data/pdf/标准/GB 10631-2025_烟花爆竹 安全与质量.pdf,标准,ACTIVE,现行,,2025,6.71,WAIT
PDF_00089,GB 11652-2012_烟花爆竹作业安全技术规程.pdf,/root/autodl-tmp/chemical_kb/data/pdf/标准/GB 11652-2012_烟花爆竹作业安全技术规程.pdf,标准,ACTIVE,现行,,2012,1.02,WAIT
PDF_00090,GB 11984-2024_化工企业氯气安全技术规范.pdf,/root/autodl-tmp/chemical_kb/data/pdf/标准/GB 11984-2024_化工企业氯气安全技术规范.pdf,标准,ACTIVE,现行,,2024,0.37,WAIT
PDF_00091,GB 12268-2025_危险货物品名表.pdf,/root/autodl-tmp/chemical_kb/data/pdf/标准/GB 12268-2025_危险货物品名表.pdf,标准,ACTIVE,现行,,2025,64.84,WAIT
PDF_00092,GB 12662-2008_爆炸物解体器.pdf,/root/autodl-tmp/chemical_kb/data/pdf/标准/GB 12662-2008_爆炸物解体器.pdf,标准,ACTIVE,现行,,2008,0.6,WAIT
PDF_00093,GB 12950-1991_地震勘探爆炸安全规程.pdf,/root/autodl-tmp/chemical_kb/data/pdf/标准/GB 12950-1991_地震勘探爆炸安全规程.pdf,标准,ACTIVE,现行,,1991,1.34,WAIT
PDF_00094,GB 13042-2008_包装容器 铁质气雾罐.pdf,/root/autodl-tmp/chemical_kb/data/pdf/标准/GB 13042-2008_包装容器 铁质气雾罐.pdf,标准,ACTIVE,现行,,2008,0.6,WAIT
PDF_00095,GB 13690-2009_化学品分类和危险性公示 通则.pdf,/root/autodl-tmp/chemical_kb/data/pdf/标准/GB 13690-2009_化学品分类和危险性公示 通则.pdf,标准,ACTIVE,现行,,2009,1.49,WAIT
PDF_00096,GB 15258-1999_化学品安全标签编写规定.pdf,/root/autodl-tmp/chemical_kb/data/pdf/标准/GB 15258-1999_化学品安全标签编写规定.pdf,标准,ACTIVE,现行,,1999,0.58,WAIT
PDF_00097,GB 15258-2009_化学品安全标签编写规定.pdf,/root/autodl-tmp/chemical_kb/data/pdf/标准/GB 15258-2009_化学品安全标签编写规定.pdf,标准,ACTIVE,现行,,2009,3.6,WAIT
PDF_00098,GB 15346-2012_化学试剂 包装及标志.pdf,/root/autodl-tmp/chemical_kb/data/pdf/标准/GB 15346-2012_化学试剂 包装及标志.pdf,标准,ACTIVE,现行,,2012,0.57,WAIT
PDF_00099,GB 15603-1995_常用化学危险品贮存通则.pdf,/root/autodl-tmp/chemical_kb/data/pdf/标准/GB 15603-1995_常用化学危险品贮存通则.pdf,标准,ACTIVE,现行,,1995,25.79,WAIT
PDF_00100,GB 16473-1996_黄磷包装.pdf,/root/autodl-tmp/chemical_kb/data/pdf/标准/GB 16473-1996_黄磷包装.pdf,标准,ACTIVE,现行,,1996,31.51,WAIT
PDF_00101,GB 16483-2000_化学品安全技术说明书 编写规定.pdf,/root/autodl-tmp/chemical_kb/data/pdf/标准/GB 16483-2000_化学品安全技术说明书 编写规定.pdf,标准,ACTIVE,现行,,2000,0.76,WAIT
PDF_00102,GB 17919-2025_可燃性粉尘除尘系统防爆安全规范.pdf,/root/autodl-tmp/chemical_kb/data/pdf/标准/GB 17919-2025_可燃性粉尘除尘系统防爆安全规范.pdf,标准,ACTIVE,现行,,2025,0.4,WAIT
PDF_00103,GB 18154-2025_可燃性粉尘抑爆安全规范.pdf,/root/autodl-tmp/chemical_kb/data/pdf/标准/GB 18154-2025_可燃性粉尘抑爆安全规范.pdf,标准,ACTIVE,现行,,2025,0.4,WAIT
PDF_00104,GB 18191-2008_包装容器 危险品包装用塑料桶.pdf,/root/autodl-tmp/chemical_kb/data/pdf/标准/GB 18191-2008_包装容器 危险品包装用塑料桶.pdf,标准,ACTIVE,现行,,2008,0.59,WAIT
PDF_00105,GB 19107-2003_次氯酸钠溶液包装要求.pdf,/root/autodl-tmp/chemical_kb/data/pdf/标准/GB 19107-2003_次氯酸钠溶液包装要求.pdf,标准,ACTIVE,现行,,2003,0.69,WAIT
PDF_00106,GB 19109-2003_次氯酸钙包装要求.pdf,/root/autodl-tmp/chemical_kb/data/pdf/标准/GB 19109-2003_次氯酸钙包装要求.pdf,标准,ACTIVE,现行,,2003,0.62,WAIT
PDF_00107,GB 19160-2008_包装容器 危险品包装用塑料罐.pdf,/root/autodl-tmp/chemical_kb/data/pdf/标准/GB 19160-2008_包装容器 危险品包装用塑料罐.pdf,标准,ACTIVE,现行,,2008,0.59,WAIT
PDF_00108,GB 19268-2003_固体氰化物包装.pdf,/root/autodl-tmp/chemical_kb/data/pdf/标准/GB 19268-2003_固体氰化物包装.pdf,标准,ACTIVE,现行,,2003,0.67,WAIT
PDF_00109,GB 19268-2021_固体氰化物包装.pdf,/root/autodl-tmp/chemical_kb/data/pdf/标准/GB 19268-2021_固体氰化物包装.pdf,标准,ACTIVE,现行,,2021,0.78,WAIT
PDF_00110,GB 19358-2003_黄磷包装安全规范 使用鉴定.pdf,/root/autodl-tmp/chemical_kb/data/pdf/标准/GB 19358-2003_黄磷包装安全规范 使用鉴定.pdf,标准,ACTIVE,现行,,2003,0.25,WAIT
PDF_00111,GB 19417-2025_工业雷管通用安全技术要求.pdf,/root/autodl-tmp/chemical_kb/data/pdf/标准/GB 19417-2025_工业雷管通用安全技术要求.pdf,标准,ACTIVE,现行,,2025,0.44,WAIT
PDF_00112,GB 19434.1-2004_危险货物中型散装容器检验安全规范 通则.pdf,/root/autodl-tmp/chemical_kb/data/pdf/标准/GB 19434.1-2004_危险货物中型散装容器检验安全规范 通则.pdf,标准,ACTIVE,现行,,2004,0.51,WAIT
PDF_00113,GB 19434.2-2004_危险货物中型散装容器检验安全规范 使用鉴定.pdf,/root/autodl-tmp/chemical_kb/data/pdf/标准/GB 19434.2-2004_危险货物中型散装容器检验安全规范 使用鉴定.pdf,标准,ACTIVE,现行,,2004,0.34,WAIT
PDF_00114,GB 19434.3-2004_危险货物木质中型散装容器检验安全规范 性能检验.pdf,/root/autodl-tmp/chemical_kb/data/pdf/标准/GB 19434.3-2004_危险货物木质中型散装容器检验安全规范 性能检验.pdf,标准,ACTIVE,现行,,2004,0.22,WAIT
PDF_00115,GB 19434.4-2004_危险货物柔性中型散装容器检验安全规范 性能检验.pdf,/root/autodl-tmp/chemical_kb/data/pdf/标准/GB 19434.4-2004_危险货物柔性中型散装容器检验安全规范 性能检验.pdf,标准,ACTIVE,现行,,2004,0.27,WAIT
PDF_00116,GB 19434.5-2004_危险货物金属中型散装容器检验安全规范 性能检验.pdf,/root/autodl-tmp/chemical_kb/data/pdf/标准/GB 19434.5-2004_危险货物金属中型散装容器检验安全规范 性能检验.pdf,标准,ACTIVE,现行,,2004,0.3,WAIT
PDF_00117,GB 19434.6-2004_危险货物复合中型散装容器检验安全规范 性能检验.pdf,/root/autodl-tmp/chemical_kb/data/pdf/标准/GB 19434.6-2004_危险货物复合中型散装容器检验安全规范 性能检验.pdf,标准,ACTIVE,现行,,2004,0.43,WAIT
PDF_00118,GB 19434.7-2004_危险货物纤维板中型散装容器检验安全规范 性能检验.pdf,/root/autodl-tmp/chemical_kb/data/pdf/标准/GB 19434.7-2004_危险货物纤维板中型散装容器检验安全规范 性能检验.pdf,标准,ACTIVE,现行,,2004,0.24,WAIT
PDF_00119,GB 19434.8-2004_危险货物刚性塑料中型散装容器检验安全规范.pdf,/root/autodl-tmp/chemical_kb/data/pdf/标准/GB 19434.8-2004_危险货物刚性塑料中型散装容器检验安全规范.pdf,标准,ACTIVE,现行,,2004,0.51,WAIT
PDF_00120,GB 19454-2009_危险货物便携式罐体检验安全规范.pdf,/root/autodl-tmp/chemical_kb/data/pdf/标准/GB 19454-2009_危险货物便携式罐体检验安全规范.pdf,标准,ACTIVE,现行,,2009,0.99,WAIT
PDF_00121,GB 19454.1-2004_危险货物便携式罐体检验安全规范 通则.pdf,/root/autodl-tmp/chemical_kb/data/pdf/标准/GB 19454.1-2004_危险货物便携式罐体检验安全规范 通则.pdf,标准,ACTIVE,现行,,2004,0.36,WAIT
PDF_00122,GB 19454.2-2004_危险货物便携式罐体检验安全规范 性能检验.pdf,/root/autodl-tmp/chemical_kb/data/pdf/标准/GB 19454.2-2004_危险货物便携式罐体检验安全规范 性能检验.pdf,标准,ACTIVE,现行,,2004,0.21,WAIT
PDF_00123,GB 19454.3-2004_危险货物便携式罐体检验安全规范 使用鉴定.pdf,/root/autodl-tmp/chemical_kb/data/pdf/标准/GB 19454.3-2004_危险货物便携式罐体检验安全规范 使用鉴定.pdf,标准,ACTIVE,现行,,2004,0.34,WAIT
PDF_00124,GB 19455-2004_民用爆炸品危险货物危险特性检验安全规范.pdf,/root/autodl-tmp/chemical_kb/data/pdf/标准/GB 19455-2004_民用爆炸品危险货物危险特性检验安全规范.pdf,标准,ACTIVE,现行,,2004,0.68,WAIT
PDF_00125,GB 19457.1-2004_危险货物涂料包装检验安全规范 性能检验.pdf,/root/autodl-tmp/chemical_kb/data/pdf/标准/GB 19457.1-2004_危险货物涂料包装检验安全规范 性能检验.pdf,标准,ACTIVE,现行,,2004,0.24,WAIT
PDF_00126,GB 19457.2-2004_危险货物涂料包装检验安全规范 使用鉴定.pdf,/root/autodl-tmp/chemical_kb/data/pdf/标准/GB 19457.2-2004_危险货物涂料包装检验安全规范 使用鉴定.pdf,标准,ACTIVE,现行,,2004,0.18,WAIT
PDF_00127,GB 19521.11-2005_锂电池组危险货物危险特性检验安全规范.pdf,/root/autodl-tmp/chemical_kb/data/pdf/标准/GB 19521.11-2005_锂电池组危险货物危险特性检验安全规范.pdf,标准,ACTIVE,现行,,2005,0.63,WAIT
PDF_00128,GB 19593-2015_烟花爆竹 组合烟花.pdf,/root/autodl-tmp/chemical_kb/data/pdf/标准/GB 19593-2015_烟花爆竹 组合烟花.pdf,标准,ACTIVE,现行,,2015,1.33,WAIT
PDF_00129,GB 19594-2015_烟花爆竹 礼花弹.pdf,/root/autodl-tmp/chemical_kb/data/pdf/标准/GB 19594-2015_烟花爆竹 礼花弹.pdf,标准,ACTIVE,现行,,2015,0.46,WAIT
PDF_00130,GB 19595-2004_烟花爆竹 引火线.pdf,/root/autodl-tmp/chemical_kb/data/pdf/标准/GB 19595-2004_烟花爆竹 引火线.pdf,标准,ACTIVE,现行,,2004,0.43,WAIT
PDF_00131,GB 20208-2006_烟花爆竹 礼花弹发射炮筒.pdf,/root/autodl-tmp/chemical_kb/data/pdf/标准/GB 20208-2006_烟花爆竹 礼花弹发射炮筒.pdf,标准,ACTIVE,现行,,2006,0.53,WAIT
PDF_00132,GB 20576-2006_化学品分类、警示标签和警示性说明安全规范 爆炸物.pdf,/root/autodl-tmp/chemical_kb/data/pdf/标准/GB 20576-2006_化学品分类、警示标签和警示性说明安全规范 爆炸物.pdf,标准,ACTIVE,现行,,2006,6.16,WAIT
PDF_00133,GB 20577-2006_化学品分类、警示标签和警示性说明安全规范 易燃气体.pdf,/root/autodl-tmp/chemical_kb/data/pdf/标准/GB 20577-2006_化学品分类、警示标签和警示性说明安全规范 易燃气体.pdf,标准,ACTIVE,现行,,2006,7.4,WAIT
PDF_00134,GB 20578-2006_化学品分类、警示标签和警示性说明安全规范 易燃气溶胶.pdf,/root/autodl-tmp/chemical_kb/data/pdf/标准/GB 20578-2006_化学品分类、警示标签和警示性说明安全规范 易燃气溶胶.pdf,标准,ACTIVE,现行,,2006,6.47,WAIT
PDF_00135,GB 20579-2006_化学品分类、警示标签和警示性说明安全规范 氧化性气体.pdf,/root/autodl-tmp/chemical_kb/data/pdf/标准/GB 20579-2006_化学品分类、警示标签和警示性说明安全规范 氧化性气体.pdf,标准,ACTIVE,现行,,2006,5.11,WAIT
PDF_00136,GB 20580-2006_化学品分类、警示标签和警示性说明安全规范 压力下气体.pdf,/root/autodl-tmp/chemical_kb/data/pdf/标准/GB 20580-2006_化学品分类、警示标签和警示性说明安全规范 压力下气体.pdf,标准,ACTIVE,现行,,2006,4.9,WAIT
PDF_00137,GB 20581-2006_化学品分类、警示标签和警示性说明安全规范 易燃液体.pdf,/root/autodl-tmp/chemical_kb/data/pdf/标准/GB 20581-2006_化学品分类、警示标签和警示性说明安全规范 易燃液体.pdf,标准,ACTIVE,现行,,2006,6.89,WAIT
PDF_00138,GB 20582-2006_化学品分类、警示标签和警示性说明安全规范 易燃固体.pdf,/root/autodl-tmp/chemical_kb/data/pdf/标准/GB 20582-2006_化学品分类、警示标签和警示性说明安全规范 易燃固体.pdf,标准,ACTIVE,现行,,2006,6.35,WAIT
PDF_00139,GB 20583-2006_化学品分类、警示标签和警示性说明安全规范 自反应物质.pdf,/root/autodl-tmp/chemical_kb/data/pdf/标准/GB 20583-2006_化学品分类、警示标签和警示性说明安全规范 自反应物质.pdf,标准,ACTIVE,现行,,2006,31.46,WAIT
PDF_00140,GB 20584-2006_化学品分类、警示标签和警示性说明安全规范 自热物质.pdf,/root/autodl-tmp/chemical_kb/data/pdf/标准/GB 20584-2006_化学品分类、警示标签和警示性说明安全规范 自热物质.pdf,标准,ACTIVE,现行,,2006,30.12,WAIT
PDF_00141,GB 20585-2006_化学品分类、警示标签和警示性说明安全规范 自燃液体.pdf,/root/autodl-tmp/chemical_kb/data/pdf/标准/GB 20585-2006_化学品分类、警示标签和警示性说明安全规范 自燃液体.pdf,标准,ACTIVE,现行,,2006,4.31,WAIT
PDF_00142,GB 20586-2006_化学品分类、警示标签和警示性说明安全规范 自燃固体.pdf,/root/autodl-tmp/chemical_kb/data/pdf/标准/GB 20586-2006_化学品分类、警示标签和警示性说明安全规范 自燃固体.pdf,标准,ACTIVE,现行,,2006,4.5,WAIT
PDF_00143,GB 20587-2006_化学品分类、警示标签和警示性说明安全规范 遇水放出易燃气体的物质.pdf,/root/autodl-tmp/chemical_kb/data/pdf/标准/GB 20587-2006_化学品分类、警示标签和警示性说明安全规范 遇水放出易燃气体的物质.pdf,标准,ACTIVE,现行,,2006,5.31,WAIT
PDF_00144,GB 20588-2006_化学品分类、警示标签和警示性说明安全规范 金属腐蚀物.pdf,/root/autodl-tmp/chemical_kb/data/pdf/标准/GB 20588-2006_化学品分类、警示标签和警示性说明安全规范 金属腐蚀物.pdf,标准,ACTIVE,现行,,2006,12.38,WAIT
PDF_00145,GB 20589-2006_化学品分类、警示标签和警示性说明安全规范 氧化性液体.pdf,/root/autodl-tmp/chemical_kb/data/pdf/标准/GB 20589-2006_化学品分类、警示标签和警示性说明安全规范 氧化性液体.pdf,标准,ACTIVE,现行,,2006,33.84,WAIT
PDF_00146,GB 20590-2006_化学品分类、警示标签和警示性说明安全规范 氧化性固体.pdf,/root/autodl-tmp/chemical_kb/data/pdf/标准/GB 20590-2006_化学品分类、警示标签和警示性说明安全规范 氧化性固体.pdf,标准,ACTIVE,现行,,2006,5.27,WAIT
PDF_00147,GB 20591-2006_化学品分类、警示标签和警示性说明安全规范 有机过氧化物.pdf,/root/autodl-tmp/chemical_kb/data/pdf/标准/GB 20591-2006_化学品分类、警示标签和警示性说明安全规范 有机过氧化物.pdf,标准,ACTIVE,现行,,2006,36.72,WAIT
PDF_00148,GB 20592-2006_化学品分类、警示标签和警示性说明安全规范 急性毒性.pdf,/root/autodl-tmp/chemical_kb/data/pdf/标准/GB 20592-2006_化学品分类、警示标签和警示性说明安全规范 急性毒性.pdf,标准,ACTIVE,现行,,2006,28.12,WAIT
PDF_00149,GB 20593-2006_化学品分类、警示标签和警示性说明安全规范 皮肤腐蚀.pdf,/root/autodl-tmp/chemical_kb/data/pdf/标准/GB 20593-2006_化学品分类、警示标签和警示性说明安全规范 皮肤腐蚀.pdf,标准,ACTIVE,现行,,2006,11.16,WAIT
PDF_00150,GB 20594-2006_化学品分类、警示标签和警示性说明安全规范 严重眼睛损伤.pdf,/root/autodl-tmp/chemical_kb/data/pdf/标准/GB 20594-2006_化学品分类、警示标签和警示性说明安全规范 严重眼睛损伤.pdf,标准,ACTIVE,现行,,2006,9.5,WAIT
PDF_00151,GB 20595-2006_化学品分类、警示标签和警示性说明安全规范 呼吸或皮肤过敏.pdf,/root/autodl-tmp/chemical_kb/data/pdf/标准/GB 20595-2006_化学品分类、警示标签和警示性说明安全规范 呼吸或皮肤过敏.pdf,标准,ACTIVE,现行,,2006,22.55,WAIT
PDF_00152,GB 20596-2006_化学品分类、警示标签和警示性说明安全规范 生殖细胞突变性.pdf,/root/autodl-tmp/chemical_kb/data/pdf/标准/GB 20596-2006_化学品分类、警示标签和警示性说明安全规范 生殖细胞突变性.pdf,标准,ACTIVE,现行,,2006,15.52,WAIT
PDF_00153,GB 20597-2006_化学品分类、警示标签和警示性说明安全规范 致癌性.pdf,/root/autodl-tmp/chemical_kb/data/pdf/标准/GB 20597-2006_化学品分类、警示标签和警示性说明安全规范 致癌性.pdf,标准,ACTIVE,现行,,2006,6.38,WAIT
PDF_00154,GB 20598-2006_化学品分类、警示标签和警示性说明安全规范 生殖毒性.pdf,/root/autodl-tmp/chemical_kb/data/pdf/标准/GB 20598-2006_化学品分类、警示标签和警示性说明安全规范 生殖毒性.pdf,标准,ACTIVE,现行,,2006,8.56,WAIT
PDF_00155,GB 20599-2006_化学品分类、警示标签和警示性说明安全规范 特异性靶器官系统毒性 一次接触.pdf,/root/autodl-tmp/chemical_kb/data/pdf/标准/GB 20599-2006_化学品分类、警示标签和警示性说明安全规范 特异性靶器官系统毒性 一次接触.pdf,标准,ACTIVE,现行,,2006,9.55,WAIT
PDF_00156,GB 20601-2006_化学品分类、警示标签和警示性说明安全规范 特异性靶器官系统毒性 反复接触.pdf,/root/autodl-tmp/chemical_kb/data/pdf/标准/GB 20601-2006_化学品分类、警示标签和警示性说明安全规范 特异性靶器官系统毒性 反复接触.pdf,标准,ACTIVE,现行,,2006,7.8,WAIT
PDF_00157,GB 20602-2006_化学品分类、警示标签和警示性说明安全规范 对水环境的危害.pdf,/root/autodl-tmp/chemical_kb/data/pdf/标准/GB 20602-2006_化学品分类、警示标签和警示性说明安全规范 对水环境的危害.pdf,标准,ACTIVE,现行,,2006,30.44,WAIT
PDF_00158,GB 21178-2007_自反应物质和有机过氧化物分类程序.pdf,/root/autodl-tmp/chemical_kb/data/pdf/标准/GB 21178-2007_自反应物质和有机过氧化物分类程序.pdf,标准,ACTIVE,现行,,2007,0.47,WAIT
PDF_00159,GB 21552-2008_烟花爆竹 黑火药爆竹（爆竹类产品）.pdf,/root/autodl-tmp/chemical_kb/data/pdf/标准/GB 21552-2008_烟花爆竹 黑火药爆竹（爆竹类产品）.pdf,标准,ACTIVE,现行,,2008,0.65,WAIT
PDF_00160,GB 21553-2008_烟花爆竹 火箭（升空类产品）.pdf,/root/autodl-tmp/chemical_kb/data/pdf/标准/GB 21553-2008_烟花爆竹 火箭（升空类产品）.pdf,标准,ACTIVE,现行,,2008,0.62,WAIT
PDF_00161,GB 21555-2008_烟花爆竹 双响（升空类产品）.pdf,/root/autodl-tmp/chemical_kb/data/pdf/标准/GB 21555-2008_烟花爆竹 双响（升空类产品）.pdf,标准,ACTIVE,现行,,2008,0.67,WAIT
PDF_00162,GB 24426-2015_烟花爆竹 标志.pdf,/root/autodl-tmp/chemical_kb/data/pdf/标准/GB 24426-2015_烟花爆竹 标志.pdf,标准,ACTIVE,现行,,2015,1.28,WAIT
PDF_00163,GB 26447-2010_危险货物运输 能够自持分解的硝酸铵化肥的分类程序、试验方法和判据.pdf,/root/autodl-tmp/chemical_kb/data/pdf/标准/GB 26447-2010_危险货物运输 能够自持分解的硝酸铵化肥的分类程序、试验方法和判据.pdf,标准,ACTIVE,现行,,2010,0.22,WAIT
PDF_00164,GB 26448-2010_危险货物运输 炸药中间体（ANE）的敏感性试验方法和判据.pdf,/root/autodl-tmp/chemical_kb/data/pdf/标准/GB 26448-2010_危险货物运输 炸药中间体（ANE）的敏感性试验方法和判据.pdf,标准,ACTIVE,现行,,2010,1.18,WAIT
PDF_00165,GB 26569-2026_民用煤层气（煤矿瓦斯）.pdf,/root/autodl-tmp/chemical_kb/data/pdf/标准/GB 26569-2026_民用煤层气（煤矿瓦斯）.pdf,标准,ACTIVE,现行,,2026,0.26,WAIT
PDF_00166,GB 2702-1990_爆炸品保险箱.pdf,/root/autodl-tmp/chemical_kb/data/pdf/标准/GB 2702-1990_爆炸品保险箱.pdf,标准,ACTIVE,现行,,1990,0.31,WAIT
PDF_00167,GB 27833-2011_危险化学品有机过氧化物包装规范.pdf,/root/autodl-tmp/chemical_kb/data/pdf/标准/GB 27833-2011_危险化学品有机过氧化物包装规范.pdf,标准,ACTIVE,现行,,2011,2.41,WAIT
PDF_00168,GB 27834-2011_危险化学品自反应物质包装规范.pdf,/root/autodl-tmp/chemical_kb/data/pdf/标准/GB 27834-2011_危险化学品自反应物质包装规范.pdf,标准,ACTIVE,现行,,2011,3.95,WAIT
PDF_00169,GB 28263-2012_民用爆炸物品生产、销售企业安全管理规程.pdf,/root/autodl-tmp/chemical_kb/data/pdf/标准/GB 28263-2012_民用爆炸物品生产、销售企业安全管理规程.pdf,标准,ACTIVE,现行,,2012,2.91,WAIT
PDF_00170,GB 28644.3-2012_有机过氧化物分类及品名表.pdf,/root/autodl-tmp/chemical_kb/data/pdf/标准/GB 28644.3-2012_有机过氧化物分类及品名表.pdf,标准,ACTIVE,现行,,2012,1.3,WAIT
PDF_00171,GB 28263-2024_民用爆炸物品生产、销售企业安全管理规程.pdf,/root/autodl-tmp/chemical_kb/data/pdf/标准/GB 28263-2024_民用爆炸物品生产、销售企业安全管理规程.pdf,标准,ACTIVE,现行,,2024,0.88,WAIT
PDF_00172,GB 28645.2-2012_危险品检验安全规范 密封蓄电池.pdf,/root/autodl-tmp/chemical_kb/data/pdf/标准/GB 28645.2-2012_危险品检验安全规范 密封蓄电池.pdf,标准,ACTIVE,现行,,2012,1.93,WAIT
PDF_00173,GB 28645.1-2012_危险品检验安全规范 化学氧气发生器.pdf,/root/autodl-tmp/chemical_kb/data/pdf/标准/GB 28645.1-2012_危险品检验安全规范 化学氧气发生器.pdf,标准,ACTIVE,现行,,2012,0.14,WAIT
PDF_00174,GB 30000.1-2024_化学品分类和标签规范 第1部分：通则.pdf,/root/autodl-tmp/chemical_kb/data/pdf/标准/GB 30000.1-2024_化学品分类和标签规范 第1部分：通则.pdf,标准,ACTIVE,现行,,2024,0.64,WAIT
PDF_00175,GB 30000.10-2013_化学品分类和标签规范 第10部分：自燃液体.pdf,/root/autodl-tmp/chemical_kb/data/pdf/标准/GB 30000.10-2013_化学品分类和标签规范 第10部分：自燃液体.pdf,标准,ACTIVE,现行,,2013,0.73,WAIT
PDF_00176,GB 30000.11-2013_化学品分类和标签规范 第11部分：自燃固体.pdf,/root/autodl-tmp/chemical_kb/data/pdf/标准/GB 30000.11-2013_化学品分类和标签规范 第11部分：自燃固体.pdf,标准,ACTIVE,现行,,2013,0.72,WAIT
PDF_00177,GB 30000.12-2013_化学品分类和标签规范 第12部分：自热物质和混合物.pdf,/root/autodl-tmp/chemical_kb/data/pdf/标准/GB 30000.12-2013_化学品分类和标签规范 第12部分：自热物质和混合物.pdf,标准,ACTIVE,现行,,2013,0.69,WAIT
PDF_00178,GB 30000.13-2013_化学品分类和标签规范 第13部分：遇水放出易燃气体的物质和混合物.pdf,/root/autodl-tmp/chemical_kb/data/pdf/标准/GB 30000.13-2013_化学品分类和标签规范 第13部分：遇水放出易燃气体的物质和混合物.pdf,标准,ACTIVE,现行,,2013,1.05,WAIT
PDF_00179,GB 30000.14-2013_化学品分类和标签规范 第14部分：氧化性液体.pdf,/root/autodl-tmp/chemical_kb/data/pdf/标准/GB 30000.14-2013_化学品分类和标签规范 第14部分：氧化性液体.pdf,标准,ACTIVE,现行,,2013,1.05,WAIT
PDF_00180,GB 30000.15-2013_化学品分类和标签规范 第15部分：氧化性固体.pdf,/root/autodl-tmp/chemical_kb/data/pdf/标准/GB 30000.15-2013_化学品分类和标签规范 第15部分：氧化性固体.pdf,标准,ACTIVE,现行,,2013,0.94,WAIT
PDF_00181,GB 30000.16-2013_化学品分类和标签规范 第16部分：有机过氧化物.pdf,/root/autodl-tmp/chemical_kb/data/pdf/标准/GB 30000.16-2013_化学品分类和标签规范 第16部分：有机过氧化物.pdf,标准,ACTIVE,现行,,2013,1.98,WAIT
PDF_00182,GB 30000.17-2013_化学品分类和标签规范 第17部分：金属腐蚀物.pdf,/root/autodl-tmp/chemical_kb/data/pdf/标准/GB 30000.17-2013_化学品分类和标签规范 第17部分：金属腐蚀物.pdf,标准,ACTIVE,现行,,2013,0.71,WAIT
PDF_00183,GB 30000.18-2013_化学品分类和标签规范 第18部分：急性毒性.pdf,/root/autodl-tmp/chemical_kb/data/pdf/标准/GB 30000.18-2013_化学品分类和标签规范 第18部分：急性毒性.pdf,标准,ACTIVE,现行,,2013,2.51,WAIT
PDF_00184,GB 30000.19-2013_化学品分类和标签规范 第19部分：皮肤腐蚀.pdf,/root/autodl-tmp/chemical_kb/data/pdf/标准/GB 30000.19-2013_化学品分类和标签规范 第19部分：皮肤腐蚀.pdf,标准,ACTIVE,现行,,2013,1.28,WAIT
PDF_00185,GB 30000.2-2013_化学品分类和标签规范 第2部分：爆炸物.pdf,/root/autodl-tmp/chemical_kb/data/pdf/标准/GB 30000.2-2013_化学品分类和标签规范 第2部分：爆炸物.pdf,标准,ACTIVE,现行,,2013,1.41,WAIT
PDF_00186,GB 30000.20-2013_化学品分类和标签规范 第20部分：严重眼损伤.pdf,/root/autodl-tmp/chemical_kb/data/pdf/标准/GB 30000.20-2013_化学品分类和标签规范 第20部分：严重眼损伤.pdf,标准,ACTIVE,现行,,2013,1.2,WAIT
PDF_00187,GB 30000.21-2013_化学品分类和标签规范 第21部分：呼吸道或皮肤致敏.pdf,/root/autodl-tmp/chemical_kb/data/pdf/标准/GB 30000.21-2013_化学品分类和标签规范 第21部分：呼吸道或皮肤致敏.pdf,标准,ACTIVE,现行,,2013,1.2,WAIT
PDF_00188,GB 30000.22-2013_化学品分类和标签规范 第22部分：生殖细胞致突变性.pdf,/root/autodl-tmp/chemical_kb/data/pdf/标准/GB 30000.22-2013_化学品分类和标签规范 第22部分：生殖细胞致突变性.pdf,标准,ACTIVE,现行,,2013,1.07,WAIT
PDF_00189,GB 30000.23-2013_化学品分类和标签规范 第23部分：致癌性.pdf,/root/autodl-tmp/chemical_kb/data/pdf/标准/GB 30000.23-2013_化学品分类和标签规范 第23部分：致癌性.pdf,标准,ACTIVE,现行,,2013,0.9,WAIT
PDF_00190,GB 30000.24-2013_化学品分类和标签规范 第24部分：生殖毒性.pdf,/root/autodl-tmp/chemical_kb/data/pdf/标准/GB 30000.24-2013_化学品分类和标签规范 第24部分：生殖毒性.pdf,标准,ACTIVE,现行,,2013,1.27,WAIT
PDF_00191,GB 30000.26-2013_化学品分类和标签规范 第26部分：特异性靶器官毒性 反复接触.pdf,/root/autodl-tmp/chemical_kb/data/pdf/标准/GB 30000.26-2013_化学品分类和标签规范 第26部分：特异性靶器官毒性 反复接触.pdf,标准,ACTIVE,现行,,2013,1.05,WAIT
PDF_00192,GB 30000.27-2013_化学品分类和标签规范 第27部分：吸入危害.pdf,/root/autodl-tmp/chemical_kb/data/pdf/标准/GB 30000.27-2013_化学品分类和标签规范 第27部分：吸入危害.pdf,标准,ACTIVE,现行,,2013,0.9,WAIT
PDF_00193,GB 30000.28-2013_化学品分类和标签规范 第28部分：对水生环境的危害.pdf,/root/autodl-tmp/chemical_kb/data/pdf/标准/GB 30000.28-2013_化学品分类和标签规范 第28部分：对水生环境的危害.pdf,标准,ACTIVE,现行,,2013,1.97,WAIT
PDF_00194,GB 30000.29-2013_化学品分类和标签规范 第29部分：对臭氧层的危害.pdf,/root/autodl-tmp/chemical_kb/data/pdf/标准/GB 30000.29-2013_化学品分类和标签规范 第29部分：对臭氧层的危害.pdf,标准,ACTIVE,现行,,2013,0.71,WAIT
PDF_00195,GB 30000.3-2013_化学品分类和标签规范 第3部分：易燃气体.pdf,/root/autodl-tmp/chemical_kb/data/pdf/标准/GB 30000.3-2013_化学品分类和标签规范 第3部分：易燃气体.pdf,标准,ACTIVE,现行,,2013,1.19,WAIT
PDF_00196,GB 30000.30-2025_化学品分类和标签规范 第30部分：退敏爆炸物.pdf,/root/autodl-tmp/chemical_kb/data/pdf/标准/GB 30000.30-2025_化学品分类和标签规范 第30部分：退敏爆炸物.pdf,标准,ACTIVE,现行,,2025,2.1,WAIT
PDF_00197,GB 30000.4-2013_化学品分类和标签规范 第4部分：气溶胶.pdf,/root/autodl-tmp/chemical_kb/data/pdf/标准/GB 30000.4-2013_化学品分类和标签规范 第4部分：气溶胶.pdf,标准,ACTIVE,现行,,2013,1.07,WAIT
PDF_00198,GB 30000.5-2013_化学品分类和标签规范 第5部分：氧化性气体.pdf,/root/autodl-tmp/chemical_kb/data/pdf/标准/GB 30000.5-2013_化学品分类和标签规范 第5部分：氧化性气体.pdf,标准,ACTIVE,现行,,2013,0.76,WAIT
PDF_00199,GB 30000.6-2013_化学品分类和标签规范 第6部分：加压气体.pdf,/root/autodl-tmp/chemical_kb/data/pdf/标准/GB 30000.6-2013_化学品分类和标签规范 第6部分：加压气体.pdf,标准,ACTIVE,现行,,2013,0.89,WAIT
PDF_00200,GB 30000.7-2013_化学品分类和标签规范 第7部分：易燃液体.pdf,/root/autodl-tmp/chemical_kb/data/pdf/标准/GB 30000.7-2013_化学品分类和标签规范 第7部分：易燃液体.pdf,标准,ACTIVE,现行,,2013,1.3,WAIT
PDF_00201,GB 30000.8-2013_化学品分类和标签规范 第8部分：易燃固体.pdf,/root/autodl-tmp/chemical_kb/data/pdf/标准/GB 30000.8-2013_化学品分类和标签规范 第8部分：易燃固体.pdf,标准,ACTIVE,现行,,2013,0.78,WAIT
PDF_00202,GB 30000.9-2013_化学品分类和标签规范 第9部分：自反应物质和混合物.pdf,/root/autodl-tmp/chemical_kb/data/pdf/标准/GB 30000.9-2013_化学品分类和标签规范 第9部分：自反应物质和混合物.pdf,标准,ACTIVE,现行,,2013,1.46,WAIT
PDF_00203,GB 31368-2015_烟花爆竹 包装.pdf,/root/autodl-tmp/chemical_kb/data/pdf/标准/GB 31368-2015_烟花爆竹 包装.pdf,标准,ACTIVE,现行,,2015,0.45,WAIT
PDF_00204,GB 39176-2020_稀土产品的包装、标志、运输和贮存.pdf,/root/autodl-tmp/chemical_kb/data/pdf/标准/GB 39176-2020_稀土产品的包装、标志、运输和贮存.pdf,标准,ACTIVE,现行,,2020,0.68,WAIT
PDF_00205,GB 46032-2025_储粮化学药剂管理与使用规范.pdf,/root/autodl-tmp/chemical_kb/data/pdf/标准/GB 46032-2025_储粮化学药剂管理与使用规范.pdf,标准,ACTIVE,现行,,2025,0.35,WAIT
PDF_00206,GB 46770-2025_可燃性粉尘隔爆安全规范.pdf,/root/autodl-tmp/chemical_kb/data/pdf/标准/GB 46770-2025_可燃性粉尘隔爆安全规范.pdf,标准,ACTIVE,现行,,2025,0.32,WAIT
PDF_00207,GB 47369-2026_民用爆炸物品警示标识、登记标识通则.pdf,/root/autodl-tmp/chemical_kb/data/pdf/标准/GB 47369-2026_民用爆炸物品警示标识、登记标识通则.pdf,标准,ACTIVE,现行,,2026,0.3,WAIT
PDF_00208,GB 50028-2006(2020年版)_城镇燃气设计规范（2020版）.pdf,/root/autodl-tmp/chemical_kb/data/pdf/标准/GB 50028-2006(2020年版)_城镇燃气设计规范（2020版）.pdf,标准,ACTIVE,现行,,2020,20.59,WAIT
PDF_00209,GB 50028-2006_城镇燃气设计规范.pdf,/root/autodl-tmp/chemical_kb/data/pdf/标准/GB 50028-2006_城镇燃气设计规范.pdf,标准,ACTIVE,现行,,2006,6.07,WAIT
PDF_00210,GB 50089-2018_民用爆炸物品工程设计安全标准.pdf,/root/autodl-tmp/chemical_kb/data/pdf/标准/GB 50089-2018_民用爆炸物品工程设计安全标准.pdf,标准,ACTIVE,现行,,2018,7.49,WAIT
PDF_00211,GB 50161-2009_烟花爆竹工程设计安全规范.pdf,/root/autodl-tmp/chemical_kb/data/pdf/标准/GB 50161-2009_烟花爆竹工程设计安全规范.pdf,标准,ACTIVE,现行,,2009,5.88,WAIT
PDF_00212,GB 6222-2025_工业企业煤气安全规范.pdf,/root/autodl-tmp/chemical_kb/data/pdf/标准/GB 6222-2025_工业企业煤气安全规范.pdf,标准,ACTIVE,现行,,2025,0.81,WAIT
PDF_00213,GB 6944-2012_危险货物分类和品名编号.pdf,/root/autodl-tmp/chemical_kb/data/pdf/标准/GB 6944-2012_危险货物分类和品名编号.pdf,标准,ACTIVE,现行,,2012,1.95,WAIT
PDF_00214,GB 6944-2025_危险货物分类和品名编号.pdf,/root/autodl-tmp/chemical_kb/data/pdf/标准/GB 6944-2025_危险货物分类和品名编号.pdf,标准,ACTIVE,现行,,2025,0.64,WAIT
PDF_00215,HG 2823-1997.pdf,/root/autodl-tmp/chemical_kb/data/pdf/标准/HG 2823-1997.pdf,标准,ACTIVE,现行,,1997,0.28,WAIT
PDF_00216,HG_T 20660-2017.pdf,/root/autodl-tmp/chemical_kb/data/pdf/标准/HG_T 20660-2017.pdf,标准,ACTIVE,现行,HG/T20660-2017,2017,5.73,WAIT
PDF_00217,JT_T 1123-2017.pdf,/root/autodl-tmp/chemical_kb/data/pdf/标准/JT_T 1123-2017.pdf,标准,ACTIVE,现行,JT/T1123-2017,2017,0.72,WAIT
PDF_00218,SN_T 0306.1-2024.pdf,/root/autodl-tmp/chemical_kb/data/pdf/标准/SN_T 0306.1-2024.pdf,标准,ACTIVE,现行,T0306.1-2024,2024,0.26,WAIT
PDF_00219,SN_T 0306.2-2024.pdf,/root/autodl-tmp/chemical_kb/data/pdf/标准/SN_T 0306.2-2024.pdf,标准,ACTIVE,现行,T0306.2-2024,2024,0.29,WAIT
PDF_00220,SN_T 0306.3-2024.pdf,/root/autodl-tmp/chemical_kb/data/pdf/标准/SN_T 0306.3-2024.pdf,标准,ACTIVE,现行,T0306.3-2024,2024,0.31,WAIT
PDF_00221,SN_T 0306.4-2024.pdf,/root/autodl-tmp/chemical_kb/data/pdf/标准/SN_T 0306.4-2024.pdf,标准,ACTIVE,现行,T0306.4-2024,2024,0.33,WAIT
PDF_00222,SN_T 0306.6-2024.pdf,/root/autodl-tmp/chemical_kb/data/pdf/标准/SN_T 0306.6-2024.pdf,标准,ACTIVE,现行,T0306.6-2024,2024,0.51,WAIT
PDF_00223,SN_T 0306.5-2024.pdf,/root/autodl-tmp/chemical_kb/data/pdf/标准/SN_T 0306.5-2024.pdf,标准,ACTIVE,现行,T0306.5-2024,2024,0.27,WAIT
PDF_00224,SN_T 0324-2014.pdf,/root/autodl-tmp/chemical_kb/data/pdf/标准/SN_T 0324-2014.pdf,标准,ACTIVE,现行,T0324-2014,2014,1.42,WAIT
PDF_00225,SN_T 0370.1-2009.pdf,/root/autodl-tmp/chemical_kb/data/pdf/标准/SN_T 0370.1-2009.pdf,标准,ACTIVE,现行,T0370.1-2009,2009,1.23,WAIT
PDF_00226,SN_T 0370.2-2009.pdf,/root/autodl-tmp/chemical_kb/data/pdf/标准/SN_T 0370.2-2009.pdf,标准,ACTIVE,现行,T0370.2-2009,2009,0.62,WAIT
PDF_00227,SN_T 0370.3-2012.pdf,/root/autodl-tmp/chemical_kb/data/pdf/标准/SN_T 0370.3-2012.pdf,标准,ACTIVE,现行,T0370.3-2012,2012,0.34,WAIT
PDF_00228,SN_T 0760.1-2017.pdf,/root/autodl-tmp/chemical_kb/data/pdf/标准/SN_T 0760.1-2017.pdf,标准,ACTIVE,现行,T0760.1-2017,2017,0.69,WAIT
PDF_00229,SN_T 0761.1-2011.pdf,/root/autodl-tmp/chemical_kb/data/pdf/标准/SN_T 0761.1-2011.pdf,标准,ACTIVE,现行,T0761.1-2011,2011,8.66,WAIT
PDF_00230,SN_T 0761.3-2011.pdf,/root/autodl-tmp/chemical_kb/data/pdf/标准/SN_T 0761.3-2011.pdf,标准,ACTIVE,现行,T0761.3-2011,2011,3.33,WAIT
PDF_00231,SN_T 0893-2000.pdf,/root/autodl-tmp/chemical_kb/data/pdf/标准/SN_T 0893-2000.pdf,标准,ACTIVE,现行,T0893-2000,2000,6.2,WAIT
PDF_00232,SN_T 0987.1-2013.pdf,/root/autodl-tmp/chemical_kb/data/pdf/标准/SN_T 0987.1-2013.pdf,标准,ACTIVE,现行,T0987.1-2013,2013,4.42,WAIT
PDF_00233,SN_T 0987.2-2014.pdf,/root/autodl-tmp/chemical_kb/data/pdf/标准/SN_T 0987.2-2014.pdf,标准,ACTIVE,现行,T0987.2-2014,2014,3.3,WAIT
PDF_00234,SN_T 0987.4-2013.pdf,/root/autodl-tmp/chemical_kb/data/pdf/标准/SN_T 0987.4-2013.pdf,标准,ACTIVE,现行,T0987.4-2013,2013,2.25,WAIT
PDF_00235,SN_T 0987.5-2013.pdf,/root/autodl-tmp/chemical_kb/data/pdf/标准/SN_T 0987.5-2013.pdf,标准,ACTIVE,现行,T0987.5-2013,2013,2.9,WAIT
PDF_00236,SN_T 0987.6-2013.pdf,/root/autodl-tmp/chemical_kb/data/pdf/标准/SN_T 0987.6-2013.pdf,标准,ACTIVE,现行,T0987.6-2013,2013,0.98,WAIT
PDF_00237,SN_T 0987.7-2013.pdf,/root/autodl-tmp/chemical_kb/data/pdf/标准/SN_T 0987.7-2013.pdf,标准,ACTIVE,现行,T0987.7-2013,2013,2.8,WAIT
PDF_00238,SN_T 0987.8-2013.pdf,/root/autodl-tmp/chemical_kb/data/pdf/标准/SN_T 0987.8-2013.pdf,标准,ACTIVE,现行,T0987.8-2013,2013,3.36,WAIT
PDF_00239,SN_T 1027-2015.pdf,/root/autodl-tmp/chemical_kb/data/pdf/标准/SN_T 1027-2015.pdf,标准,ACTIVE,现行,T1027-2015,2015,0.82,WAIT
PDF_00240,SN_T 1651-2017.pdf,/root/autodl-tmp/chemical_kb/data/pdf/标准/SN_T 1651-2017.pdf,标准,ACTIVE,现行,T1651-2017,2017,9.09,WAIT
PDF_00241,SN_T 1725-2006.pdf,/root/autodl-tmp/chemical_kb/data/pdf/标准/SN_T 1725-2006.pdf,标准,ACTIVE,现行,T1725-2006,2006,0.63,WAIT
PDF_00242,SN_T 1726-2015.pdf,/root/autodl-tmp/chemical_kb/data/pdf/标准/SN_T 1726-2015.pdf,标准,ACTIVE,现行,T1726-2015,2015,1.68,WAIT
PDF_00243,SN_T 1727-2006.pdf,/root/autodl-tmp/chemical_kb/data/pdf/标准/SN_T 1727-2006.pdf,标准,ACTIVE,现行,T1727-2006,2006,0.3,WAIT
PDF_00244,SN_T 1730.1-2006.pdf,/root/autodl-tmp/chemical_kb/data/pdf/标准/SN_T 1730.1-2006.pdf,标准,ACTIVE,现行,T1730.1-2006,2006,5.05,WAIT
PDF_00245,SN_T 1730.10-2014.pdf,/root/autodl-tmp/chemical_kb/data/pdf/标准/SN_T 1730.10-2014.pdf,标准,ACTIVE,现行,T1730.10-2014,2014,1.35,WAIT
PDF_00246,SN_T 1730.2-2006.pdf,/root/autodl-tmp/chemical_kb/data/pdf/标准/SN_T 1730.2-2006.pdf,标准,ACTIVE,现行,T1730.2-2006,2006,0.45,WAIT
PDF_00247,SN_T 1730.3-2006.pdf,/root/autodl-tmp/chemical_kb/data/pdf/标准/SN_T 1730.3-2006.pdf,标准,ACTIVE,现行,T1730.3-2006,2006,0.38,WAIT
PDF_00248,SN_T 1730.4-2006.pdf,/root/autodl-tmp/chemical_kb/data/pdf/标准/SN_T 1730.4-2006.pdf,标准,ACTIVE,现行,T1730.4-2006,2006,0.45,WAIT
PDF_00249,SN_T 1730.5-2006.pdf,/root/autodl-tmp/chemical_kb/data/pdf/标准/SN_T 1730.5-2006.pdf,标准,ACTIVE,现行,T1730.5-2006,2006,0.5,WAIT
PDF_00250,SN_T 1730.6-2006.pdf,/root/autodl-tmp/chemical_kb/data/pdf/标准/SN_T 1730.6-2006.pdf,标准,ACTIVE,现行,T1730.6-2006,2006,0.36,WAIT
PDF_00251,SN_T 1730.7-2006.pdf,/root/autodl-tmp/chemical_kb/data/pdf/标准/SN_T 1730.7-2006.pdf,标准,ACTIVE,现行,T1730.7-2006,2006,0.67,WAIT
PDF_00252,SN_T 1730.9-2014.pdf,/root/autodl-tmp/chemical_kb/data/pdf/标准/SN_T 1730.9-2014.pdf,标准,ACTIVE,现行,T1730.9-2014,2014,0.81,WAIT
PDF_00253,SN_T 1731.1-2006.pdf,/root/autodl-tmp/chemical_kb/data/pdf/标准/SN_T 1731.1-2006.pdf,标准,ACTIVE,现行,T1731.1-2006,2006,0.11,WAIT
PDF_00254,SN_T 1731.11-2014.pdf,/root/autodl-tmp/chemical_kb/data/pdf/标准/SN_T 1731.11-2014.pdf,标准,ACTIVE,现行,T1731.11-2014,2014,1.77,WAIT
PDF_00255,SN_T 1731.12-2014.pdf,/root/autodl-tmp/chemical_kb/data/pdf/标准/SN_T 1731.12-2014.pdf,标准,ACTIVE,现行,T1731.12-2014,2014,2.32,WAIT
PDF_00256,SN_T 1731.2-2015.pdf,/root/autodl-tmp/chemical_kb/data/pdf/标准/SN_T 1731.2-2015.pdf,标准,ACTIVE,现行,T1731.2-2015,2015,1.97,WAIT
PDF_00257,SN_T 1731.3-2006.pdf,/root/autodl-tmp/chemical_kb/data/pdf/标准/SN_T 1731.3-2006.pdf,标准,ACTIVE,现行,T1731.3-2006,2006,0.13,WAIT
PDF_00258,SN_T 1731.4-2006.pdf,/root/autodl-tmp/chemical_kb/data/pdf/标准/SN_T 1731.4-2006.pdf,标准,ACTIVE,现行,T1731.4-2006,2006,3.67,WAIT
PDF_00259,SN_T 1731.5-2006.pdf,/root/autodl-tmp/chemical_kb/data/pdf/标准/SN_T 1731.5-2006.pdf,标准,ACTIVE,现行,T1731.5-2006,2006,0.13,WAIT
PDF_00260,SN_T 1731.6-2006.pdf,/root/autodl-tmp/chemical_kb/data/pdf/标准/SN_T 1731.6-2006.pdf,标准,ACTIVE,现行,T1731.6-2006,2006,0.13,WAIT
PDF_00261,SN_T 1731.7-2006.pdf,/root/autodl-tmp/chemical_kb/data/pdf/标准/SN_T 1731.7-2006.pdf,标准,ACTIVE,现行,T1731.7-2006,2006,0.1,WAIT
PDF_00262,SN_T 1731.8-2006.pdf,/root/autodl-tmp/chemical_kb/data/pdf/标准/SN_T 1731.8-2006.pdf,标准,ACTIVE,现行,T1731.8-2006,2006,0.2,WAIT
PDF_00263,SN_T 1828.1-2017.pdf,/root/autodl-tmp/chemical_kb/data/pdf/标准/SN_T 1828.1-2017.pdf,标准,ACTIVE,现行,T1828.1-2017,2017,5.67,WAIT
PDF_00264,SN_T 1828.10-2019.pdf,/root/autodl-tmp/chemical_kb/data/pdf/标准/SN_T 1828.10-2019.pdf,标准,ACTIVE,现行,T1828.10-2019,2019,9.67,WAIT
PDF_00265,SN_T 1828.11-2019.pdf,/root/autodl-tmp/chemical_kb/data/pdf/标准/SN_T 1828.11-2019.pdf,标准,ACTIVE,现行,T1828.11-2019,2019,1.29,WAIT
PDF_00266,SN_T 1828.12-2019.pdf,/root/autodl-tmp/chemical_kb/data/pdf/标准/SN_T 1828.12-2019.pdf,标准,ACTIVE,现行,T1828.12-2019,2019,13.26,WAIT
PDF_00267,SN_T 1828.13-2019.pdf,/root/autodl-tmp/chemical_kb/data/pdf/标准/SN_T 1828.13-2019.pdf,标准,ACTIVE,现行,T1828.13-2019,2019,2.27,WAIT
PDF_00268,SN_T 1828.14-2006.pdf,/root/autodl-tmp/chemical_kb/data/pdf/标准/SN_T 1828.14-2006.pdf,标准,ACTIVE,现行,T1828.14-2006,2006,1.55,WAIT
PDF_00269,SN_T 1828.15-2016.pdf,/root/autodl-tmp/chemical_kb/data/pdf/标准/SN_T 1828.15-2016.pdf,标准,ACTIVE,现行,T1828.15-2016,2016,0.64,WAIT
PDF_00270,SN_T 1828.16-2019.pdf,/root/autodl-tmp/chemical_kb/data/pdf/标准/SN_T 1828.16-2019.pdf,标准,ACTIVE,现行,T1828.16-2019,2019,1.16,WAIT
PDF_00271,SN_T 1828.17-2013.pdf,/root/autodl-tmp/chemical_kb/data/pdf/标准/SN_T 1828.17-2013.pdf,标准,ACTIVE,现行,T1828.17-2013,2013,2.79,WAIT
PDF_00272,SN_T 1828.2-2019.pdf,/root/autodl-tmp/chemical_kb/data/pdf/标准/SN_T 1828.2-2019.pdf,标准,ACTIVE,现行,T1828.2-2019,2019,5.19,WAIT
PDF_00273,SN_T 1828.3-2019.pdf,/root/autodl-tmp/chemical_kb/data/pdf/标准/SN_T 1828.3-2019.pdf,标准,ACTIVE,现行,T1828.3-2019,2019,4.51,WAIT
PDF_00274,SN_T 1828.4-2013.pdf,/root/autodl-tmp/chemical_kb/data/pdf/标准/SN_T 1828.4-2013.pdf,标准,ACTIVE,现行,T1828.4-2013,2013,4.81,WAIT
PDF_00275,SN_T 1828.5-2019.pdf,/root/autodl-tmp/chemical_kb/data/pdf/标准/SN_T 1828.5-2019.pdf,标准,ACTIVE,现行,T1828.5-2019,2019,0.88,WAIT
PDF_00276,SN_T 1828.6-2019.pdf,/root/autodl-tmp/chemical_kb/data/pdf/标准/SN_T 1828.6-2019.pdf,标准,ACTIVE,现行,T1828.6-2019,2019,6.8,WAIT
PDF_00277,SN_T 1828.7-2013.pdf,/root/autodl-tmp/chemical_kb/data/pdf/标准/SN_T 1828.7-2013.pdf,标准,ACTIVE,现行,T1828.7-2013,2013,1.45,WAIT
PDF_00278,SN_T 1828.8-2019.pdf,/root/autodl-tmp/chemical_kb/data/pdf/标准/SN_T 1828.8-2019.pdf,标准,ACTIVE,现行,T1828.8-2019,2019,0.99,WAIT
PDF_00279,SN_T 1828.9-2019.pdf,/root/autodl-tmp/chemical_kb/data/pdf/标准/SN_T 1828.9-2019.pdf,标准,ACTIVE,现行,T1828.9-2019,2019,2.06,WAIT
PDF_00280,SN_T 1935.1-2007.pdf,/root/autodl-tmp/chemical_kb/data/pdf/标准/SN_T 1935.1-2007.pdf,标准,ACTIVE,现行,T1935.1-2007,2007,0.32,WAIT
PDF_00281,SN_T 1935.2-2007.pdf,/root/autodl-tmp/chemical_kb/data/pdf/标准/SN_T 1935.2-2007.pdf,标准,ACTIVE,现行,T1935.2-2007,2007,0.19,WAIT
PDF_00282,SN_T 1935.3-2007.pdf,/root/autodl-tmp/chemical_kb/data/pdf/标准/SN_T 1935.3-2007.pdf,标准,ACTIVE,现行,T1935.3-2007,2007,0.29,WAIT
PDF_00283,SN_T 1936.1-2007.pdf,/root/autodl-tmp/chemical_kb/data/pdf/标准/SN_T 1936.1-2007.pdf,标准,ACTIVE,现行,T1936.1-2007,2007,0.33,WAIT
PDF_00284,SN_T 1936.2-2007.pdf,/root/autodl-tmp/chemical_kb/data/pdf/标准/SN_T 1936.2-2007.pdf,标准,ACTIVE,现行,T1936.2-2007,2007,0.16,WAIT
PDF_00285,SN_T 1936.3-2007.pdf,/root/autodl-tmp/chemical_kb/data/pdf/标准/SN_T 1936.3-2007.pdf,标准,ACTIVE,现行,T1936.3-2007,2007,0.21,WAIT
PDF_00286,SN_T 2164-2008.pdf,/root/autodl-tmp/chemical_kb/data/pdf/标准/SN_T 2164-2008.pdf,标准,ACTIVE,现行,T2164-2008,2008,2.48,WAIT
PDF_00287,SN_T 2165-2008.pdf,/root/autodl-tmp/chemical_kb/data/pdf/标准/SN_T 2165-2008.pdf,标准,ACTIVE,现行,T2165-2008,2008,0.78,WAIT
PDF_00288,SN_T 2166-2008.pdf,/root/autodl-tmp/chemical_kb/data/pdf/标准/SN_T 2166-2008.pdf,标准,ACTIVE,现行,T2166-2008,2008,1.61,WAIT
PDF_00289,SN_T 2167-2008.pdf,/root/autodl-tmp/chemical_kb/data/pdf/标准/SN_T 2167-2008.pdf,标准,ACTIVE,现行,T2167-2008,2008,1.55,WAIT
PDF_00290,SN_T 2168-2008.pdf,/root/autodl-tmp/chemical_kb/data/pdf/标准/SN_T 2168-2008.pdf,标准,ACTIVE,现行,T2168-2008,2008,1.6,WAIT
PDF_00291,SN_T 2170-2008.pdf,/root/autodl-tmp/chemical_kb/data/pdf/标准/SN_T 2170-2008.pdf,标准,ACTIVE,现行,T2170-2008,2008,1.12,WAIT
PDF_00292,SN_T 2171-2008.pdf,/root/autodl-tmp/chemical_kb/data/pdf/标准/SN_T 2171-2008.pdf,标准,ACTIVE,现行,T2171-2008,2008,1.0,WAIT
PDF_00293,SN_T 2173-2008.pdf,/root/autodl-tmp/chemical_kb/data/pdf/标准/SN_T 2173-2008.pdf,标准,ACTIVE,现行,T2173-2008,2008,1.35,WAIT
PDF_00294,SN_T 2174-2008.pdf,/root/autodl-tmp/chemical_kb/data/pdf/标准/SN_T 2174-2008.pdf,标准,ACTIVE,现行,T2174-2008,2008,1.0,WAIT
PDF_00295,SN_T 2175-2008.pdf,/root/autodl-tmp/chemical_kb/data/pdf/标准/SN_T 2175-2008.pdf,标准,ACTIVE,现行,T2175-2008,2008,1.34,WAIT
PDF_00296,SN_T 2176-2008.pdf,/root/autodl-tmp/chemical_kb/data/pdf/标准/SN_T 2176-2008.pdf,标准,ACTIVE,现行,T2176-2008,2008,0.83,WAIT
PDF_00297,SN_T 2240-2008.pdf,/root/autodl-tmp/chemical_kb/data/pdf/标准/SN_T 2240-2008.pdf,标准,ACTIVE,现行,T2240-2008,2008,0.91,WAIT
PDF_00298,SN_T 2244-2009.pdf,/root/autodl-tmp/chemical_kb/data/pdf/标准/SN_T 2244-2009.pdf,标准,ACTIVE,现行,T2244-2009,2009,0.11,WAIT
PDF_00299,SN_T 2361.1-2009.pdf,/root/autodl-tmp/chemical_kb/data/pdf/标准/SN_T 2361.1-2009.pdf,标准,ACTIVE,现行,T2361.1-2009,2009,1.56,WAIT
PDF_00300,SN_T 2361.2-2009.pdf,/root/autodl-tmp/chemical_kb/data/pdf/标准/SN_T 2361.2-2009.pdf,标准,ACTIVE,现行,T2361.2-2009,2009,2.29,WAIT
PDF_00301,SN_T 2414.1-2010.pdf,/root/autodl-tmp/chemical_kb/data/pdf/标准/SN_T 2414.1-2010.pdf,标准,ACTIVE,现行,T2414.1-2010,2010,1.25,WAIT
PDF_00302,SN_T 2414.2-2010.pdf,/root/autodl-tmp/chemical_kb/data/pdf/标准/SN_T 2414.2-2010.pdf,标准,ACTIVE,现行,T2414.2-2010,2010,1.21,WAIT
PDF_00303,SN_T 2498.1-2010.pdf,/root/autodl-tmp/chemical_kb/data/pdf/标准/SN_T 2498.1-2010.pdf,标准,ACTIVE,现行,T2498.1-2010,2010,1.02,WAIT
PDF_00304,SN_T 2498.2-2010.pdf,/root/autodl-tmp/chemical_kb/data/pdf/标准/SN_T 2498.2-2010.pdf,标准,ACTIVE,现行,T2498.2-2010,2010,0.8,WAIT
PDF_00305,SN_T 2502-2010.pdf,/root/autodl-tmp/chemical_kb/data/pdf/标准/SN_T 2502-2010.pdf,标准,ACTIVE,现行,T2502-2010,2010,1.03,WAIT
PDF_00306,SN_T 2543-2010.pdf,/root/autodl-tmp/chemical_kb/data/pdf/标准/SN_T 2543-2010.pdf,标准,ACTIVE,现行,T2543-2010,2010,1.09,WAIT
PDF_00307,SN_T 2834-2011.pdf,/root/autodl-tmp/chemical_kb/data/pdf/标准/SN_T 2834-2011.pdf,标准,ACTIVE,现行,T2834-2011,2011,3.26,WAIT
PDF_00308,SN_T 2836-2011.pdf,/root/autodl-tmp/chemical_kb/data/pdf/标准/SN_T 2836-2011.pdf,标准,ACTIVE,现行,T2836-2011,2011,1.64,WAIT
PDF_00309,SN_T 2880-2011.pdf,/root/autodl-tmp/chemical_kb/data/pdf/标准/SN_T 2880-2011.pdf,标准,ACTIVE,现行,T2880-2011,2011,1.77,WAIT
PDF_00310,SN_T 2902-2011.pdf,/root/autodl-tmp/chemical_kb/data/pdf/标准/SN_T 2902-2011.pdf,标准,ACTIVE,现行,T2902-2011,2011,1.25,WAIT
PDF_00311,SN_T 3056.11-2011.pdf,/root/autodl-tmp/chemical_kb/data/pdf/标准/SN_T 3056.11-2011.pdf,标准,ACTIVE,现行,T3056.11-2011,2011,1.62,WAIT
PDF_00312,SN_T 3056.13-2011.pdf,/root/autodl-tmp/chemical_kb/data/pdf/标准/SN_T 3056.13-2011.pdf,标准,ACTIVE,现行,T3056.13-2011,2011,0.74,WAIT
PDF_00313,SN_T 3056.14-2011.pdf,/root/autodl-tmp/chemical_kb/data/pdf/标准/SN_T 3056.14-2011.pdf,标准,ACTIVE,现行,T3056.14-2011,2011,0.64,WAIT
PDF_00314,SN_T 3056.15-2011.pdf,/root/autodl-tmp/chemical_kb/data/pdf/标准/SN_T 3056.15-2011.pdf,标准,ACTIVE,现行,T3056.15-2011,2011,0.79,WAIT
PDF_00315,SN_T 3056.6-2011.pdf,/root/autodl-tmp/chemical_kb/data/pdf/标准/SN_T 3056.6-2011.pdf,标准,ACTIVE,现行,T3056.6-2011,2011,1.5,WAIT
PDF_00316,SN_T 3056.7-2011.pdf,/root/autodl-tmp/chemical_kb/data/pdf/标准/SN_T 3056.7-2011.pdf,标准,ACTIVE,现行,T3056.7-2011,2011,1.52,WAIT
PDF_00317,SN_T 3057.1-2011.pdf,/root/autodl-tmp/chemical_kb/data/pdf/标准/SN_T 3057.1-2011.pdf,标准,ACTIVE,现行,T3057.1-2011,2011,0.52,WAIT
PDF_00318,SN_T 3057.2-2011.pdf,/root/autodl-tmp/chemical_kb/data/pdf/标准/SN_T 3057.2-2011.pdf,标准,ACTIVE,现行,T3057.2-2011,2011,0.8,WAIT
PDF_00319,SN_T 3057.3-2013.pdf,/root/autodl-tmp/chemical_kb/data/pdf/标准/SN_T 3057.3-2013.pdf,标准,ACTIVE,现行,T3057.3-2013,2013,2.81,WAIT
PDF_00320,SN_T 3057.4-2013.pdf,/root/autodl-tmp/chemical_kb/data/pdf/标准/SN_T 3057.4-2013.pdf,标准,ACTIVE,现行,T3057.4-2013,2013,0.41,WAIT
PDF_00321,SN_T 3060-2011.pdf,/root/autodl-tmp/chemical_kb/data/pdf/标准/SN_T 3060-2011.pdf,标准,ACTIVE,现行,T3060-2011,2011,4.25,WAIT
PDF_00322,SN_T 3078.2-2015.pdf,/root/autodl-tmp/chemical_kb/data/pdf/标准/SN_T 3078.2-2015.pdf,标准,ACTIVE,现行,T3078.2-2015,2015,0.89,WAIT
PDF_00323,SN_T 3083.2-2012.pdf,/root/autodl-tmp/chemical_kb/data/pdf/标准/SN_T 3083.2-2012.pdf,标准,ACTIVE,现行,T3083.2-2012,2012,2.26,WAIT
PDF_00324,SN_T 3203-2012.pdf,/root/autodl-tmp/chemical_kb/data/pdf/标准/SN_T 3203-2012.pdf,标准,ACTIVE,现行,T3203-2012,2012,3.32,WAIT
PDF_00325,SN_T 3083.3-2017.pdf,/root/autodl-tmp/chemical_kb/data/pdf/标准/SN_T 3083.3-2017.pdf,标准,ACTIVE,现行,T3083.3-2017,2017,4.62,WAIT
PDF_00326,SN_T 3204-2012.pdf,/root/autodl-tmp/chemical_kb/data/pdf/标准/SN_T 3204-2012.pdf,标准,ACTIVE,现行,T3204-2012,2012,2.38,WAIT
PDF_00327,SN_T 3205-2012.pdf,/root/autodl-tmp/chemical_kb/data/pdf/标准/SN_T 3205-2012.pdf,标准,ACTIVE,现行,T3205-2012,2012,2.6,WAIT
PDF_00328,SN_T 3206-2012.pdf,/root/autodl-tmp/chemical_kb/data/pdf/标准/SN_T 3206-2012.pdf,标准,ACTIVE,现行,T3206-2012,2012,2.33,WAIT
PDF_00329,SN_T 3207-2012.pdf,/root/autodl-tmp/chemical_kb/data/pdf/标准/SN_T 3207-2012.pdf,标准,ACTIVE,现行,T3207-2012,2012,2.69,WAIT
PDF_00330,SN_T 3208-2012.pdf,/root/autodl-tmp/chemical_kb/data/pdf/标准/SN_T 3208-2012.pdf,标准,ACTIVE,现行,T3208-2012,2012,4.71,WAIT
PDF_00331,SN_T 3209-2012.pdf,/root/autodl-tmp/chemical_kb/data/pdf/标准/SN_T 3209-2012.pdf,标准,ACTIVE,现行,T3209-2012,2012,8.52,WAIT
PDF_00332,SN_T 3210-2012.pdf,/root/autodl-tmp/chemical_kb/data/pdf/标准/SN_T 3210-2012.pdf,标准,ACTIVE,现行,T3210-2012,2012,5.74,WAIT
PDF_00333,SN_T 3211-2012.pdf,/root/autodl-tmp/chemical_kb/data/pdf/标准/SN_T 3211-2012.pdf,标准,ACTIVE,现行,T3211-2012,2012,4.25,WAIT
PDF_00334,SN_T 3212-2012.pdf,/root/autodl-tmp/chemical_kb/data/pdf/标准/SN_T 3212-2012.pdf,标准,ACTIVE,现行,T3212-2012,2012,4.5,WAIT
PDF_00335,SN_T 3213-2012.pdf,/root/autodl-tmp/chemical_kb/data/pdf/标准/SN_T 3213-2012.pdf,标准,ACTIVE,现行,T3213-2012,2012,5.79,WAIT
PDF_00336,SN_T 3214-2012.pdf,/root/autodl-tmp/chemical_kb/data/pdf/标准/SN_T 3214-2012.pdf,标准,ACTIVE,现行,T3214-2012,2012,1.55,WAIT
PDF_00337,SN_T 3215-2012.pdf,/root/autodl-tmp/chemical_kb/data/pdf/标准/SN_T 3215-2012.pdf,标准,ACTIVE,现行,T3215-2012,2012,8.71,WAIT
PDF_00338,SN_T 3216-2012.pdf,/root/autodl-tmp/chemical_kb/data/pdf/标准/SN_T 3216-2012.pdf,标准,ACTIVE,现行,T3216-2012,2012,1.01,WAIT
PDF_00339,SN_T 3217-2012.pdf,/root/autodl-tmp/chemical_kb/data/pdf/标准/SN_T 3217-2012.pdf,标准,ACTIVE,现行,T3217-2012,2012,2.81,WAIT
PDF_00340,SN_T 3221-2012.pdf,/root/autodl-tmp/chemical_kb/data/pdf/标准/SN_T 3221-2012.pdf,标准,ACTIVE,现行,T3221-2012,2012,3.3,WAIT
PDF_00341,SN_T 3522-2013.pdf,/root/autodl-tmp/chemical_kb/data/pdf/标准/SN_T 3522-2013.pdf,标准,ACTIVE,现行,T3522-2013,2013,1.02,WAIT
PDF_00342,SN_T 3629-2013.pdf,/root/autodl-tmp/chemical_kb/data/pdf/标准/SN_T 3629-2013.pdf,标准,ACTIVE,现行,T3629-2013,2013,1.99,WAIT
PDF_00343,SN_T 3656.1-2013.pdf,/root/autodl-tmp/chemical_kb/data/pdf/标准/SN_T 3656.1-2013.pdf,标准,ACTIVE,现行,T3656.1-2013,2013,5.05,WAIT
PDF_00344,SN_T 3656.2-2013.pdf,/root/autodl-tmp/chemical_kb/data/pdf/标准/SN_T 3656.2-2013.pdf,标准,ACTIVE,现行,T3656.2-2013,2013,5.43,WAIT
PDF_00345,SN_T 3656.3-2013.pdf,/root/autodl-tmp/chemical_kb/data/pdf/标准/SN_T 3656.3-2013.pdf,标准,ACTIVE,现行,T3656.3-2013,2013,4.28,WAIT
PDF_00346,SN_T 3656.5-2013.pdf,/root/autodl-tmp/chemical_kb/data/pdf/标准/SN_T 3656.5-2013.pdf,标准,ACTIVE,现行,T3656.5-2013,2013,8.01,WAIT
PDF_00347,SN_T 3656.6-2013.pdf,/root/autodl-tmp/chemical_kb/data/pdf/标准/SN_T 3656.6-2013.pdf,标准,ACTIVE,现行,T3656.6-2013,2013,7.63,WAIT
PDF_00348,SN_T 3735-2013.pdf,/root/autodl-tmp/chemical_kb/data/pdf/标准/SN_T 3735-2013.pdf,标准,ACTIVE,现行,T3735-2013,2013,1.62,WAIT
PDF_00349,SN_T 4149-2015.pdf,/root/autodl-tmp/chemical_kb/data/pdf/标准/SN_T 4149-2015.pdf,标准,ACTIVE,现行,T4149-2015,2015,4.64,WAIT
PDF_00350,SN_T 4185-2015.pdf,/root/autodl-tmp/chemical_kb/data/pdf/标准/SN_T 4185-2015.pdf,标准,ACTIVE,现行,T4185-2015,2015,20.2,WAIT
PDF_00351,SN_T 4186-2015.pdf,/root/autodl-tmp/chemical_kb/data/pdf/标准/SN_T 4186-2015.pdf,标准,ACTIVE,现行,T4186-2015,2015,1.88,WAIT
PDF_00352,SN_T 4187-2015.pdf,/root/autodl-tmp/chemical_kb/data/pdf/标准/SN_T 4187-2015.pdf,标准,ACTIVE,现行,T4187-2015,2015,1.99,WAIT
PDF_00353,SN_T 4188-2015.pdf,/root/autodl-tmp/chemical_kb/data/pdf/标准/SN_T 4188-2015.pdf,标准,ACTIVE,现行,T4188-2015,2015,3.12,WAIT
PDF_00354,SN_T 4189-2015.pdf,/root/autodl-tmp/chemical_kb/data/pdf/标准/SN_T 4189-2015.pdf,标准,ACTIVE,现行,T4189-2015,2015,2.14,WAIT
PDF_00355,SN_T 4190-2015.pdf,/root/autodl-tmp/chemical_kb/data/pdf/标准/SN_T 4190-2015.pdf,标准,ACTIVE,现行,T4190-2015,2015,4.81,WAIT
PDF_00356,SN_T 4191-2015.pdf,/root/autodl-tmp/chemical_kb/data/pdf/标准/SN_T 4191-2015.pdf,标准,ACTIVE,现行,T4191-2015,2015,1.91,WAIT
PDF_00357,SN_T 4192-2015.pdf,/root/autodl-tmp/chemical_kb/data/pdf/标准/SN_T 4192-2015.pdf,标准,ACTIVE,现行,T4192-2015,2015,2.55,WAIT
PDF_00358,SN_T 4193-2015.pdf,/root/autodl-tmp/chemical_kb/data/pdf/标准/SN_T 4193-2015.pdf,标准,ACTIVE,现行,T4193-2015,2015,1.94,WAIT
PDF_00359,SN_T 4194-2015.pdf,/root/autodl-tmp/chemical_kb/data/pdf/标准/SN_T 4194-2015.pdf,标准,ACTIVE,现行,T4194-2015,2015,2.17,WAIT
PDF_00360,SN_T 4195-2015.pdf,/root/autodl-tmp/chemical_kb/data/pdf/标准/SN_T 4195-2015.pdf,标准,ACTIVE,现行,T4195-2015,2015,2.03,WAIT
PDF_00361,SN_T 4196-2015.pdf,/root/autodl-tmp/chemical_kb/data/pdf/标准/SN_T 4196-2015.pdf,标准,ACTIVE,现行,T4196-2015,2015,1.83,WAIT
PDF_00362,SN_T 4197-2015.pdf,/root/autodl-tmp/chemical_kb/data/pdf/标准/SN_T 4197-2015.pdf,标准,ACTIVE,现行,T4197-2015,2015,2.05,WAIT
PDF_00363,SN_T 4198-2015.pdf,/root/autodl-tmp/chemical_kb/data/pdf/标准/SN_T 4198-2015.pdf,标准,ACTIVE,现行,T4198-2015,2015,1.83,WAIT
PDF_00364,SN_T 4199-2015.pdf,/root/autodl-tmp/chemical_kb/data/pdf/标准/SN_T 4199-2015.pdf,标准,ACTIVE,现行,T4199-2015,2015,1.87,WAIT
PDF_00365,SN_T 4200-2015.pdf,/root/autodl-tmp/chemical_kb/data/pdf/标准/SN_T 4200-2015.pdf,标准,ACTIVE,现行,T4200-2015,2015,1.76,WAIT
PDF_00366,SN_T 4201-2015.pdf,/root/autodl-tmp/chemical_kb/data/pdf/标准/SN_T 4201-2015.pdf,标准,ACTIVE,现行,T4201-2015,2015,1.94,WAIT
PDF_00367,SN_T 4202-2015.pdf,/root/autodl-tmp/chemical_kb/data/pdf/标准/SN_T 4202-2015.pdf,标准,ACTIVE,现行,T4202-2015,2015,1.81,WAIT
PDF_00368,SN_T 4203-2015.pdf,/root/autodl-tmp/chemical_kb/data/pdf/标准/SN_T 4203-2015.pdf,标准,ACTIVE,现行,T4203-2015,2015,2.01,WAIT
PDF_00369,SN_T 4204-2015.pdf,/root/autodl-tmp/chemical_kb/data/pdf/标准/SN_T 4204-2015.pdf,标准,ACTIVE,现行,T4204-2015,2015,2.1,WAIT
PDF_00370,SN_T 4205-2015.pdf,/root/autodl-tmp/chemical_kb/data/pdf/标准/SN_T 4205-2015.pdf,标准,ACTIVE,现行,T4205-2015,2015,1.79,WAIT
PDF_00371,SN_T 4206-2015.pdf,/root/autodl-tmp/chemical_kb/data/pdf/标准/SN_T 4206-2015.pdf,标准,ACTIVE,现行,T4206-2015,2015,2.76,WAIT
PDF_00372,SN_T 4207-2015.pdf,/root/autodl-tmp/chemical_kb/data/pdf/标准/SN_T 4207-2015.pdf,标准,ACTIVE,现行,T4207-2015,2015,1.79,WAIT
PDF_00373,SN_T 4208-2015.pdf,/root/autodl-tmp/chemical_kb/data/pdf/标准/SN_T 4208-2015.pdf,标准,ACTIVE,现行,T4208-2015,2015,2.05,WAIT
PDF_00374,SN_T 4209-2015.pdf,/root/autodl-tmp/chemical_kb/data/pdf/标准/SN_T 4209-2015.pdf,标准,ACTIVE,现行,T4209-2015,2015,1.94,WAIT
PDF_00375,SN_T 4210-2015.pdf,/root/autodl-tmp/chemical_kb/data/pdf/标准/SN_T 4210-2015.pdf,标准,ACTIVE,现行,T4210-2015,2015,1.82,WAIT
PDF_00376,SN_T 4211-2015.pdf,/root/autodl-tmp/chemical_kb/data/pdf/标准/SN_T 4211-2015.pdf,标准,ACTIVE,现行,T4211-2015,2015,2.5,WAIT
PDF_00377,SN_T 4212-2015.pdf,/root/autodl-tmp/chemical_kb/data/pdf/标准/SN_T 4212-2015.pdf,标准,ACTIVE,现行,T4212-2015,2015,1.91,WAIT
PDF_00378,SN_T 4213-2015.pdf,/root/autodl-tmp/chemical_kb/data/pdf/标准/SN_T 4213-2015.pdf,标准,ACTIVE,现行,T4213-2015,2015,2.01,WAIT
PDF_00379,SN_T 4214-2015.pdf,/root/autodl-tmp/chemical_kb/data/pdf/标准/SN_T 4214-2015.pdf,标准,ACTIVE,现行,T4214-2015,2015,1.82,WAIT
PDF_00380,SN_T 4215-2015.pdf,/root/autodl-tmp/chemical_kb/data/pdf/标准/SN_T 4215-2015.pdf,标准,ACTIVE,现行,T4215-2015,2015,2.03,WAIT
PDF_00381,SN_T 4216-2015.pdf,/root/autodl-tmp/chemical_kb/data/pdf/标准/SN_T 4216-2015.pdf,标准,ACTIVE,现行,T4216-2015,2015,2.21,WAIT
PDF_00382,SN_T 4217-2015.pdf,/root/autodl-tmp/chemical_kb/data/pdf/标准/SN_T 4217-2015.pdf,标准,ACTIVE,现行,T4217-2015,2015,1.78,WAIT
PDF_00383,SN_T 4218-2015.pdf,/root/autodl-tmp/chemical_kb/data/pdf/标准/SN_T 4218-2015.pdf,标准,ACTIVE,现行,T4218-2015,2015,2.15,WAIT
PDF_00384,SN_T 4219-2015.pdf,/root/autodl-tmp/chemical_kb/data/pdf/标准/SN_T 4219-2015.pdf,标准,ACTIVE,现行,T4219-2015,2015,1.98,WAIT
PDF_00385,SN_T 4220-2015.pdf,/root/autodl-tmp/chemical_kb/data/pdf/标准/SN_T 4220-2015.pdf,标准,ACTIVE,现行,T4220-2015,2015,1.87,WAIT
PDF_00386,SN_T 4221-2015.pdf,/root/autodl-tmp/chemical_kb/data/pdf/标准/SN_T 4221-2015.pdf,标准,ACTIVE,现行,T4221-2015,2015,10.31,WAIT
PDF_00387,SN_T 4222-2015.pdf,/root/autodl-tmp/chemical_kb/data/pdf/标准/SN_T 4222-2015.pdf,标准,ACTIVE,现行,T4222-2015,2015,2.52,WAIT
PDF_00388,SN_T 4223-2015.pdf,/root/autodl-tmp/chemical_kb/data/pdf/标准/SN_T 4223-2015.pdf,标准,ACTIVE,现行,T4223-2015,2015,9.4,WAIT
PDF_00389,SN_T 4224-2015.pdf,/root/autodl-tmp/chemical_kb/data/pdf/标准/SN_T 4224-2015.pdf,标准,ACTIVE,现行,T4224-2015,2015,2.1,WAIT
PDF_00390,SN_T 4225-2015.pdf,/root/autodl-tmp/chemical_kb/data/pdf/标准/SN_T 4225-2015.pdf,标准,ACTIVE,现行,T4225-2015,2015,3.15,WAIT
PDF_00391,SN_T 4226-2015.pdf,/root/autodl-tmp/chemical_kb/data/pdf/标准/SN_T 4226-2015.pdf,标准,ACTIVE,现行,T4226-2015,2015,4.45,WAIT
PDF_00392,SN_T 4227-2015.pdf,/root/autodl-tmp/chemical_kb/data/pdf/标准/SN_T 4227-2015.pdf,标准,ACTIVE,现行,T4227-2015,2015,18.64,WAIT
PDF_00393,SN_T 4228-2015.pdf,/root/autodl-tmp/chemical_kb/data/pdf/标准/SN_T 4228-2015.pdf,标准,ACTIVE,现行,T4228-2015,2015,7.6,WAIT
PDF_00394,SN_T 4229-2015.pdf,/root/autodl-tmp/chemical_kb/data/pdf/标准/SN_T 4229-2015.pdf,标准,ACTIVE,现行,T4229-2015,2015,8.89,WAIT
PDF_00395,SN_T 4469-2016.pdf,/root/autodl-tmp/chemical_kb/data/pdf/标准/SN_T 4469-2016.pdf,标准,ACTIVE,现行,T4469-2016,2016,2.29,WAIT
PDF_00396,SN_T 4470-2016.pdf,/root/autodl-tmp/chemical_kb/data/pdf/标准/SN_T 4470-2016.pdf,标准,ACTIVE,现行,T4470-2016,2016,2.47,WAIT
PDF_00397,SN_T 4471-2016.pdf,/root/autodl-tmp/chemical_kb/data/pdf/标准/SN_T 4471-2016.pdf,标准,ACTIVE,现行,T4471-2016,2016,2.31,WAIT
PDF_00398,SN_T 4472-2016.pdf,/root/autodl-tmp/chemical_kb/data/pdf/标准/SN_T 4472-2016.pdf,标准,ACTIVE,现行,T4472-2016,2016,2.63,WAIT
PDF_00399,SN_T 4473-2016.pdf,/root/autodl-tmp/chemical_kb/data/pdf/标准/SN_T 4473-2016.pdf,标准,ACTIVE,现行,T4473-2016,2016,2.4,WAIT
PDF_00400,SN_T 4474-2016.pdf,/root/autodl-tmp/chemical_kb/data/pdf/标准/SN_T 4474-2016.pdf,标准,ACTIVE,现行,T4474-2016,2016,2.3,WAIT
PDF_00401,SN_T 4475-2016.pdf,/root/autodl-tmp/chemical_kb/data/pdf/标准/SN_T 4475-2016.pdf,标准,ACTIVE,现行,T4475-2016,2016,3.07,WAIT
PDF_00402,SN_T 4476-2016.pdf,/root/autodl-tmp/chemical_kb/data/pdf/标准/SN_T 4476-2016.pdf,标准,ACTIVE,现行,T4476-2016,2016,1.82,WAIT
PDF_00403,SN_T 4477-2016.pdf,/root/autodl-tmp/chemical_kb/data/pdf/标准/SN_T 4477-2016.pdf,标准,ACTIVE,现行,T4477-2016,2016,2.12,WAIT
PDF_00404,SN_T 4478-2016.pdf,/root/autodl-tmp/chemical_kb/data/pdf/标准/SN_T 4478-2016.pdf,标准,ACTIVE,现行,T4478-2016,2016,2.93,WAIT
PDF_00405,SN_T 4608-2016.pdf,/root/autodl-tmp/chemical_kb/data/pdf/标准/SN_T 4608-2016.pdf,标准,ACTIVE,现行,T4608-2016,2016,1.52,WAIT
PDF_00406,SN_T 4787-2017.pdf,/root/autodl-tmp/chemical_kb/data/pdf/标准/SN_T 4787-2017.pdf,标准,ACTIVE,现行,T4787-2017,2017,1.32,WAIT
PDF_00407,SN_T 4854-2017.pdf,/root/autodl-tmp/chemical_kb/data/pdf/标准/SN_T 4854-2017.pdf,标准,ACTIVE,现行,T4854-2017,2017,1.63,WAIT
PDF_00408,SN_T 4855-2017.pdf,/root/autodl-tmp/chemical_kb/data/pdf/标准/SN_T 4855-2017.pdf,标准,ACTIVE,现行,T4855-2017,2017,1.65,WAIT
PDF_00409,SN_T 4856-2017.pdf,/root/autodl-tmp/chemical_kb/data/pdf/标准/SN_T 4856-2017.pdf,标准,ACTIVE,现行,T4856-2017,2017,1.47,WAIT
PDF_00410,SN_T 4897-2017.pdf,/root/autodl-tmp/chemical_kb/data/pdf/标准/SN_T 4897-2017.pdf,标准,ACTIVE,现行,T4897-2017,2017,0.72,WAIT
PDF_00411,SN_T 4898-2017.pdf,/root/autodl-tmp/chemical_kb/data/pdf/标准/SN_T 4898-2017.pdf,标准,ACTIVE,现行,T4898-2017,2017,6.05,WAIT
PDF_00412,SN_T 5273-2020.pdf,/root/autodl-tmp/chemical_kb/data/pdf/标准/SN_T 5273-2020.pdf,标准,ACTIVE,现行,T5273-2020,2020,1.06,WAIT
PDF_00413,SY 5436-2016.pdf,/root/autodl-tmp/chemical_kb/data/pdf/标准/SY 5436-2016.pdf,标准,ACTIVE,现行,SY5436-2016,2016,1.06,WAIT
PDF_00414,SY 5857-2013.pdf,/root/autodl-tmp/chemical_kb/data/pdf/标准/SY 5857-2013.pdf,标准,ACTIVE,现行,SY5857-2013,2013,6.37,WAIT
PDF_00415,SY 6501-2010.pdf,/root/autodl-tmp/chemical_kb/data/pdf/标准/SY 6501-2010.pdf,标准,ACTIVE,现行,SY6501-2010,2010,0.3,WAIT
PDF_00416,SY_T 5497-2018.pdf,/root/autodl-tmp/chemical_kb/data/pdf/标准/SY_T 5497-2018.pdf,标准,ACTIVE,现行,T5497-2018,2018,56.39,WAIT
PDF_00417,SY_T 5857-2025.pdf,/root/autodl-tmp/chemical_kb/data/pdf/标准/SY_T 5857-2025.pdf,标准,ACTIVE,现行,T5857-2025,2025,21.42,WAIT
PDF_00418,SY_T 6273-2024.pdf,/root/autodl-tmp/chemical_kb/data/pdf/标准/SY_T 6273-2024.pdf,标准,ACTIVE,现行,T6273-2024,2024,8.8,WAIT
PDF_00419,SY_T 6515-2010.pdf,/root/autodl-tmp/chemical_kb/data/pdf/标准/SY_T 6515-2010.pdf,标准,ACTIVE,现行,T6515-2010,2010,0.48,WAIT
PDF_00420,SY_T 6753-2023.pdf,/root/autodl-tmp/chemical_kb/data/pdf/标准/SY_T 6753-2023.pdf,标准,ACTIVE,现行,T6753-2023,2023,5.42,WAIT
PDF_00421,SY_T 7433-2018.pdf,/root/autodl-tmp/chemical_kb/data/pdf/标准/SY_T 7433-2018.pdf,标准,ACTIVE,现行,T7433-2018,2018,0.25,WAIT
PDF_00422,SY_T 7676-2022.pdf,/root/autodl-tmp/chemical_kb/data/pdf/标准/SY_T 7676-2022.pdf,标准,ACTIVE,现行,T7676-2022,2022,3.45,WAIT
PDF_00423,T 10632-2014_烟花爆竹 抽样检查规则.pdf,/root/autodl-tmp/chemical_kb/data/pdf/标准/T 10632-2014_烟花爆竹 抽样检查规则.pdf,标准,ACTIVE,现行,T10632-2014,2014,0.45,WAIT
PDF_00424,T 10632-2026_烟花爆竹 抽样检查规则.pdf,/root/autodl-tmp/chemical_kb/data/pdf/标准/T 10632-2026_烟花爆竹 抽样检查规则.pdf,标准,ACTIVE,现行,T10632-2026,2026,0.58,WAIT
PDF_00425,T 12474-2008_空气中可燃气体爆炸极限测定方法.pdf,/root/autodl-tmp/chemical_kb/data/pdf/标准/T 12474-2008_空气中可燃气体爆炸极限测定方法.pdf,标准,ACTIVE,现行,T12474-2008,2008,0.23,WAIT
PDF_00426,T 13201-2025_圆柱体运输包装尺寸系列.pdf,/root/autodl-tmp/chemical_kb/data/pdf/标准/T 13201-2025_圆柱体运输包装尺寸系列.pdf,标准,ACTIVE,现行,T13201-2025,2025,0.48,WAIT
PDF_00427,T 13611-2018_城镇燃气分类和基本特性.pdf,/root/autodl-tmp/chemical_kb/data/pdf/标准/T 13611-2018_城镇燃气分类和基本特性.pdf,标准,ACTIVE,现行,T13611-2018,2018,0.86,WAIT
PDF_00428,T 14188-2025_气相防锈包装材料选用通则.pdf,/root/autodl-tmp/chemical_kb/data/pdf/标准/T 14188-2025_气相防锈包装材料选用通则.pdf,标准,ACTIVE,现行,T14188-2025,2025,0.37,WAIT
PDF_00429,T 14492-2008_一次性使用电石包装钢桶.pdf,/root/autodl-tmp/chemical_kb/data/pdf/标准/T 14492-2008_一次性使用电石包装钢桶.pdf,标准,ACTIVE,现行,T14492-2008,2008,0.73,WAIT
PDF_00430,T 14659-2015_民用爆破器材术语.pdf,/root/autodl-tmp/chemical_kb/data/pdf/标准/T 14659-2015_民用爆破器材术语.pdf,标准,ACTIVE,现行,T14659-2015,2015,1.26,WAIT
PDF_00431,T 15170-2025_包装容器 工业用薄钢板圆罐.pdf,/root/autodl-tmp/chemical_kb/data/pdf/标准/T 15170-2025_包装容器 工业用薄钢板圆罐.pdf,标准,ACTIVE,现行,T15170-2025,2025,0.53,WAIT
PDF_00432,T 15171-2025_包装件密封性能试验方法.pdf,/root/autodl-tmp/chemical_kb/data/pdf/标准/T 15171-2025_包装件密封性能试验方法.pdf,标准,ACTIVE,现行,T15171-2025,2025,0.43,WAIT
PDF_00433,T 15814.1-2010_烟花爆竹烟火药成分定性测定.pdf,/root/autodl-tmp/chemical_kb/data/pdf/标准/T 15814.1-2010_烟花爆竹烟火药成分定性测定.pdf,标准,ACTIVE,现行,T15814.1-2010,2010,0.35,WAIT
PDF_00434,T 15814.2-1995_烟花爆竹药剂 密度测定.pdf,/root/autodl-tmp/chemical_kb/data/pdf/标准/T 15814.2-1995_烟花爆竹药剂 密度测定.pdf,标准,ACTIVE,现行,T15814.2-1995,1995,0.29,WAIT
PDF_00435,T 15814.3-1995_烟花爆竹药剂 热相容性试验 差热分析或差示扫描热量热法.pdf,/root/autodl-tmp/chemical_kb/data/pdf/标准/T 15814.3-1995_烟花爆竹药剂 热相容性试验 差热分析或差示扫描热量热法.pdf,标准,ACTIVE,现行,T15814.3-1995,1995,0.27,WAIT
PDF_00436,T 15956-2008_重复性使用电石包装钢桶.pdf,/root/autodl-tmp/chemical_kb/data/pdf/标准/T 15956-2008_重复性使用电石包装钢桶.pdf,标准,ACTIVE,现行,T15956-2008,2008,0.84,WAIT
PDF_00437,T 16265-2025_包装材料试验方法 相容性.pdf,/root/autodl-tmp/chemical_kb/data/pdf/标准/T 16265-2025_包装材料试验方法 相容性.pdf,标准,ACTIVE,现行,T16265-2025,2025,0.36,WAIT
PDF_00438,T 16267-2025_包装材料试验方法 气相缓蚀能力.pdf,/root/autodl-tmp/chemical_kb/data/pdf/标准/T 16267-2025_包装材料试验方法 气相缓蚀能力.pdf,标准,ACTIVE,现行,T16267-2025,2025,0.55,WAIT
PDF_00439,T 16425-2018_粉尘云爆炸下限浓度测定方法.pdf,/root/autodl-tmp/chemical_kb/data/pdf/标准/T 16425-2018_粉尘云爆炸下限浓度测定方法.pdf,标准,ACTIVE,现行,T16425-2018,2018,0.41,WAIT
PDF_00440,T 16430-2018_粉尘层最低着火温度测定方法.pdf,/root/autodl-tmp/chemical_kb/data/pdf/标准/T 16430-2018_粉尘层最低着火温度测定方法.pdf,标准,ACTIVE,现行,T16430-2018,2018,0.95,WAIT
PDF_00441,T 18927-2002_包装容器 金属辅件.pdf,/root/autodl-tmp/chemical_kb/data/pdf/标准/T 18927-2002_包装容器 金属辅件.pdf,标准,ACTIVE,现行,T18927-2002,2002,0.11,WAIT
PDF_00442,T 16483-2008_化学品安全技术说明书 内容和项目顺序.pdf,/root/autodl-tmp/chemical_kb/data/pdf/标准/T 16483-2008_化学品安全技术说明书 内容和项目顺序.pdf,标准,ACTIVE,现行,T16483-2008,2008,0.77,WAIT
PDF_00443,T 16929-2025_包装材料试验方法 透油性.pdf,/root/autodl-tmp/chemical_kb/data/pdf/标准/T 16929-2025_包装材料试验方法 透油性.pdf,标准,ACTIVE,现行,T16929-2025,2025,0.3,WAIT
PDF_00444,T 17449-1998_包装 玻璃容器 螺纹瓶口尺寸.pdf,/root/autodl-tmp/chemical_kb/data/pdf/标准/T 17449-1998_包装 玻璃容器 螺纹瓶口尺寸.pdf,标准,ACTIVE,现行,T17449-1998,1998,0.32,WAIT
PDF_00445,T 17449-2025_包装 玻璃容器 螺纹瓶口尺寸.pdf,/root/autodl-tmp/chemical_kb/data/pdf/标准/T 17449-2025_包装 玻璃容器 螺纹瓶口尺寸.pdf,标准,ACTIVE,现行,T17449-2025,2025,0.82,WAIT
PDF_00446,T 17519-2013_化学品安全技术说明书编写指南.pdf,/root/autodl-tmp/chemical_kb/data/pdf/标准/T 17519-2013_化学品安全技术说明书编写指南.pdf,标准,ACTIVE,现行,T17519-2013,2013,2.42,WAIT
PDF_00447,T 17519.1-1998_化学品安全资料表 第一部分 内容和项目顺序.pdf,/root/autodl-tmp/chemical_kb/data/pdf/标准/T 17519.1-1998_化学品安全资料表 第一部分 内容和项目顺序.pdf,标准,ACTIVE,现行,T17519.1-1998,1998,0.52,WAIT
PDF_00448,T 18096-2000_煤矿许用电雷管可燃气安全度试验方法.pdf,/root/autodl-tmp/chemical_kb/data/pdf/标准/T 18096-2000_煤矿许用电雷管可燃气安全度试验方法.pdf,标准,ACTIVE,现行,T18096-2000,2000,0.43,WAIT
PDF_00449,T 18098-2000_工业炸药爆炸后有毒气体含量的测定.pdf,/root/autodl-tmp/chemical_kb/data/pdf/标准/T 18098-2000_工业炸药爆炸后有毒气体含量的测定.pdf,标准,ACTIVE,现行,T18098-2000,2000,0.8,WAIT
PDF_00450,T 18927-2025_包装容器 金属辅件.pdf,/root/autodl-tmp/chemical_kb/data/pdf/标准/T 18927-2025_包装容器 金属辅件.pdf,标准,ACTIVE,现行,T18927-2025,2025,0.88,WAIT
PDF_00451,T 191-2025_包装储运图形符号标志.pdf,/root/autodl-tmp/chemical_kb/data/pdf/标准/T 191-2025_包装储运图形符号标志.pdf,标准,ACTIVE,现行,T191-2025,2025,1.38,WAIT
PDF_00452,T 19469-2004_烟火药剂着火温度的测定 差热-热重分析法.pdf,/root/autodl-tmp/chemical_kb/data/pdf/标准/T 19469-2004_烟火药剂着火温度的测定 差热-热重分析法.pdf,标准,ACTIVE,现行,T19469-2004,2004,0.36,WAIT
PDF_00453,T 19469-2026_烟火药着火温度的测定 差热-热重分析法.pdf,/root/autodl-tmp/chemical_kb/data/pdf/标准/T 19469-2026_烟火药着火温度的测定 差热-热重分析法.pdf,标准,ACTIVE,现行,T19469-2026,2026,0.28,WAIT
PDF_00454,T 19593-2026_烟花爆竹 组合烟花.pdf,/root/autodl-tmp/chemical_kb/data/pdf/标准/T 19593-2026_烟花爆竹 组合烟花.pdf,标准,ACTIVE,现行,T19593-2026,2026,6.5,WAIT
PDF_00455,T 19594-2026_烟花爆竹 礼花弹.pdf,/root/autodl-tmp/chemical_kb/data/pdf/标准/T 19594-2026_烟花爆竹 礼花弹.pdf,标准,ACTIVE,现行,T19594-2026,2026,3.82,WAIT
PDF_00456,T 19787-2025_包装材料 聚烯烃热收缩薄膜.pdf,/root/autodl-tmp/chemical_kb/data/pdf/标准/T 19787-2025_包装材料 聚烯烃热收缩薄膜.pdf,标准,ACTIVE,现行,T19787-2025,2025,0.37,WAIT
PDF_00457,T 20209-2006_烟花爆竹用铝镁合金粉.pdf,/root/autodl-tmp/chemical_kb/data/pdf/标准/T 20209-2006_烟花爆竹用铝镁合金粉.pdf,标准,ACTIVE,现行,T20209-2006,2006,0.41,WAIT
PDF_00458,T 20209-2026_烟花爆竹 铝镁合金粉.pdf,/root/autodl-tmp/chemical_kb/data/pdf/标准/T 20209-2026_烟花爆竹 铝镁合金粉.pdf,标准,ACTIVE,现行,T20209-2026,2026,0.64,WAIT
PDF_00459,T 20210-2006_烟花爆竹用铝粉.pdf,/root/autodl-tmp/chemical_kb/data/pdf/标准/T 20210-2006_烟花爆竹用铝粉.pdf,标准,ACTIVE,现行,T20210-2006,2006,0.31,WAIT
PDF_00460,T 20210-2026_烟花爆竹 铝粉.pdf,/root/autodl-tmp/chemical_kb/data/pdf/标准/T 20210-2026_烟花爆竹 铝粉.pdf,标准,ACTIVE,现行,T20210-2026,2026,0.64,WAIT
PDF_00461,T 20211-2006_烟花爆竹用钛粉.pdf,/root/autodl-tmp/chemical_kb/data/pdf/标准/T 20211-2006_烟花爆竹用钛粉.pdf,标准,ACTIVE,现行,T20211-2006,2006,0.44,WAIT
PDF_00462,T 20212-2006_爆竹用固引剂.pdf,/root/autodl-tmp/chemical_kb/data/pdf/标准/T 20212-2006_爆竹用固引剂.pdf,标准,ACTIVE,现行,T20212-2006,2006,0.26,WAIT
PDF_00463,T 20212-2026_烟花爆竹 固引剂.pdf,/root/autodl-tmp/chemical_kb/data/pdf/标准/T 20212-2026_烟花爆竹 固引剂.pdf,标准,ACTIVE,现行,T20212-2026,2026,0.28,WAIT
PDF_00464,T 20603-2023_冷冻轻烃流体 液化天然气的取样.pdf,/root/autodl-tmp/chemical_kb/data/pdf/标准/T 20603-2023_冷冻轻烃流体 液化天然气的取样.pdf,标准,ACTIVE,现行,T20603-2023,2023,0.67,WAIT
PDF_00465,T 20613-2006_烟花爆竹 储存运输安全性能检验规范.pdf,/root/autodl-tmp/chemical_kb/data/pdf/标准/T 20613-2006_烟花爆竹 储存运输安全性能检验规范.pdf,标准,ACTIVE,现行,T20613-2006,2006,0.41,WAIT
PDF_00466,T 20613-2026_烟花爆竹 储存运输安全性能检验规范.pdf,/root/autodl-tmp/chemical_kb/data/pdf/标准/T 20613-2026_烟花爆竹 储存运输安全性能检验规范.pdf,标准,ACTIVE,现行,T20613-2026,2026,0.27,WAIT
PDF_00467,T 20614-2006_烟花爆竹 烟火药中高氯酸盐含量的测定.pdf,/root/autodl-tmp/chemical_kb/data/pdf/标准/T 20614-2006_烟花爆竹 烟火药中高氯酸盐含量的测定.pdf,标准,ACTIVE,现行,T20614-2006,2006,0.38,WAIT
PDF_00468,T 20614-2026_烟花爆竹 烟火药中高氯酸盐含量的测定.pdf,/root/autodl-tmp/chemical_kb/data/pdf/标准/T 20614-2026_烟花爆竹 烟火药中高氯酸盐含量的测定.pdf,标准,ACTIVE,现行,T20614-2026,2026,0.33,WAIT
PDF_00469,T 20615-2006_烟花爆竹 烟火药中铝含量的测定.pdf,/root/autodl-tmp/chemical_kb/data/pdf/标准/T 20615-2006_烟花爆竹 烟火药中铝含量的测定.pdf,标准,ACTIVE,现行,T20615-2006,2006,0.4,WAIT
PDF_00470,T 20615-2026_烟花爆竹 烟火药中铝含量的测定.pdf,/root/autodl-tmp/chemical_kb/data/pdf/标准/T 20615-2026_烟花爆竹 烟火药中铝含量的测定.pdf,标准,ACTIVE,现行,T20615-2026,2026,0.31,WAIT
PDF_00471,T 20616-2006_烟花爆竹 烟火药中铋含量的测定.pdf,/root/autodl-tmp/chemical_kb/data/pdf/标准/T 20616-2006_烟花爆竹 烟火药中铋含量的测定.pdf,标准,ACTIVE,现行,T20616-2006,2006,0.4,WAIT
PDF_00472,T 20616-2026_烟花爆竹 烟火药中铋含量的测定.pdf,/root/autodl-tmp/chemical_kb/data/pdf/标准/T 20616-2026_烟花爆竹 烟火药中铋含量的测定.pdf,标准,ACTIVE,现行,T20616-2026,2026,0.31,WAIT
PDF_00473,T 20617-2006_烟花爆竹 烟火药中铁含量的测定.pdf,/root/autodl-tmp/chemical_kb/data/pdf/标准/T 20617-2006_烟花爆竹 烟火药中铁含量的测定.pdf,标准,ACTIVE,现行,T20617-2006,2006,0.37,WAIT
PDF_00474,T 20617-2026_烟花爆竹 烟火药中铁含量的测定.pdf,/root/autodl-tmp/chemical_kb/data/pdf/标准/T 20617-2026_烟花爆竹 烟火药中铁含量的测定.pdf,标准,ACTIVE,现行,T20617-2026,2026,0.29,WAIT
PDF_00475,T 20618-2006_烟花爆竹 烟火药中硝酸盐含量的测定.pdf,/root/autodl-tmp/chemical_kb/data/pdf/标准/T 20618-2006_烟花爆竹 烟火药中硝酸盐含量的测定.pdf,标准,ACTIVE,现行,T20618-2006,2006,0.38,WAIT
PDF_00476,T 20618-2026_烟花爆竹 烟火药中硝酸盐含量的测定.pdf,/root/autodl-tmp/chemical_kb/data/pdf/标准/T 20618-2026_烟花爆竹 烟火药中硝酸盐含量的测定.pdf,标准,ACTIVE,现行,T20618-2026,2026,0.33,WAIT
PDF_00477,T 21279-2007_危险化学品包装液压试验方法.pdf,/root/autodl-tmp/chemical_kb/data/pdf/标准/T 21279-2007_危险化学品包装液压试验方法.pdf,标准,ACTIVE,现行,T21279-2007,2007,0.07,WAIT
PDF_00478,T 21243-2007_烟花爆竹危险等级分类方法.pdf,/root/autodl-tmp/chemical_kb/data/pdf/标准/T 21243-2007_烟花爆竹危险等级分类方法.pdf,标准,ACTIVE,现行,T21243-2007,2007,0.67,WAIT
PDF_00479,T 21242-2019_烟花爆竹 禁限用物质定性检测方法.pdf,/root/autodl-tmp/chemical_kb/data/pdf/标准/T 21242-2019_烟花爆竹 禁限用物质定性检测方法.pdf,标准,ACTIVE,现行,T21242-2019,2019,0.53,WAIT
PDF_00480,T 21281-2007_危险化学品鱼类急性毒性分级试验方法.pdf,/root/autodl-tmp/chemical_kb/data/pdf/标准/T 21281-2007_危险化学品鱼类急性毒性分级试验方法.pdf,标准,ACTIVE,现行,T21281-2007,2007,0.09,WAIT
PDF_00481,T 21565-2008_危险品 磁性试验方法.pdf,/root/autodl-tmp/chemical_kb/data/pdf/标准/T 21565-2008_危险品 磁性试验方法.pdf,标准,ACTIVE,现行,T21565-2008,2008,0.07,WAIT
PDF_00482,T 21566-2008_危险品 爆炸品摩擦感度试验方法.pdf,/root/autodl-tmp/chemical_kb/data/pdf/标准/T 21566-2008_危险品 爆炸品摩擦感度试验方法.pdf,标准,ACTIVE,现行,T21566-2008,2008,0.13,WAIT
PDF_00483,T 21567-2008_危险品 爆炸品撞击感度试验方法.pdf,/root/autodl-tmp/chemical_kb/data/pdf/标准/T 21567-2008_危险品 爆炸品撞击感度试验方法.pdf,标准,ACTIVE,现行,T21567-2008,2008,0.18,WAIT
PDF_00484,T 21571-2008_危险品 爆燃转爆轰试验方法.pdf,/root/autodl-tmp/chemical_kb/data/pdf/标准/T 21571-2008_危险品 爆燃转爆轰试验方法.pdf,标准,ACTIVE,现行,T21571-2008,2008,0.11,WAIT
PDF_00485,T 21572-2008_危险品 1.5项物品的外部火烧试验方法.pdf,/root/autodl-tmp/chemical_kb/data/pdf/标准/T 21572-2008_危险品 1.5项物品的外部火烧试验方法.pdf,标准,ACTIVE,现行,T21572-2008,2008,0.1,WAIT
PDF_00486,T 21575-2008_危险品 极不敏感引爆物质的雷管试验方法.pdf,/root/autodl-tmp/chemical_kb/data/pdf/标准/T 21575-2008_危险品 极不敏感引爆物质的雷管试验方法.pdf,标准,ACTIVE,现行,T21575-2008,2008,0.12,WAIT
PDF_00487,T 21576-2008_危险品 极不敏感引爆物质的隔板试验方法.pdf,/root/autodl-tmp/chemical_kb/data/pdf/标准/T 21576-2008_危险品 极不敏感引爆物质的隔板试验方法.pdf,标准,ACTIVE,现行,T21576-2008,2008,0.11,WAIT
PDF_00488,T 21577-2008_危险品 极不敏感引爆物质的脆性试验方法.pdf,/root/autodl-tmp/chemical_kb/data/pdf/标准/T 21577-2008_危险品 极不敏感引爆物质的脆性试验方法.pdf,标准,ACTIVE,现行,T21577-2008,2008,0.07,WAIT
PDF_00489,T 21579-2008_危险品 时间压力试验方法.pdf,/root/autodl-tmp/chemical_kb/data/pdf/标准/T 21579-2008_危险品 时间压力试验方法.pdf,标准,ACTIVE,现行,T21579-2008,2008,0.13,WAIT
PDF_00490,T 21580-2008_危险品 小型燃烧试验方法.pdf,/root/autodl-tmp/chemical_kb/data/pdf/标准/T 21580-2008_危险品 小型燃烧试验方法.pdf,标准,ACTIVE,现行,T21580-2008,2008,0.1,WAIT
PDF_00491,T 21582-2008_危险品 雷管敏感度试验方法.pdf,/root/autodl-tmp/chemical_kb/data/pdf/标准/T 21582-2008_危险品 雷管敏感度试验方法.pdf,标准,ACTIVE,现行,T21582-2008,2008,0.15,WAIT
PDF_00492,T 21596-2008_危险品 便携式罐体压力试验方法.pdf,/root/autodl-tmp/chemical_kb/data/pdf/标准/T 21596-2008_危险品 便携式罐体压力试验方法.pdf,标准,ACTIVE,现行,T21596-2008,2008,0.09,WAIT
PDF_00493,T 21603-2008_化学品急性经口毒性试验方法.pdf,/root/autodl-tmp/chemical_kb/data/pdf/标准/T 21603-2008_化学品急性经口毒性试验方法.pdf,标准,ACTIVE,现行,T21603-2008,2008,0.11,WAIT
PDF_00494,T 21604-2008_化学品急性皮肤刺激性腐蚀性试验方法.pdf,/root/autodl-tmp/chemical_kb/data/pdf/标准/T 21604-2008_化学品急性皮肤刺激性腐蚀性试验方法.pdf,标准,ACTIVE,现行,T21604-2008,2008,0.16,WAIT
PDF_00495,T 21605-2008_化学品急性吸入毒性试验方法.pdf,/root/autodl-tmp/chemical_kb/data/pdf/标准/T 21605-2008_化学品急性吸入毒性试验方法.pdf,标准,ACTIVE,现行,T21605-2008,2008,0.8,WAIT
PDF_00496,T 21607-2008_化学品一代繁殖毒性试验方法.pdf,/root/autodl-tmp/chemical_kb/data/pdf/标准/T 21607-2008_化学品一代繁殖毒性试验方法.pdf,标准,ACTIVE,现行,T21607-2008,2008,0.16,WAIT
PDF_00497,T 21608-2008_化学品皮肤致敏试验方法.pdf,/root/autodl-tmp/chemical_kb/data/pdf/标准/T 21608-2008_化学品皮肤致敏试验方法.pdf,标准,ACTIVE,现行,T21608-2008,2008,0.27,WAIT
PDF_00498,T 21609-2025_化学品 急性眼刺激性／腐蚀性试验方法.pdf,/root/autodl-tmp/chemical_kb/data/pdf/标准/T 21609-2025_化学品 急性眼刺激性／腐蚀性试验方法.pdf,标准,ACTIVE,现行,T21609-2025,2025,0.35,WAIT
PDF_00499,T 21610-2008_化学品啮齿类动物显性致死试验方法.pdf,/root/autodl-tmp/chemical_kb/data/pdf/标准/T 21610-2008_化学品啮齿类动物显性致死试验方法.pdf,标准,ACTIVE,现行,T21610-2008,2008,0.15,WAIT
PDF_00500,T 21611-2008_危险品 易燃固体自燃试验方法.pdf,/root/autodl-tmp/chemical_kb/data/pdf/标准/T 21611-2008_危险品 易燃固体自燃试验方法.pdf,标准,ACTIVE,现行,T21611-2008,2008,0.07,WAIT
PDF_00501,T 21612-2008_危险品 易燃固体自热试验方法.pdf,/root/autodl-tmp/chemical_kb/data/pdf/标准/T 21612-2008_危险品 易燃固体自热试验方法.pdf,标准,ACTIVE,现行,T21612-2008,2008,0.12,WAIT
PDF_00502,T 21613-2008_危险品 自加速分解温度试验方法.pdf,/root/autodl-tmp/chemical_kb/data/pdf/标准/T 21613-2008_危险品 自加速分解温度试验方法.pdf,标准,ACTIVE,现行,T21613-2008,2008,0.11,WAIT
PDF_00503,T 21614-2008_危险品 喷雾剂燃烧热试验方法.pdf,/root/autodl-tmp/chemical_kb/data/pdf/标准/T 21614-2008_危险品 喷雾剂燃烧热试验方法.pdf,标准,ACTIVE,现行,T21614-2008,2008,0.08,WAIT
PDF_00504,T 21615-2008_危险品 易燃液体闭杯闪点试验方法.pdf,/root/autodl-tmp/chemical_kb/data/pdf/标准/T 21615-2008_危险品 易燃液体闭杯闪点试验方法.pdf,标准,ACTIVE,现行,T21615-2008,2008,0.42,WAIT
PDF_00505,T 21616-2008_危险品 易燃液体蒸汽压力试验方法.pdf,/root/autodl-tmp/chemical_kb/data/pdf/标准/T 21616-2008_危险品 易燃液体蒸汽压力试验方法.pdf,标准,ACTIVE,现行,T21616-2008,2008,0.09,WAIT
PDF_00506,T 21617-2008_危险品 固体氧化性试验方法.pdf,/root/autodl-tmp/chemical_kb/data/pdf/标准/T 21617-2008_危险品 固体氧化性试验方法.pdf,标准,ACTIVE,现行,T21617-2008,2008,0.15,WAIT
PDF_00507,T 21617-2023_危险品 固体氧化性试验方法.pdf,/root/autodl-tmp/chemical_kb/data/pdf/标准/T 21617-2023_危险品 固体氧化性试验方法.pdf,标准,ACTIVE,现行,T21617-2023,2023,0.43,WAIT
PDF_00508,T 21618-2008_危险品 易燃固体燃烧速率试验方法.pdf,/root/autodl-tmp/chemical_kb/data/pdf/标准/T 21618-2008_危险品 易燃固体燃烧速率试验方法.pdf,标准,ACTIVE,现行,T21618-2008,2008,0.09,WAIT
PDF_00509,T 21619-2008_危险品 易燃固体遇水放出易燃气体试验方法.pdf,/root/autodl-tmp/chemical_kb/data/pdf/标准/T 21619-2008_危险品 易燃固体遇水放出易燃气体试验方法.pdf,标准,ACTIVE,现行,T21619-2008,2008,0.11,WAIT
PDF_00510,T 21620-2008_危险品 液体氧化性试验方法.pdf,/root/autodl-tmp/chemical_kb/data/pdf/标准/T 21620-2008_危险品 液体氧化性试验方法.pdf,标准,ACTIVE,现行,T21620-2008,2008,0.16,WAIT
PDF_00511,T 21621-2008_危险品 金属腐蚀性试验方法.pdf,/root/autodl-tmp/chemical_kb/data/pdf/标准/T 21621-2008_危险品 金属腐蚀性试验方法.pdf,标准,ACTIVE,现行,T21621-2008,2008,0.12,WAIT
PDF_00512,T 21622-2008_危险品 易燃液体持续燃烧试验方法.pdf,/root/autodl-tmp/chemical_kb/data/pdf/标准/T 21622-2008_危险品 易燃液体持续燃烧试验方法.pdf,标准,ACTIVE,现行,T21622-2008,2008,0.1,WAIT
PDF_00513,T 21623-2008_危险品 易燃黏性液体黏度试验方法.pdf,/root/autodl-tmp/chemical_kb/data/pdf/标准/T 21623-2008_危险品 易燃黏性液体黏度试验方法.pdf,标准,ACTIVE,现行,T21623-2008,2008,0.08,WAIT
PDF_00514,T 21624-2008_危险品 易燃黏性液体溶剂分离试验方法.pdf,/root/autodl-tmp/chemical_kb/data/pdf/标准/T 21624-2008_危险品 易燃黏性液体溶剂分离试验方法.pdf,标准,ACTIVE,现行,T21624-2008,2008,0.06,WAIT
PDF_00515,T 21625-2008_危险品 极不敏感引爆物质的子弹撞击试验方法.pdf,/root/autodl-tmp/chemical_kb/data/pdf/标准/T 21625-2008_危险品 极不敏感引爆物质的子弹撞击试验方法.pdf,标准,ACTIVE,现行,T21625-2008,2008,0.07,WAIT
PDF_00516,T 21626-2008_危险品 极不敏感引爆物质的外部火烧试验方法.pdf,/root/autodl-tmp/chemical_kb/data/pdf/标准/T 21626-2008_危险品 极不敏感引爆物质的外部火烧试验方法.pdf,标准,ACTIVE,现行,T21626-2008,2008,0.16,WAIT
PDF_00517,T 21627-2008_危险品 极不敏感引爆物质的缓慢升温试验方法.pdf,/root/autodl-tmp/chemical_kb/data/pdf/标准/T 21627-2008_危险品 极不敏感引爆物质的缓慢升温试验方法.pdf,标准,ACTIVE,现行,T21627-2008,2008,0.1,WAIT
PDF_00518,T 21628-2008_危险品 1.6项物品的外部火烧试验方法.pdf,/root/autodl-tmp/chemical_kb/data/pdf/标准/T 21628-2008_危险品 1.6项物品的外部火烧试验方法.pdf,标准,ACTIVE,现行,T21628-2008,2008,0.15,WAIT
PDF_00519,T 21629-2008_危险品 1.6项物品的子弹撞击试验方法.pdf,/root/autodl-tmp/chemical_kb/data/pdf/标准/T 21629-2008_危险品 1.6项物品的子弹撞击试验方法.pdf,标准,ACTIVE,现行,T21629-2008,2008,0.09,WAIT
PDF_00520,T 21630-2008_危险品 喷雾剂点燃距离试验方法.pdf,/root/autodl-tmp/chemical_kb/data/pdf/标准/T 21630-2008_危险品 喷雾剂点燃距离试验方法.pdf,标准,ACTIVE,现行,T21630-2008,2008,0.94,WAIT
PDF_00521,T 21631-2008_危险品 喷雾剂封闭空间点燃试验方法.pdf,/root/autodl-tmp/chemical_kb/data/pdf/标准/T 21631-2008_危险品 喷雾剂封闭空间点燃试验方法.pdf,标准,ACTIVE,现行,T21631-2008,2008,0.52,WAIT
PDF_00522,T 21632-2008_危险品 喷雾剂泡沫可燃性试验方法.pdf,/root/autodl-tmp/chemical_kb/data/pdf/标准/T 21632-2008_危险品 喷雾剂泡沫可燃性试验方法.pdf,标准,ACTIVE,现行,T21632-2008,2008,0.84,WAIT
PDF_00523,T 21750-2025_化学品 毒物代谢动力学试验方法.pdf,/root/autodl-tmp/chemical_kb/data/pdf/标准/T 21750-2025_化学品 毒物代谢动力学试验方法.pdf,标准,ACTIVE,现行,T21750-2025,2025,0.51,WAIT
PDF_00524,T 21754-2025_化学品 28天(亚急性)吸入毒性试验方法.pdf,/root/autodl-tmp/chemical_kb/data/pdf/标准/T 21754-2025_化学品 28天(亚急性)吸入毒性试验方法.pdf,标准,ACTIVE,现行,T21754-2025,2025,0.46,WAIT
PDF_00525,T 21755-2008_工业用途的化学产品 固体物质氧化性质的测定.pdf,/root/autodl-tmp/chemical_kb/data/pdf/标准/T 21755-2008_工业用途的化学产品 固体物质氧化性质的测定.pdf,标准,ACTIVE,现行,T21755-2008,2008,0.13,WAIT
PDF_00526,T 21756-2008_工业用途的化学产品 固体物质相对自燃温度的测定.pdf,/root/autodl-tmp/chemical_kb/data/pdf/标准/T 21756-2008_工业用途的化学产品 固体物质相对自燃温度的测定.pdf,标准,ACTIVE,现行,T21756-2008,2008,0.08,WAIT
PDF_00527,T 21759-2025_化学品 慢性毒性试验方法.pdf,/root/autodl-tmp/chemical_kb/data/pdf/标准/T 21759-2025_化学品 慢性毒性试验方法.pdf,标准,ACTIVE,现行,T21759-2025,2025,0.45,WAIT
PDF_00528,T 21766-2025_化学品 生殖发育毒性筛选试验方法.pdf,/root/autodl-tmp/chemical_kb/data/pdf/标准/T 21766-2025_化学品 生殖发育毒性筛选试验方法.pdf,标准,ACTIVE,现行,T21766-2025,2025,0.55,WAIT
PDF_00529,T 21773-2025_化学品 体内哺乳动物红细胞微核试验方法.pdf,/root/autodl-tmp/chemical_kb/data/pdf/标准/T 21773-2025_化学品 体内哺乳动物红细胞微核试验方法.pdf,标准,ACTIVE,现行,T21773-2025,2025,0.46,WAIT
PDF_00530,T 21775-2008_闪点的测定 闭杯平衡法.pdf,/root/autodl-tmp/chemical_kb/data/pdf/标准/T 21775-2008_闪点的测定 闭杯平衡法.pdf,标准,ACTIVE,现行,T21775-2008,2008,0.41,WAIT
PDF_00531,T 21782.4-2008_粉末涂料 第4部分：爆炸下限的计算.pdf,/root/autodl-tmp/chemical_kb/data/pdf/标准/T 21782.4-2008_粉末涂料 第4部分：爆炸下限的计算.pdf,标准,ACTIVE,现行,T21782.4-2008,2008,0.19,WAIT
PDF_00532,T 21782.8-2008_粉末涂料 第8部分：热固性粉末贮存稳定性的评定.pdf,/root/autodl-tmp/chemical_kb/data/pdf/标准/T 21782.8-2008_粉末涂料 第8部分：热固性粉末贮存稳定性的评定.pdf,标准,ACTIVE,现行,T21782.8-2008,2008,0.33,WAIT
PDF_00533,T 21786-2025_化学品 细菌回复突变试验方法.pdf,/root/autodl-tmp/chemical_kb/data/pdf/标准/T 21786-2025_化学品 细菌回复突变试验方法.pdf,标准,ACTIVE,现行,T21786-2025,2025,0.37,WAIT
PDF_00534,T 21788-2025_化学品 慢性毒性与致癌性联合试验方法.pdf,/root/autodl-tmp/chemical_kb/data/pdf/标准/T 21788-2025_化学品 慢性毒性与致癌性联合试验方法.pdf,标准,ACTIVE,现行,T21788-2025,2025,0.44,WAIT
PDF_00535,T 21789-2008_石油产品和其他液体闪点的测定 阿贝尔闭口杯法.pdf,/root/autodl-tmp/chemical_kb/data/pdf/标准/T 21789-2008_石油产品和其他液体闪点的测定 阿贝尔闭口杯法.pdf,标准,ACTIVE,现行,T21789-2008,2008,1.73,WAIT
PDF_00536,T 21790-2008_闪燃和非闪燃测定 快速平衡闭杯法.pdf,/root/autodl-tmp/chemical_kb/data/pdf/标准/T 21790-2008_闪燃和非闪燃测定 快速平衡闭杯法.pdf,标准,ACTIVE,现行,T21790-2008,2008,0.9,WAIT
PDF_00537,T 21791-2008_石油产品自燃温度测定法.pdf,/root/autodl-tmp/chemical_kb/data/pdf/标准/T 21791-2008_石油产品自燃温度测定法.pdf,标准,ACTIVE,现行,T21791-2008,2008,1.27,WAIT
PDF_00538,T 21792-2008_闪燃和非闪燃测定 闭杯平衡法.pdf,/root/autodl-tmp/chemical_kb/data/pdf/标准/T 21792-2008_闪燃和非闪燃测定 闭杯平衡法.pdf,标准,ACTIVE,现行,T21792-2008,2008,0.53,WAIT
PDF_00539,T 21793-2025_化学品 体外哺乳动物细胞基因突变试验方法.pdf,/root/autodl-tmp/chemical_kb/data/pdf/标准/T 21793-2025_化学品 体外哺乳动物细胞基因突变试验方法.pdf,标准,ACTIVE,现行,T21793-2025,2025,0.43,WAIT
PDF_00540,T 21794-2025_化学品 体外哺乳动物细胞染色体畸变试验方法.pdf,/root/autodl-tmp/chemical_kb/data/pdf/标准/T 21794-2025_化学品 体外哺乳动物细胞染色体畸变试验方法.pdf,标准,ACTIVE,现行,T21794-2025,2025,0.42,WAIT
PDF_00541,T 21818-2025_化学品 固有生物降解性 改进的MITI试验（II）.pdf,/root/autodl-tmp/chemical_kb/data/pdf/标准/T 21818-2025_化学品 固有生物降解性 改进的MITI试验（II）.pdf,标准,ACTIVE,现行,T21818-2025,2025,0.4,WAIT
PDF_00542,T 21844-2008_化合物(蒸气和气体)易燃性浓度限值的标准试验方法.pdf,/root/autodl-tmp/chemical_kb/data/pdf/标准/T 21844-2008_化合物(蒸气和气体)易燃性浓度限值的标准试验方法.pdf,标准,ACTIVE,现行,T21844-2008,2008,0.5,WAIT
PDF_00543,T 21846-2008_工业用化工产品 固体可燃性的确定.pdf,/root/autodl-tmp/chemical_kb/data/pdf/标准/T 21846-2008_工业用化工产品 固体可燃性的确定.pdf,标准,ACTIVE,现行,T21846-2008,2008,0.42,WAIT
PDF_00544,T 21847-2008_工业用化工产品 气体可燃性的确定.pdf,/root/autodl-tmp/chemical_kb/data/pdf/标准/T 21847-2008_工业用化工产品 气体可燃性的确定.pdf,标准,ACTIVE,现行,T21847-2008,2008,0.21,WAIT
PDF_00545,T 21848-2008_工业用化学品 爆炸危险性的确定.pdf,/root/autodl-tmp/chemical_kb/data/pdf/标准/T 21848-2008_工业用化学品 爆炸危险性的确定.pdf,标准,ACTIVE,现行,T21848-2008,2008,0.32,WAIT
PDF_00546,T 21849-2008_工业用化学品 固体和液体水解产生的气体可燃性的确定.pdf,/root/autodl-tmp/chemical_kb/data/pdf/标准/T 21849-2008_工业用化学品 固体和液体水解产生的气体可燃性的确定.pdf,标准,ACTIVE,现行,T21849-2008,2008,0.22,WAIT
PDF_00547,T 21850-2008_化工产品 固体和液体自燃性的确定.pdf,/root/autodl-tmp/chemical_kb/data/pdf/标准/T 21850-2008_化工产品 固体和液体自燃性的确定.pdf,标准,ACTIVE,现行,T21850-2008,2008,0.13,WAIT
PDF_00548,T 21854-2025_化学品 鱼类早期生活阶段毒性试验.pdf,/root/autodl-tmp/chemical_kb/data/pdf/标准/T 21854-2025_化学品 鱼类早期生活阶段毒性试验.pdf,标准,ACTIVE,现行,T21854-2025,2025,0.73,WAIT
PDF_00549,T 21859-2008_气体和蒸气点燃温度的测定方法.pdf,/root/autodl-tmp/chemical_kb/data/pdf/标准/T 21859-2008_气体和蒸气点燃温度的测定方法.pdf,标准,ACTIVE,现行,T21859-2008,2008,0.73,WAIT
PDF_00550,T 21860-2008_液体化学品自燃温度的试验方法.pdf,/root/autodl-tmp/chemical_kb/data/pdf/标准/T 21860-2008_液体化学品自燃温度的试验方法.pdf,标准,ACTIVE,现行,T21860-2008,2008,0.43,WAIT
PDF_00551,T 21929-2008_泰格闭口杯闪点测定法.pdf,/root/autodl-tmp/chemical_kb/data/pdf/标准/T 21929-2008_泰格闭口杯闪点测定法.pdf,标准,ACTIVE,现行,T21929-2008,2008,0.48,WAIT
PDF_00552,T 22225-2008_化学品危险性评价通则.pdf,/root/autodl-tmp/chemical_kb/data/pdf/标准/T 22225-2008_化学品危险性评价通则.pdf,标准,ACTIVE,现行,T22225-2008,2008,0.65,WAIT
PDF_00553,T 22233-2008_化学品潜在危险性相关标准术语.pdf,/root/autodl-tmp/chemical_kb/data/pdf/标准/T 22233-2008_化学品潜在危险性相关标准术语.pdf,标准,ACTIVE,现行,T22233-2008,2008,0.41,WAIT
PDF_00554,T 22234-2008_基于GHS的化学品标签规范.pdf,/root/autodl-tmp/chemical_kb/data/pdf/标准/T 22234-2008_基于GHS的化学品标签规范.pdf,标准,ACTIVE,现行,T22234-2008,2008,4.09,WAIT
PDF_00555,T 22511-2017_化工产品包装用铝瓶.pdf,/root/autodl-tmp/chemical_kb/data/pdf/标准/T 22511-2017_化工产品包装用铝瓶.pdf,标准,ACTIVE,现行,T22511-2017,2017,0.68,WAIT
PDF_00556,T 22781-2008_烟花爆竹用钛粉关键指标的测定.pdf,/root/autodl-tmp/chemical_kb/data/pdf/标准/T 22781-2008_烟花爆竹用钛粉关键指标的测定.pdf,标准,ACTIVE,现行,T22781-2008,2008,0.65,WAIT
PDF_00557,T 22782-2008_烟花爆竹用氧化铜关键指标的测定.pdf,/root/autodl-tmp/chemical_kb/data/pdf/标准/T 22782-2008_烟花爆竹用氧化铜关键指标的测定.pdf,标准,ACTIVE,现行,T22782-2008,2008,0.62,WAIT
PDF_00558,T 22783-2008_烟花爆竹用硝酸钾关键指标的测定.pdf,/root/autodl-tmp/chemical_kb/data/pdf/标准/T 22783-2008_烟花爆竹用硝酸钾关键指标的测定.pdf,标准,ACTIVE,现行,T22783-2008,2008,0.76,WAIT
PDF_00559,T 22784-2008_烟花爆竹用铝镁合金粉关键指标的测定.pdf,/root/autodl-tmp/chemical_kb/data/pdf/标准/T 22784-2008_烟花爆竹用铝镁合金粉关键指标的测定.pdf,标准,ACTIVE,现行,T22784-2008,2008,0.8,WAIT
PDF_00560,T 22785-2008_烟花爆竹用铝粉关键指标的测定.pdf,/root/autodl-tmp/chemical_kb/data/pdf/标准/T 22785-2008_烟花爆竹用铝粉关键指标的测定.pdf,标准,ACTIVE,现行,T22785-2008,2008,0.69,WAIT
PDF_00561,T 22786-2008_烟花爆竹用高氯酸钾关键指标的测定.pdf,/root/autodl-tmp/chemical_kb/data/pdf/标准/T 22786-2008_烟花爆竹用高氯酸钾关键指标的测定.pdf,标准,ACTIVE,现行,T22786-2008,2008,0.68,WAIT
PDF_00562,T 22787-2008_烟花爆竹用冰晶石关键指标的测定.pdf,/root/autodl-tmp/chemical_kb/data/pdf/标准/T 22787-2008_烟花爆竹用冰晶石关键指标的测定.pdf,标准,ACTIVE,现行,T22787-2008,2008,0.8,WAIT
PDF_00563,T 22809-2008_烟花爆竹 安全性能检测规程.pdf,/root/autodl-tmp/chemical_kb/data/pdf/标准/T 22809-2008_烟花爆竹 安全性能检测规程.pdf,标准,ACTIVE,现行,T22809-2008,2008,0.66,WAIT
PDF_00564,T 22810-2008_烟花爆竹 检验规程.pdf,/root/autodl-tmp/chemical_kb/data/pdf/标准/T 22810-2008_烟花爆竹 检验规程.pdf,标准,ACTIVE,现行,T22810-2008,2008,0.72,WAIT
PDF_00565,T 22928-2008_烟花爆竹用纸.pdf,/root/autodl-tmp/chemical_kb/data/pdf/标准/T 22928-2008_烟花爆竹用纸.pdf,标准,ACTIVE,现行,T22928-2008,2008,0.49,WAIT
PDF_00566,T 23955-2009_化学品命名通则.pdf,/root/autodl-tmp/chemical_kb/data/pdf/标准/T 23955-2009_化学品命名通则.pdf,标准,ACTIVE,现行,T23955-2009,2009,0.29,WAIT
PDF_00567,T 24774-2009_化学品分类和危险性象形图标识 通则.pdf,/root/autodl-tmp/chemical_kb/data/pdf/标准/T 24774-2009_化学品分类和危险性象形图标识 通则.pdf,标准,ACTIVE,现行,T24774-2009,2009,1.09,WAIT
PDF_00568,T 24775-2009_化学品安全评定规程.pdf,/root/autodl-tmp/chemical_kb/data/pdf/标准/T 24775-2009_化学品安全评定规程.pdf,标准,ACTIVE,现行,T24775-2009,2009,0.64,WAIT
PDF_00569,T 24776-2009_化学物质分组和交叉参照法.pdf,/root/autodl-tmp/chemical_kb/data/pdf/标准/T 24776-2009_化学物质分组和交叉参照法.pdf,标准,ACTIVE,现行,T24776-2009,2009,0.54,WAIT
PDF_00570,T 24778-2009_化学品鉴别指南.pdf,/root/autodl-tmp/chemical_kb/data/pdf/标准/T 24778-2009_化学品鉴别指南.pdf,标准,ACTIVE,现行,T24778-2009,2009,0.94,WAIT
PDF_00571,T 25035-2010_城镇燃气用二甲醚.pdf,/root/autodl-tmp/chemical_kb/data/pdf/标准/T 25035-2010_城镇燃气用二甲醚.pdf,标准,ACTIVE,现行,T25035-2010,2010,0.53,WAIT
PDF_00572,T 26073-2010_有毒与可燃性气体检测系统安全评价导则.pdf,/root/autodl-tmp/chemical_kb/data/pdf/标准/T 26073-2010_有毒与可燃性气体检测系统安全评价导则.pdf,标准,ACTIVE,现行,T26073-2010,2010,0.35,WAIT
PDF_00573,T 261-2021_闪点的测定 宾斯基-马丁闭口杯法.pdf,/root/autodl-tmp/chemical_kb/data/pdf/标准/T 261-2021_闪点的测定 宾斯基-马丁闭口杯法.pdf,标准,ACTIVE,现行,T261-2021,2021,10.36,WAIT
PDF_00574,T 26195-2010_烟花爆竹 烟火药中砷的测定.pdf,/root/autodl-tmp/chemical_kb/data/pdf/标准/T 26195-2010_烟花爆竹 烟火药中砷的测定.pdf,标准,ACTIVE,现行,T26195-2010,2010,0.34,WAIT
PDF_00575,T 26196-2010_烟花爆竹 烟火药中碳含量的测定 高频-红外吸收法.pdf,/root/autodl-tmp/chemical_kb/data/pdf/标准/T 26196-2010_烟花爆竹 烟火药中碳含量的测定 高频-红外吸收法.pdf,标准,ACTIVE,现行,T26196-2010,2010,0.35,WAIT
PDF_00576,T 26197-2010_烟花爆竹用硫化锑.pdf,/root/autodl-tmp/chemical_kb/data/pdf/标准/T 26197-2010_烟花爆竹用硫化锑.pdf,标准,ACTIVE,现行,T26197-2010,2010,0.29,WAIT
PDF_00577,T 26198-2010_烟花爆竹用铁粉.pdf,/root/autodl-tmp/chemical_kb/data/pdf/标准/T 26198-2010_烟花爆竹用铁粉.pdf,标准,ACTIVE,现行,T26198-2010,2010,0.36,WAIT
PDF_00578,T 26444-2010_危险货物运输 物质可运输性试验方法和判据.pdf,/root/autodl-tmp/chemical_kb/data/pdf/标准/T 26444-2010_危险货物运输 物质可运输性试验方法和判据.pdf,标准,ACTIVE,现行,T26444-2010,2010,1.36,WAIT
PDF_00579,T 27602-2011_工业电雷管射频感度测定.pdf,/root/autodl-tmp/chemical_kb/data/pdf/标准/T 27602-2011_工业电雷管射频感度测定.pdf,标准,ACTIVE,现行,T27602-2011,2011,0.41,WAIT
PDF_00580,T 27835-2011_化学品危险性分类试验方法 12m跌落试验.pdf,/root/autodl-tmp/chemical_kb/data/pdf/标准/T 27835-2011_化学品危险性分类试验方法 12m跌落试验.pdf,标准,ACTIVE,现行,T27835-2011,2011,0.32,WAIT
PDF_00581,T 27836-2011_化学品危险性分类试验方法 外部火烧（篝火）试验.pdf,/root/autodl-tmp/chemical_kb/data/pdf/标准/T 27836-2011_化学品危险性分类试验方法 外部火烧（篝火）试验.pdf,标准,ACTIVE,现行,T27836-2011,2011,0.25,WAIT
PDF_00582,T 27837-2011_甲酸及其混合物危险特性分类方法.pdf,/root/autodl-tmp/chemical_kb/data/pdf/标准/T 27837-2011_甲酸及其混合物危险特性分类方法.pdf,标准,ACTIVE,现行,T27837-2011,2011,0.18,WAIT
PDF_00583,T 27838-2011_烷基磺酸和芳基磺酸类物质危险特性分类方法.pdf,/root/autodl-tmp/chemical_kb/data/pdf/标准/T 27838-2011_烷基磺酸和芳基磺酸类物质危险特性分类方法.pdf,标准,ACTIVE,现行,T27838-2011,2011,0.2,WAIT
PDF_00584,T 27839-2011_肼水溶液类物质危险特性分类方法.pdf,/root/autodl-tmp/chemical_kb/data/pdf/标准/T 27839-2011_肼水溶液类物质危险特性分类方法.pdf,标准,ACTIVE,现行,T27839-2011,2011,0.19,WAIT
PDF_00585,T 27847-2011_石油产品 闪点测定 阿贝尔-宾斯基闭口杯法.pdf,/root/autodl-tmp/chemical_kb/data/pdf/标准/T 27847-2011_石油产品 闪点测定 阿贝尔-宾斯基闭口杯法.pdf,标准,ACTIVE,现行,T27847-2011,2011,0.3,WAIT
PDF_00586,T 27848-2011_液态沥青和稀释沥青 闪点测定 阿贝尔闭口杯法.pdf,/root/autodl-tmp/chemical_kb/data/pdf/标准/T 27848-2011_液态沥青和稀释沥青 闪点测定 阿贝尔闭口杯法.pdf,标准,ACTIVE,现行,T27848-2011,2011,0.34,WAIT
PDF_00587,T 27862-2011_化学品危险性分类试验方法 气体和气体混合物燃烧潜力和氧化能力.pdf,/root/autodl-tmp/chemical_kb/data/pdf/标准/T 27862-2011_化学品危险性分类试验方法 气体和气体混合物燃烧潜力和氧化能力.pdf,标准,ACTIVE,现行,T27862-2011,2011,0.71,WAIT
PDF_00588,T 28885-2025_燃气服务导则.pdf,/root/autodl-tmp/chemical_kb/data/pdf/标准/T 28885-2025_燃气服务导则.pdf,标准,ACTIVE,现行,T28885-2025,2025,0.67,WAIT
PDF_00589,T 29877-2013_硝化甘油类物质危险特性分类方法.pdf,/root/autodl-tmp/chemical_kb/data/pdf/标准/T 29877-2013_硝化甘油类物质危险特性分类方法.pdf,标准,ACTIVE,现行,T29877-2013,2013,0.34,WAIT
PDF_00590,T 29878-2013_硝化纤维素类物质危险特性分类方法.pdf,/root/autodl-tmp/chemical_kb/data/pdf/标准/T 29878-2013_硝化纤维素类物质危险特性分类方法.pdf,标准,ACTIVE,现行,T29878-2013,2013,0.3,WAIT
PDF_00591,T 29879-2013_硝酸铵类物质危险特性分类方法.pdf,/root/autodl-tmp/chemical_kb/data/pdf/标准/T 29879-2013_硝酸铵类物质危险特性分类方法.pdf,标准,ACTIVE,现行,T29879-2013,2013,0.37,WAIT
PDF_00592,T 29880-2013_乙胺水溶液物质危险特性分类方法.pdf,/root/autodl-tmp/chemical_kb/data/pdf/标准/T 29880-2013_乙胺水溶液物质危险特性分类方法.pdf,标准,ACTIVE,现行,T29880-2013,2013,0.28,WAIT
PDF_00593,T 30000.31-2023_化学品分类和标签规范 第31部分：化学品作业场所警示性标志.pdf,/root/autodl-tmp/chemical_kb/data/pdf/标准/T 30000.31-2023_化学品分类和标签规范 第31部分：化学品作业场所警示性标志.pdf,标准,ACTIVE,现行,T30000.31-2023,2023,2.64,WAIT
PDF_00594,T 31270.1-2014_化学农药环境安全评价试验准则 第1部分：土壤降解试验.pdf,/root/autodl-tmp/chemical_kb/data/pdf/标准/T 31270.1-2014_化学农药环境安全评价试验准则 第1部分：土壤降解试验.pdf,标准,ACTIVE,现行,T31270.1-2014,2014,0.39,WAIT
PDF_00595,T 31270.10-2014_化学农药环境安全评价试验准则 第10部分：蜜蜂急性毒性试验.pdf,/root/autodl-tmp/chemical_kb/data/pdf/标准/T 31270.10-2014_化学农药环境安全评价试验准则 第10部分：蜜蜂急性毒性试验.pdf,标准,ACTIVE,现行,T31270.10-2014,2014,0.42,WAIT
PDF_00596,T 31270.14-2014_化学农药环境安全评价试验准则 第14部分：藻类生长抑制试验.pdf,/root/autodl-tmp/chemical_kb/data/pdf/标准/T 31270.14-2014_化学农药环境安全评价试验准则 第14部分：藻类生长抑制试验.pdf,标准,ACTIVE,现行,T31270.14-2014,2014,0.47,WAIT
PDF_00597,T 31270.15-2014_化学农药环境安全评价试验准则 第15部分：蚯蚓急性毒性试验.pdf,/root/autodl-tmp/chemical_kb/data/pdf/标准/T 31270.15-2014_化学农药环境安全评价试验准则 第15部分：蚯蚓急性毒性试验.pdf,标准,ACTIVE,现行,T31270.15-2014,2014,0.41,WAIT
PDF_00598,T 31270.16-2014_化学农药环境安全评价试验准则 第16部分：土壤微生物毒性试验.pdf,/root/autodl-tmp/chemical_kb/data/pdf/标准/T 31270.16-2014_化学农药环境安全评价试验准则 第16部分：土壤微生物毒性试验.pdf,标准,ACTIVE,现行,T31270.16-2014,2014,0.47,WAIT
PDF_00599,T 31270.17-2014_化学农药环境安全评价试验准则 第17部分：天敌赤眼蜂急性毒性试验.pdf,/root/autodl-tmp/chemical_kb/data/pdf/标准/T 31270.17-2014_化学农药环境安全评价试验准则 第17部分：天敌赤眼蜂急性毒性试验.pdf,标准,ACTIVE,现行,T31270.17-2014,2014,0.4,WAIT
PDF_00600,T 31270.18-2014_化学农药环境安全评价试验准则 第18部分：天敌两栖类急性毒性试验.pdf,/root/autodl-tmp/chemical_kb/data/pdf/标准/T 31270.18-2014_化学农药环境安全评价试验准则 第18部分：天敌两栖类急性毒性试验.pdf,标准,ACTIVE,现行,T31270.18-2014,2014,0.41,WAIT
PDF_00601,T 31270.19-2014_化学农药环境安全评价试验准则 第19部分：非靶标植物影响试验.pdf,/root/autodl-tmp/chemical_kb/data/pdf/标准/T 31270.19-2014_化学农药环境安全评价试验准则 第19部分：非靶标植物影响试验.pdf,标准,ACTIVE,现行,T31270.19-2014,2014,0.43,WAIT
PDF_00602,T 31270.2-2014_化学农药环境安全评价试验准则 第2部分：水解试验.pdf,/root/autodl-tmp/chemical_kb/data/pdf/标准/T 31270.2-2014_化学农药环境安全评价试验准则 第2部分：水解试验.pdf,标准,ACTIVE,现行,T31270.2-2014,2014,0.38,WAIT
PDF_00603,T 31270.20-2014_化学农药环境安全评价试验准则 第20部分：家畜短期饲喂毒性试验.pdf,/root/autodl-tmp/chemical_kb/data/pdf/标准/T 31270.20-2014_化学农药环境安全评价试验准则 第20部分：家畜短期饲喂毒性试验.pdf,标准,ACTIVE,现行,T31270.20-2014,2014,0.4,WAIT
PDF_00604,T 31270.21-2014_化学农药环境安全评价试验准则 第21部分：大型甲壳类生物毒性试验.pdf,/root/autodl-tmp/chemical_kb/data/pdf/标准/T 31270.21-2014_化学农药环境安全评价试验准则 第21部分：大型甲壳类生物毒性试验.pdf,标准,ACTIVE,现行,T31270.21-2014,2014,0.46,WAIT
PDF_00605,T 31270.3-2014_化学农药环境安全评价试验准则 第3部分：光解试验.pdf,/root/autodl-tmp/chemical_kb/data/pdf/标准/T 31270.3-2014_化学农药环境安全评价试验准则 第3部分：光解试验.pdf,标准,ACTIVE,现行,T31270.3-2014,2014,0.4,WAIT
PDF_00606,T 31270.4-2014_化学农药环境安全评价试验准则 第4部分：土壤吸附解吸试验.pdf,/root/autodl-tmp/chemical_kb/data/pdf/标准/T 31270.4-2014_化学农药环境安全评价试验准则 第4部分：土壤吸附解吸试验.pdf,标准,ACTIVE,现行,T31270.4-2014,2014,0.4,WAIT
PDF_00607,T 31270.5-2014_化学农药环境安全评价试验准则 第5部分：土壤淋溶试验.pdf,/root/autodl-tmp/chemical_kb/data/pdf/标准/T 31270.5-2014_化学农药环境安全评价试验准则 第5部分：土壤淋溶试验.pdf,标准,ACTIVE,现行,T31270.5-2014,2014,0.39,WAIT
PDF_00608,T 31270.6-2014_化学农药环境安全评价试验准则 第6部分：挥发性试验.pdf,/root/autodl-tmp/chemical_kb/data/pdf/标准/T 31270.6-2014_化学农药环境安全评价试验准则 第6部分：挥发性试验.pdf,标准,ACTIVE,现行,T31270.6-2014,2014,0.38,WAIT
PDF_00609,T 31270.7-2014_化学农药环境安全评价试验准则 第7部分：生物富集试验.pdf,/root/autodl-tmp/chemical_kb/data/pdf/标准/T 31270.7-2014_化学农药环境安全评价试验准则 第7部分：生物富集试验.pdf,标准,ACTIVE,现行,T31270.7-2014,2014,0.41,WAIT
PDF_00610,T 31270.8-2014_化学农药环境安全评价试验准则 第8部分：水―沉积物系统降解试验.pdf,/root/autodl-tmp/chemical_kb/data/pdf/标准/T 31270.8-2014_化学农药环境安全评价试验准则 第8部分：水―沉积物系统降解试验.pdf,标准,ACTIVE,现行,T31270.8-2014,2014,0.4,WAIT
PDF_00611,T 31270.9-2014_化学农药环境安全评价试验准则 第9部分：鸟类急性毒性试验.pdf,/root/autodl-tmp/chemical_kb/data/pdf/标准/T 31270.9-2014_化学农药环境安全评价试验准则 第9部分：鸟类急性毒性试验.pdf,标准,ACTIVE,现行,T31270.9-2014,2014,0.41,WAIT
PDF_00612,T 31514-2015_四氢化邻苯二甲酸酐危险特性分类方法.pdf,/root/autodl-tmp/chemical_kb/data/pdf/标准/T 31514-2015_四氢化邻苯二甲酸酐危险特性分类方法.pdf,标准,ACTIVE,现行,T31514-2015,2015,0.35,WAIT
PDF_00613,T 31516-2015_邻苯二甲酸酐危险特性分类方法.pdf,/root/autodl-tmp/chemical_kb/data/pdf/标准/T 31516-2015_邻苯二甲酸酐危险特性分类方法.pdf,标准,ACTIVE,现行,T31516-2015,2015,0.39,WAIT
PDF_00614,T 32374-2015_化学品危险信息短语与代码.pdf,/root/autodl-tmp/chemical_kb/data/pdf/标准/T 32374-2015_化学品危险信息短语与代码.pdf,标准,ACTIVE,现行,T32374-2015,2015,1.03,WAIT
PDF_00615,T 325.1-2008_包装容器 钢桶 第1部分：通用技术要求.pdf,/root/autodl-tmp/chemical_kb/data/pdf/标准/T 325.1-2008_包装容器 钢桶 第1部分：通用技术要求.pdf,标准,ACTIVE,现行,T325.1-2008,2008,1.42,WAIT
PDF_00616,T 325.1-2018_包装容器 钢桶 第1部分：通用技术要求.pdf,/root/autodl-tmp/chemical_kb/data/pdf/标准/T 325.1-2018_包装容器 钢桶 第1部分：通用技术要求.pdf,标准,ACTIVE,现行,T325.1-2018,2018,0.87,WAIT
PDF_00617,T 325.2-2010_包装容器 钢桶 第2部分：最小总容量208L、210L和216.5L全开口钢桶.pdf,/root/autodl-tmp/chemical_kb/data/pdf/标准/T 325.2-2010_包装容器 钢桶 第2部分：最小总容量208L、210L和216.5L全开口钢桶.pdf,标准,ACTIVE,现行,T325.2-2010,2010,0.12,WAIT
PDF_00618,T 33679-2026_人工影响天气用燃烧剂和致冷剂的存储技术条件.pdf,/root/autodl-tmp/chemical_kb/data/pdf/标准/T 33679-2026_人工影响天气用燃烧剂和致冷剂的存储技术条件.pdf,标准,ACTIVE,现行,T33679-2026,2026,0.25,WAIT
PDF_00619,T 34708-2017_化学品风险评估通则.pdf,/root/autodl-tmp/chemical_kb/data/pdf/标准/T 34708-2017_化学品风险评估通则.pdf,标准,ACTIVE,现行,T34708-2017,2017,0.95,WAIT
PDF_00620,T 34710.1-2017_混合气体的分类 第1部分：毒性分类.pdf,/root/autodl-tmp/chemical_kb/data/pdf/标准/T 34710.1-2017_混合气体的分类 第1部分：毒性分类.pdf,标准,ACTIVE,现行,T34710.1-2017,2017,0.43,WAIT
PDF_00621,T 34710.2-2018_混合气体的分类 第2部分：腐蚀性分类.pdf,/root/autodl-tmp/chemical_kb/data/pdf/标准/T 34710.2-2018_混合气体的分类 第2部分：腐蚀性分类.pdf,标准,ACTIVE,现行,T34710.2-2018,2018,0.47,WAIT
PDF_00622,T 34710.3-2018_混合气体的分类 第3部分：可燃性分类.pdf,/root/autodl-tmp/chemical_kb/data/pdf/标准/T 34710.3-2018_混合气体的分类 第3部分：可燃性分类.pdf,标准,ACTIVE,现行,T34710.3-2018,2018,0.43,WAIT
PDF_00623,T 34714-2017_化学品GHS标签和安全技术说明书的可理解性测试方法.pdf,/root/autodl-tmp/chemical_kb/data/pdf/标准/T 34714-2017_化学品GHS标签和安全技术说明书的可理解性测试方法.pdf,标准,ACTIVE,现行,T34714-2017,2017,1.14,WAIT
PDF_00624,T 35750-2017_烟花爆竹 炭粉.pdf,/root/autodl-tmp/chemical_kb/data/pdf/标准/T 35750-2017_烟花爆竹 炭粉.pdf,标准,ACTIVE,现行,T35750-2017,2017,0.4,WAIT
PDF_00625,T 35756-2017_烟花爆竹 规格与命名.pdf,/root/autodl-tmp/chemical_kb/data/pdf/标准/T 35756-2017_烟花爆竹 规格与命名.pdf,标准,ACTIVE,现行,T35756-2017,2017,0.68,WAIT
PDF_00626,T 35757-2017_烟花爆竹 黏土.pdf,/root/autodl-tmp/chemical_kb/data/pdf/标准/T 35757-2017_烟花爆竹 黏土.pdf,标准,ACTIVE,现行,T35757-2017,2017,0.36,WAIT
PDF_00627,T 35760-2017_烟花爆竹 高氯酸钾.pdf,/root/autodl-tmp/chemical_kb/data/pdf/标准/T 35760-2017_烟花爆竹 高氯酸钾.pdf,标准,ACTIVE,现行,T35760-2017,2017,0.56,WAIT
PDF_00628,T 35761-2017_烟花爆竹用油墨（漆）中重金属含量的测试方法.pdf,/root/autodl-tmp/chemical_kb/data/pdf/标准/T 35761-2017_烟花爆竹用油墨（漆）中重金属含量的测试方法.pdf,标准,ACTIVE,现行,T35761-2017,2017,0.44,WAIT
PDF_00629,T 35929-2018_包装 触摸危险标识 要求.pdf,/root/autodl-tmp/chemical_kb/data/pdf/标准/T 35929-2018_包装 触摸危险标识 要求.pdf,标准,ACTIVE,现行,T35929-2018,2018,4.58,WAIT
PDF_00630,T 37104-2018_包装 触摸危险警示 要求.pdf,/root/autodl-tmp/chemical_kb/data/pdf/标准/T 37104-2018_包装 触摸危险警示 要求.pdf,标准,ACTIVE,现行,T37104-2018,2018,0.34,WAIT
PDF_00631,T 38040-2019_烟花爆竹运输默认分类表.pdf,/root/autodl-tmp/chemical_kb/data/pdf/标准/T 38040-2019_烟花爆竹运输默认分类表.pdf,标准,ACTIVE,现行,T38040-2019,2019,0.8,WAIT
PDF_00632,T 38141-2019_烟花爆竹 烘干系统技术要求.pdf,/root/autodl-tmp/chemical_kb/data/pdf/标准/T 38141-2019_烟花爆竹 烘干系统技术要求.pdf,标准,ACTIVE,现行,T38141-2019,2019,0.61,WAIT
PDF_00633,T 382-2017_煤油和喷气燃料烟点测定法.pdf,/root/autodl-tmp/chemical_kb/data/pdf/标准/T 382-2017_煤油和喷气燃料烟点测定法.pdf,标准,ACTIVE,现行,T382-2017,2017,6.33,WAIT
PDF_00634,T 38229-2019_磷酸三甲苯酯危险特性分类方法.pdf,/root/autodl-tmp/chemical_kb/data/pdf/标准/T 38229-2019_磷酸三甲苯酯危险特性分类方法.pdf,标准,ACTIVE,现行,T38229-2019,2019,0.47,WAIT
PDF_00635,T 38298-2019_固体化学品自动点火温度的试验方法.pdf,/root/autodl-tmp/chemical_kb/data/pdf/标准/T 38298-2019_固体化学品自动点火温度的试验方法.pdf,标准,ACTIVE,现行,T38298-2019,2019,0.52,WAIT
PDF_00636,T 38301-2019_可燃气体或蒸气极限氧浓度测定方法.pdf,/root/autodl-tmp/chemical_kb/data/pdf/标准/T 38301-2019_可燃气体或蒸气极限氧浓度测定方法.pdf,标准,ACTIVE,现行,T38301-2019,2019,1.41,WAIT
PDF_00637,T 38316-2019_有机过氧化物和自反应物质作功能力的试验方法.pdf,/root/autodl-tmp/chemical_kb/data/pdf/标准/T 38316-2019_有机过氧化物和自反应物质作功能力的试验方法.pdf,标准,ACTIVE,现行,T38316-2019,2019,0.84,WAIT
PDF_00638,T 38721-2020_烟花爆竹 混药设备通用技术要求.pdf,/root/autodl-tmp/chemical_kb/data/pdf/标准/T 38721-2020_烟花爆竹 混药设备通用技术要求.pdf,标准,ACTIVE,现行,T38721-2020,2020,1.29,WAIT
PDF_00639,T 39090-2020_危险品绝热储存试验方法.pdf,/root/autodl-tmp/chemical_kb/data/pdf/标准/T 39090-2020_危险品绝热储存试验方法.pdf,标准,ACTIVE,现行,T39090-2020,2020,1.36,WAIT
PDF_00640,T 39093-2020_危险品热积累储存试验方法.pdf,/root/autodl-tmp/chemical_kb/data/pdf/标准/T 39093-2020_危险品热积累储存试验方法.pdf,标准,ACTIVE,现行,T39093-2020,2020,0.7,WAIT
PDF_00641,T 39996-2021_烟花爆竹 烟火药发热量的测定.pdf,/root/autodl-tmp/chemical_kb/data/pdf/标准/T 39996-2021_烟花爆竹 烟火药发热量的测定.pdf,标准,ACTIVE,现行,T39996-2021,2021,0.71,WAIT
PDF_00642,T 40640.1-2021_化学品管理信息化 第1部分：数据交换.pdf,/root/autodl-tmp/chemical_kb/data/pdf/标准/T 40640.1-2021_化学品管理信息化 第1部分：数据交换.pdf,标准,ACTIVE,现行,T40640.1-2021,2021,3.06,WAIT
PDF_00643,T 40640.2-2021_化学品管理信息化 第2部分：信息安全.pdf,/root/autodl-tmp/chemical_kb/data/pdf/标准/T 40640.2-2021_化学品管理信息化 第2部分：信息安全.pdf,标准,ACTIVE,现行,T40640.2-2021,2021,1.07,WAIT
PDF_00644,T 40640.3-2021_化学品管理信息化 第3部分：电子标签应用.pdf,/root/autodl-tmp/chemical_kb/data/pdf/标准/T 40640.3-2021_化学品管理信息化 第3部分：电子标签应用.pdf,标准,ACTIVE,现行,T40640.3-2021,2021,0.91,WAIT
PDF_00645,T 40640.4-2021_化学品管理信息化 第4部分：化学品定位系统通用规范.pdf,/root/autodl-tmp/chemical_kb/data/pdf/标准/T 40640.4-2021_化学品管理信息化 第4部分：化学品定位系统通用规范.pdf,标准,ACTIVE,现行,T40640.4-2021,2021,0.53,WAIT
PDF_00646,T 40640.5-2021_化学品管理信息化 第5部分：化学品数据中心.pdf,/root/autodl-tmp/chemical_kb/data/pdf/标准/T 40640.5-2021_化学品管理信息化 第5部分：化学品数据中心.pdf,标准,ACTIVE,现行,T40640.5-2021,2021,0.96,WAIT
PDF_00647,T 41644-2022_烟花爆竹 检验检测方法.pdf,/root/autodl-tmp/chemical_kb/data/pdf/标准/T 41644-2022_烟花爆竹 检验检测方法.pdf,标准,ACTIVE,现行,T41644-2022,2022,2.29,WAIT
PDF_00648,T 41693-2022_高关注化学物质评估判定导则.pdf,/root/autodl-tmp/chemical_kb/data/pdf/标准/T 41693-2022_高关注化学物质评估判定导则.pdf,标准,ACTIVE,现行,T41693-2022,2022,0.79,WAIT
PDF_00649,T 41774-2022_法庭科学 爆炸装置鉴定规程.pdf,/root/autodl-tmp/chemical_kb/data/pdf/标准/T 41774-2022_法庭科学 爆炸装置鉴定规程.pdf,标准,ACTIVE,现行,T41774-2022,2022,0.45,WAIT
PDF_00650,T 41775-2022_法庭科学 爆炸物鉴定术语.pdf,/root/autodl-tmp/chemical_kb/data/pdf/标准/T 41775-2022_法庭科学 爆炸物鉴定术语.pdf,标准,ACTIVE,现行,T41775-2022,2022,0.59,WAIT
PDF_00651,T 41777-2022_法庭科学 爆炸物爆炸威力检验方法.pdf,/root/autodl-tmp/chemical_kb/data/pdf/标准/T 41777-2022_法庭科学 爆炸物爆炸威力检验方法.pdf,标准,ACTIVE,现行,T41777-2022,2022,0.57,WAIT
PDF_00652,T 42368-2023_高温高压条件下可燃气体（蒸气）爆炸极限测定方法.pdf,/root/autodl-tmp/chemical_kb/data/pdf/标准/T 42368-2023_高温高压条件下可燃气体（蒸气）爆炸极限测定方法.pdf,标准,ACTIVE,现行,T42368-2023,2023,1.67,WAIT
PDF_00653,T 43545-2023_危险货物检验安全规范 超级电容器.pdf,/root/autodl-tmp/chemical_kb/data/pdf/标准/T 43545-2023_危险货物检验安全规范 超级电容器.pdf,标准,ACTIVE,现行,T43545-2023,2023,0.33,WAIT
PDF_00654,T 44165.7-2025_消费品中重点化学物质检测方法 第7部分：多氯萘.pdf,/root/autodl-tmp/chemical_kb/data/pdf/标准/T 44165.7-2025_消费品中重点化学物质检测方法 第7部分：多氯萘.pdf,标准,ACTIVE,现行,T44165.7-2025,2025,1.42,WAIT
PDF_00655,T 44165.8-2025_消费品中重点化学物质检测方法 第8部分：全氟辛烷磺酸（PFOS）和全氟辛酸（PFOA）.pdf,/root/autodl-tmp/chemical_kb/data/pdf/标准/T 44165.8-2025_消费品中重点化学物质检测方法 第8部分：全氟辛烷磺酸（PFOS）和全氟辛酸（PFOA）.pdf,标准,ACTIVE,现行,T44165.8-2025,2025,0.55,WAIT
PDF_00656,T 44165.9-2025_消费品中重点化学物质检测方法 第9部分：六溴环十二烷.pdf,/root/autodl-tmp/chemical_kb/data/pdf/标准/T 44165.9-2025_消费品中重点化学物质检测方法 第9部分：六溴环十二烷.pdf,标准,ACTIVE,现行,T44165.9-2025,2025,0.4,WAIT
PDF_00657,T 44394-2024_化学品粉尘爆炸危害识别和防护指南.pdf,/root/autodl-tmp/chemical_kb/data/pdf/标准/T 44394-2024_化学品粉尘爆炸危害识别和防护指南.pdf,标准,ACTIVE,现行,T44394-2024,2024,0.49,WAIT
PDF_00658,T 44706-2024_化学品 沉积物-水系统中河蚬毒性试验.pdf,/root/autodl-tmp/chemical_kb/data/pdf/标准/T 44706-2024_化学品 沉积物-水系统中河蚬毒性试验.pdf,标准,ACTIVE,现行,T44706-2024,2024,0.64,WAIT
PDF_00659,T 44707-2024_化学品 强化快速生物降解性试验.pdf,/root/autodl-tmp/chemical_kb/data/pdf/标准/T 44707-2024_化学品 强化快速生物降解性试验.pdf,标准,ACTIVE,现行,T44707-2024,2024,0.43,WAIT
PDF_00660,T 44708-2024_化学品 蚯蚓繁殖毒性试验.pdf,/root/autodl-tmp/chemical_kb/data/pdf/标准/T 44708-2024_化学品 蚯蚓繁殖毒性试验.pdf,标准,ACTIVE,现行,T44708-2024,2024,0.77,WAIT
PDF_00661,T 45215-2025_危险货物 自反应物质和有机过氧化物引爆试验方法.pdf,/root/autodl-tmp/chemical_kb/data/pdf/标准/T 45215-2025_危险货物 自反应物质和有机过氧化物引爆试验方法.pdf,标准,ACTIVE,现行,T45215-2025,2025,0.38,WAIT
PDF_00662,T 45216-2025_危险货物 自反应物质和有机过氧化物包装件爆燃试验方法.pdf,/root/autodl-tmp/chemical_kb/data/pdf/标准/T 45216-2025_危险货物 自反应物质和有机过氧化物包装件爆燃试验方法.pdf,标准,ACTIVE,现行,T45216-2025,2025,6.37,WAIT
PDF_00663,T 45217-2025_危险货物 自反应物质和有机过氧化物包装件引爆试验方法.pdf,/root/autodl-tmp/chemical_kb/data/pdf/标准/T 45217-2025_危险货物 自反应物质和有机过氧化物包装件引爆试验方法.pdf,标准,ACTIVE,现行,T45217-2025,2025,1.56,WAIT
PDF_00664,T 45218-2025_危险货物 自反应物质和有机过氧化物包装件热爆炸试验方法.pdf,/root/autodl-tmp/chemical_kb/data/pdf/标准/T 45218-2025_危险货物 自反应物质和有机过氧化物包装件热爆炸试验方法.pdf,标准,ACTIVE,现行,T45218-2025,2025,0.35,WAIT
PDF_00665,T 45219-2025_危险货物 自反应物质和有机过氧化物爆燃试验方法.pdf,/root/autodl-tmp/chemical_kb/data/pdf/标准/T 45219-2025_危险货物 自反应物质和有机过氧化物爆燃试验方法.pdf,标准,ACTIVE,现行,T45219-2025,2025,0.38,WAIT
PDF_00666,T 45237-2025_危险货物 自反应物质和有机过氧化物容器排气孔尺寸确定的试验方法.pdf,/root/autodl-tmp/chemical_kb/data/pdf/标准/T 45237-2025_危险货物 自反应物质和有机过氧化物容器排气孔尺寸确定的试验方法.pdf,标准,ACTIVE,现行,T45237-2025,2025,0.51,WAIT
PDF_00667,T 45451.1-2025_包装 塑料桶 第1部分：公称容量为113.6L至220L的可拆盖（开口）桶.pdf,/root/autodl-tmp/chemical_kb/data/pdf/标准/T 45451.1-2025_包装 塑料桶 第1部分：公称容量为113.6L至220L的可拆盖（开口）桶.pdf,标准,ACTIVE,现行,T45451.1-2025,2025,4.18,WAIT
PDF_00668,T 45453-2025_包装 药品包装的篡改验证特性.pdf,/root/autodl-tmp/chemical_kb/data/pdf/标准/T 45453-2025_包装 药品包装的篡改验证特性.pdf,标准,ACTIVE,现行,T45453-2025,2025,8.83,WAIT
PDF_00669,T 45456-2025_包装 折叠纸盒折痕挺度的测定.pdf,/root/autodl-tmp/chemical_kb/data/pdf/标准/T 45456-2025_包装 折叠纸盒折痕挺度的测定.pdf,标准,ACTIVE,现行,T45456-2025,2025,0.39,WAIT
PDF_00670,T 45638-2025_使用条形码和二维符号的电子元器件产品包装标签.pdf,/root/autodl-tmp/chemical_kb/data/pdf/标准/T 45638-2025_使用条形码和二维符号的电子元器件产品包装标签.pdf,标准,ACTIVE,现行,T45638-2025,2025,9.98,WAIT
PDF_00671,T 45702-2025_包装 危险货物运输包装 试验方法.pdf,/root/autodl-tmp/chemical_kb/data/pdf/标准/T 45702-2025_包装 危险货物运输包装 试验方法.pdf,标准,ACTIVE,现行,T45702-2025,2025,3.59,WAIT
PDF_00672,T 45911-2025_人工影响天气 作业用弹药存储安全要求.pdf,/root/autodl-tmp/chemical_kb/data/pdf/标准/T 45911-2025_人工影响天气 作业用弹药存储安全要求.pdf,标准,ACTIVE,现行,T45911-2025,2025,0.35,WAIT
PDF_00673,T 46136-2025_化学品 液态粪肥中的厌氧转化试验.pdf,/root/autodl-tmp/chemical_kb/data/pdf/标准/T 46136-2025_化学品 液态粪肥中的厌氧转化试验.pdf,标准,ACTIVE,现行,T46136-2025,2025,2.9,WAIT
PDF_00674,T 46140-2025_化学品 水-沉积物系统中穗状狐尾藻毒性试验.pdf,/root/autodl-tmp/chemical_kb/data/pdf/标准/T 46140-2025_化学品 水-沉积物系统中穗状狐尾藻毒性试验.pdf,标准,ACTIVE,现行,T46140-2025,2025,0.52,WAIT
PDF_00675,T 46144-2025_化学品 鱼类细胞系急性毒性 虹鳟鳃细胞系（RTgill-W1）试验.pdf,/root/autodl-tmp/chemical_kb/data/pdf/标准/T 46144-2025_化学品 鱼类细胞系急性毒性 虹鳟鳃细胞系（RTgill-W1）试验.pdf,标准,ACTIVE,现行,T46144-2025,2025,18.15,WAIT
PDF_00676,T 46250-2025_烟花爆竹生产企业防雷技术规范.pdf,/root/autodl-tmp/chemical_kb/data/pdf/标准/T 46250-2025_烟花爆竹生产企业防雷技术规范.pdf,标准,ACTIVE,现行,T46250-2025,2025,0.52,WAIT
PDF_00677,T 46549-2025_煤矿区煤层气地面抽采项目经济评价方法.pdf,/root/autodl-tmp/chemical_kb/data/pdf/标准/T 46549-2025_煤矿区煤层气地面抽采项目经济评价方法.pdf,标准,ACTIVE,现行,T46549-2025,2025,0.42,WAIT
PDF_00678,T 46908-2025_包装 危险货物运输包装 塑料包装和塑料中型散装容器（IBCs）的相容性试验.pdf,/root/autodl-tmp/chemical_kb/data/pdf/标准/T 46908-2025_包装 危险货物运输包装 塑料包装和塑料中型散装容器（IBCs）的相容性试验.pdf,标准,ACTIVE,现行,T46908-2025,2025,9.69,WAIT
PDF_00679,T 47163-2026_烟花爆竹基本环境试验规范 自由跌落和交变湿热试验方法.pdf,/root/autodl-tmp/chemical_kb/data/pdf/标准/T 47163-2026_烟花爆竹基本环境试验规范 自由跌落和交变湿热试验方法.pdf,标准,ACTIVE,现行,T47163-2026,2026,0.27,WAIT
PDF_00680,T 47164-2026_烟花爆竹用烟火药中铝、镁、钾和钡含量的测定 电感耦合等离子体发射光谱（ICP-OES）法.pdf,/root/autodl-tmp/chemical_kb/data/pdf/标准/T 47164-2026_烟花爆竹用烟火药中铝、镁、钾和钡含量的测定 电感耦合等离子体发射光谱（ICP-OES）法.pdf,标准,ACTIVE,现行,T47164-2026,2026,0.35,WAIT
PDF_00681,T 47167-2026_烟花爆竹 升空.pdf,/root/autodl-tmp/chemical_kb/data/pdf/标准/T 47167-2026_烟花爆竹 升空.pdf,标准,ACTIVE,现行,T47167-2026,2026,3.9,WAIT
PDF_00682,T 47168-2026_烟花爆竹 玩具.pdf,/root/autodl-tmp/chemical_kb/data/pdf/标准/T 47168-2026_烟花爆竹 玩具.pdf,标准,ACTIVE,现行,T47168-2026,2026,4.18,WAIT
PDF_00683,T 47169-2026_烟花爆竹 喷花.pdf,/root/autodl-tmp/chemical_kb/data/pdf/标准/T 47169-2026_烟花爆竹 喷花.pdf,标准,ACTIVE,现行,T47169-2026,2026,3.89,WAIT
PDF_00684,T 47170-2026_烟花爆竹 架子烟花.pdf,/root/autodl-tmp/chemical_kb/data/pdf/标准/T 47170-2026_烟花爆竹 架子烟花.pdf,标准,ACTIVE,现行,T47170-2026,2026,4.44,WAIT
PDF_00685,T 47171-2026_烟花爆竹 吐珠.pdf,/root/autodl-tmp/chemical_kb/data/pdf/标准/T 47171-2026_烟花爆竹 吐珠.pdf,标准,ACTIVE,现行,T47171-2026,2026,3.88,WAIT
PDF_00686,T 47172-2026_烟花爆竹 旋转.pdf,/root/autodl-tmp/chemical_kb/data/pdf/标准/T 47172-2026_烟花爆竹 旋转.pdf,标准,ACTIVE,现行,T47172-2026,2026,3.95,WAIT
PDF_00687,T 47173-2026_烟花爆竹 爆竹.pdf,/root/autodl-tmp/chemical_kb/data/pdf/标准/T 47173-2026_烟花爆竹 爆竹.pdf,标准,ACTIVE,现行,T47173-2026,2026,8.89,WAIT
PDF_00688,T 47287-2026_烟花爆竹用烟火药密度测定.pdf,/root/autodl-tmp/chemical_kb/data/pdf/标准/T 47287-2026_烟花爆竹用烟火药密度测定.pdf,标准,ACTIVE,现行,T47287-2026,2026,0.3,WAIT
PDF_00689,T 47320-2026_危险化学品企业防雷安全重大隐患判定.pdf,/root/autodl-tmp/chemical_kb/data/pdf/标准/T 47320-2026_危险化学品企业防雷安全重大隐患判定.pdf,标准,ACTIVE,现行,T47320-2026,2026,0.62,WAIT
PDF_00690,T 47394-2026_供热燃气锅炉烟气冷凝热能回收装置.pdf,/root/autodl-tmp/chemical_kb/data/pdf/标准/T 47394-2026_供热燃气锅炉烟气冷凝热能回收装置.pdf,标准,ACTIVE,现行,T47394-2026,2026,0.98,WAIT
PDF_00691,T 47548-2026_城镇压缩天然气（CNG）供气装置.pdf,/root/autodl-tmp/chemical_kb/data/pdf/标准/T 47548-2026_城镇压缩天然气（CNG）供气装置.pdf,标准,ACTIVE,现行,T47548-2026,2026,0.67,WAIT
PDF_00692,T 51455-2023_城镇燃气输配工程施工及验收标准.pdf,/root/autodl-tmp/chemical_kb/data/pdf/标准/T 51455-2023_城镇燃气输配工程施工及验收标准.pdf,标准,ACTIVE,现行,T51455-2023,2023,20.25,WAIT
PDF_00693,T 51474-2025_城镇燃气设施运行、维护和抢修安全技术标准.pdf,/root/autodl-tmp/chemical_kb/data/pdf/标准/T 51474-2025_城镇燃气设施运行、维护和抢修安全技术标准.pdf,标准,ACTIVE,现行,T51474-2025,2025,43.94,WAIT
PDF_00694,T 5332-2007_可燃液体和气体引燃温度试验方法.pdf,/root/autodl-tmp/chemical_kb/data/pdf/标准/T 5332-2007_可燃液体和气体引燃温度试验方法.pdf,标准,ACTIVE,现行,T5332-2007,2007,0.52,WAIT
PDF_00695,T 6543-2025_运输包装用单瓦楞纸箱和双瓦楞纸箱.pdf,/root/autodl-tmp/chemical_kb/data/pdf/标准/T 6543-2025_运输包装用单瓦楞纸箱和双瓦楞纸箱.pdf,标准,ACTIVE,现行,T6543-2025,2025,0.91,WAIT
PDF_00696,T 803-2008_空气中可燃气体爆炸指数测定方法.pdf,/root/autodl-tmp/chemical_kb/data/pdf/标准/T 803-2008_空气中可燃气体爆炸指数测定方法.pdf,标准,ACTIVE,现行,T803-2008,2008,0.29,WAIT
PDF_00697,TCCSAS 022-2022 危险化学品企业泄漏管理导则.pdf,/root/autodl-tmp/chemical_kb/data/pdf/标准/TCCSAS 022-2022 危险化学品企业泄漏管理导则.pdf,标准,ACTIVE,现行,,2022,1.19,WAIT
PDF_00698,TCCSAS 047-2023 危险化学品编码与标识技术规范.pdf,/root/autodl-tmp/chemical_kb/data/pdf/标准/TCCSAS 047-2023 危险化学品编码与标识技术规范.pdf,标准,ACTIVE,现行,,2023,9.63,WAIT
PDF_00699,TCCSAS 048-2023 危险化学品电子标签选型技术规范.pdf,/root/autodl-tmp/chemical_kb/data/pdf/标准/TCCSAS 048-2023 危险化学品电子标签选型技术规范.pdf,标准,ACTIVE,现行,,2023,0.29,WAIT
PDF_00700,TCCSAS 055-2025 用差示扫描量热法测定化学品热稳定性的标准试验方法.pdf,/root/autodl-tmp/chemical_kb/data/pdf/标准/TCCSAS 055-2025 用差示扫描量热法测定化学品热稳定性的标准试验方法.pdf,标准,ACTIVE,现行,,2025,1.46,WAIT
PDF_00701,TCCSAS 057-2025 化学品热稳定性的测试方法 绝热加速量热法.pdf,/root/autodl-tmp/chemical_kb/data/pdf/标准/TCCSAS 057-2025 化学品热稳定性的测试方法 绝热加速量热法.pdf,标准,ACTIVE,现行,,2025,7.16,WAIT
PDF_00702,WJ_T 9085-2024.pdf,/root/autodl-tmp/chemical_kb/data/pdf/标准/WJ_T 9085-2024.pdf,标准,ACTIVE,现行,T9085-2024,2024,0.82,WAIT
PDF_00703,WJ_T 9103-2024.pdf,/root/autodl-tmp/chemical_kb/data/pdf/标准/WJ_T 9103-2024.pdf,标准,ACTIVE,现行,T9103-2024,2024,0.17,WAIT
PDF_00704,WJ_T 9104-2024.pdf,/root/autodl-tmp/chemical_kb/data/pdf/标准/WJ_T 9104-2024.pdf,标准,ACTIVE,现行,T9104-2024,2024,0.16,WAIT
PDF_00705,WJ_T 9105-2024.pdf,/root/autodl-tmp/chemical_kb/data/pdf/标准/WJ_T 9105-2024.pdf,标准,ACTIVE,现行,T9105-2024,2024,0.39,WAIT
PDF_00706,WJ_T 9106-2024.pdf,/root/autodl-tmp/chemical_kb/data/pdf/标准/WJ_T 9106-2024.pdf,标准,ACTIVE,现行,T9106-2024,2024,0.36,WAIT
PDF_00707,XF_T 536.1-2013.pdf,/root/autodl-tmp/chemical_kb/data/pdf/标准/XF_T 536.1-2013.pdf,标准,ACTIVE,现行,T536.1-2013,2013,3.72,WAIT
PDF_00708,XF_T 536.2-2005.pdf,/root/autodl-tmp/chemical_kb/data/pdf/标准/XF_T 536.2-2005.pdf,标准,ACTIVE,现行,T536.2-2005,2005,1.64,WAIT
PDF_00709,XF_T 536.3-2005.pdf,/root/autodl-tmp/chemical_kb/data/pdf/标准/XF_T 536.3-2005.pdf,标准,ACTIVE,现行,T536.3-2005,2005,2.88,WAIT
PDF_00710,XF_T 536.4-2005.pdf,/root/autodl-tmp/chemical_kb/data/pdf/标准/XF_T 536.4-2005.pdf,标准,ACTIVE,现行,T536.4-2005,2005,1.71,WAIT
PDF_00711,XF_T 536.5-2005.pdf,/root/autodl-tmp/chemical_kb/data/pdf/标准/XF_T 536.5-2005.pdf,标准,ACTIVE,现行,T536.5-2005,2005,1.76,WAIT
PDF_00712,XF_T 536.6-2010.pdf,/root/autodl-tmp/chemical_kb/data/pdf/标准/XF_T 536.6-2010.pdf,标准,ACTIVE,现行,T536.6-2010,2010,4.42,WAIT
PDF_00713,YB_T 4490-2015.pdf,/root/autodl-tmp/chemical_kb/data/pdf/标准/YB_T 4490-2015.pdf,标准,ACTIVE,现行,T4490-2015,2015,2.21,WAIT
PDF_00714,GB 30000.25-2013_化学品分类和标签规范 第25部分.pdf,/root/autodl-tmp/chemical_kb/data/pdf/标准/GB 30000.25-2013_化学品分类和标签规范 第25部分.pdf,标准,ACTIVE,现行,,2013,1.23,WAIT
PDF_00715,T 17519.2-2003_化学品安全资料表 第2部分.pdf,/root/autodl-tmp/chemical_kb/data/pdf/标准/T 17519.2-2003_化学品安全资料表 第2部分.pdf,标准,ACTIVE,现行,T17519.2-2003,2003,0.63,WAIT
PDF_00716,DB11_T 1191.1-2018_实验室危险化学品安全管理规范 第1部分：工业企业.pdf,/root/autodl-tmp/chemical_kb/data/pdf/标准/已废止地方标准/DB11_T 1191.1-2018_实验室危险化学品安全管理规范 第1部分：工业企业.pdf,标准,ABOLISHED,废止,DB11/T1191.1-2018,2018,0.16,WAIT
PDF_00717,DB11_T 1191.2-2018_实验室危险化学品安全管理规范 第2部分：普通高等学校.pdf,/root/autodl-tmp/chemical_kb/data/pdf/标准/已废止地方标准/DB11_T 1191.2-2018_实验室危险化学品安全管理规范 第2部分：普通高等学校.pdf,标准,ABOLISHED,废止,DB11/T1191.2-2018,2018,0.16,WAIT
PDF_00718,DB11_T 1578-2018_医疗机构危险化学品安全管理规范.pdf,/root/autodl-tmp/chemical_kb/data/pdf/标准/已废止地方标准/DB11_T 1578-2018_医疗机构危险化学品安全管理规范.pdf,标准,ABOLISHED,废止,DB11/T1578-2018,2018,0.4,WAIT
PDF_00719,DB11_T 834-2015_烟花爆竹零售网点设置安全规范.pdf,/root/autodl-tmp/chemical_kb/data/pdf/标准/已废止地方标准/DB11_T 834-2015_烟花爆竹零售网点设置安全规范.pdf,标准,ABOLISHED,废止,DB11/T834-2015,2015,1.26,WAIT
PDF_00720,DB11_T 834-2020_烟花爆竹零售网点设置安全规范.pdf,/root/autodl-tmp/chemical_kb/data/pdf/标准/已废止地方标准/DB11_T 834-2020_烟花爆竹零售网点设置安全规范.pdf,标准,ABOLISHED,废止,DB11/T834-2020,2020,0.15,WAIT
PDF_00721,DB13_T 2263-2015_烟花爆竹、烟火剂重大危险源辨识与分级.pdf,/root/autodl-tmp/chemical_kb/data/pdf/标准/已废止地方标准/DB13_T 2263-2015_烟花爆竹、烟火剂重大危险源辨识与分级.pdf,标准,ABOLISHED,废止,DB13/T2263-2015,2015,0.13,WAIT
PDF_00722,DB2101_T 0128-2025_城镇燃气经营企业安全风险分级管控和隐患排查治理工作规范.pdf,/root/autodl-tmp/chemical_kb/data/pdf/标准/已废止地方标准/DB2101_T 0128-2025_城镇燃气经营企业安全风险分级管控和隐患排查治理工作规范.pdf,标准,ABOLISHED,废止,DB2101/T0128-2025,2025,0.84,WAIT
PDF_00723,DB31_T 1250-2020_危险化学品安全信息化监管技术规范　危险化学品编码.pdf,/root/autodl-tmp/chemical_kb/data/pdf/标准/已废止地方标准/DB31_T 1250-2020_危险化学品安全信息化监管技术规范　危险化学品编码.pdf,标准,ABOLISHED,废止,DB31/T1250-2020,2020,0.59,WAIT
PDF_00724,DB36_T 948-2017_氢氟酸使用与储存安全技术规范.pdf,/root/autodl-tmp/chemical_kb/data/pdf/标准/已废止地方标准/DB36_T 948-2017_氢氟酸使用与储存安全技术规范.pdf,标准,ABOLISHED,废止,DB36/T948-2017,2017,0.58,WAIT
PDF_00725,DB36_T 989-2017_液化天然气气瓶充装站安全技术条件.pdf,/root/autodl-tmp/chemical_kb/data/pdf/标准/已废止地方标准/DB36_T 989-2017_液化天然气气瓶充装站安全技术条件.pdf,标准,ABOLISHED,废止,DB36/T989-2017,2017,0.64,WAIT
PDF_00726,DB37_T 1914-2011_液氨存储与装卸作业安全技术规范.pdf,/root/autodl-tmp/chemical_kb/data/pdf/标准/已废止地方标准/DB37_T 1914-2011_液氨存储与装卸作业安全技术规范.pdf,标准,ABOLISHED,废止,DB37/T1914-2011,2011,0.81,WAIT
PDF_00727,DB37_T 997-2022_危险化学品作业场所警示标志标识规范.pdf,/root/autodl-tmp/chemical_kb/data/pdf/标准/已废止地方标准/DB37_T 997-2022_危险化学品作业场所警示标志标识规范.pdf,标准,ABOLISHED,废止,DB37/T997-2022,2022,8.57,WAIT
PDF_00728,DB45_T 2253-2021_农药原料包装桶清洗利用技术规程.pdf,/root/autodl-tmp/chemical_kb/data/pdf/标准/已废止地方标准/DB45_T 2253-2021_农药原料包装桶清洗利用技术规程.pdf,标准,ABOLISHED,废止,DB45/T2253-2021,2021,0.38,WAIT
PDF_00729,DB52_T 1171-2017_烟花爆竹安全规程.pdf,/root/autodl-tmp/chemical_kb/data/pdf/标准/已废止地方标准/DB52_T 1171-2017_烟花爆竹安全规程.pdf,标准,ABOLISHED,废止,DB52/T1171-2017,2017,0.7,WAIT
PDF_00730,19961220--劳动部、化学工业部关于颁发《工作场所安全使用化学品规定》的通知.pdf,/root/autodl-tmp/chemical_kb/data/pdf/法规/19961220--劳动部、化学工业部关于颁发《工作场所安全使用化学品规定》的通知.pdf,法规,ACTIVE,,,1996,0.21,WAIT
PDF_00731,20020420--重庆市天然气使用及设施安全管理办法.pdf,/root/autodl-tmp/chemical_kb/data/pdf/法规/20020420--重庆市天然气使用及设施安全管理办法.pdf,法规,ACTIVE,,,2002,0.19,WAIT
PDF_00732,20030611--江苏省液化石油气管理办法.pdf,/root/autodl-tmp/chemical_kb/data/pdf/法规/20030611--江苏省液化石油气管理办法.pdf,法规,ACTIVE,,,2003,0.2,WAIT
PDF_00733,20050525--剧毒化学品购买和公路运输许可证件管理办法（公安部令第77号）.pdf,/root/autodl-tmp/chemical_kb/data/pdf/法规/20050525--剧毒化学品购买和公路运输许可证件管理办法（公安部令第77号）.pdf,法规,ACTIVE,,,2005,0.21,WAIT
PDF_00734,20050722--宁夏回族自治区烟花爆竹安全管理条例.pdf,/root/autodl-tmp/chemical_kb/data/pdf/法规/20050722--宁夏回族自治区烟花爆竹安全管理条例.pdf,法规,ACTIVE,,,2005,0.21,WAIT
PDF_00735,20060108--山西省危险化学品安全管理办法.pdf,/root/autodl-tmp/chemical_kb/data/pdf/法规/20060108--山西省危险化学品安全管理办法.pdf,法规,ACTIVE,,,2006,0.2,WAIT
PDF_00736,20060405--非药品类易制毒化学品生产、经营许可办法（国家安全生产监督管理总局令第5号）.pdf,/root/autodl-tmp/chemical_kb/data/pdf/法规/20060405--非药品类易制毒化学品生产、经营许可办法（国家安全生产监督管理总局令第5号）.pdf,法规,ACTIVE,,,2006,0.2,WAIT
PDF_00737,20060413--湖北省燃放烟花爆竹若干规定.pdf,/root/autodl-tmp/chemical_kb/data/pdf/法规/20060413--湖北省燃放烟花爆竹若干规定.pdf,法规,ACTIVE,,,2006,0.16,WAIT
PDF_00738,20060523--内蒙古自治区危险化学品安全管理实施办法.pdf,/root/autodl-tmp/chemical_kb/data/pdf/法规/20060523--内蒙古自治区危险化学品安全管理实施办法.pdf,法规,ACTIVE,,,2006,0.22,WAIT
PDF_00739,20060822--易制毒化学品购销和运输管理办法(公安部令第87号).pdf,/root/autodl-tmp/chemical_kb/data/pdf/法规/20060822--易制毒化学品购销和运输管理办法(公安部令第87号).pdf,法规,ACTIVE,,,2006,0.21,WAIT
PDF_00740,20061109--民用爆炸物品品名表（2006年）.pdf,/root/autodl-tmp/chemical_kb/data/pdf/法规/20061109--民用爆炸物品品名表（2006年）.pdf,法规,ACTIVE,,,2006,0.14,WAIT
PDF_00741,20070728--湖北省燃气管理条例.pdf,/root/autodl-tmp/chemical_kb/data/pdf/法规/20070728--湖北省燃气管理条例.pdf,法规,ACTIVE,,,2007,0.2,WAIT
PDF_00742,20071212--国家安全监管总局关于印发《危险化学品建设项目安全评价细则（试行）》的通知.pdf,/root/autodl-tmp/chemical_kb/data/pdf/法规/20071212--国家安全监管总局关于印发《危险化学品建设项目安全评价细则（试行）》的通知.pdf,法规,ACTIVE,,,2007,0.31,WAIT
PDF_00743,20080904--天津市危险化学品安全管理办法.pdf,/root/autodl-tmp/chemical_kb/data/pdf/法规/20080904--天津市危险化学品安全管理办法.pdf,法规,ACTIVE,,,2008,0.2,WAIT
PDF_00744,20080914--关于进一步加强危险化学品安全生产工作的指导意见(安委办〔2008〕26号).pdf,/root/autodl-tmp/chemical_kb/data/pdf/法规/20080914--关于进一步加强危险化学品安全生产工作的指导意见(安委办〔2008〕26号).pdf,法规,ACTIVE,,,2008,0.22,WAIT
PDF_00745,20090407--新疆维吾尔自治区民用爆炸物品安全管理办法.pdf,/root/autodl-tmp/chemical_kb/data/pdf/法规/20090407--新疆维吾尔自治区民用爆炸物品安全管理办法.pdf,法规,ACTIVE,,,2009,0.17,WAIT
PDF_00746,20100318---药品类易制毒化学品管理办法.pdf,/root/autodl-tmp/chemical_kb/data/pdf/法规/20100318---药品类易制毒化学品管理办法.pdf,法规,ACTIVE,,,2010,0.48,WAIT
PDF_00747,20100602--广东省燃气管理条例.pdf,/root/autodl-tmp/chemical_kb/data/pdf/法规/20100602--广东省燃气管理条例.pdf,法规,ACTIVE,,,2010,0.22,WAIT
PDF_00748,2010129--关于烟花爆竹生产经营企业贯彻落实《国务院关于进一步加强企业安全生产工作的通知》的实施意见（安委办〔2010〕30号）.pdf,/root/autodl-tmp/chemical_kb/data/pdf/法规/2010129--关于烟花爆竹生产经营企业贯彻落实《国务院关于进一步加强企业安全生产工作的通知》的实施意见（安委办〔2010〕30号）.pdf,法规,ACTIVE,,,2010,0.24,WAIT
PDF_00749,20110108--监控化学品管理条例（2011修正本）.pdf,/root/autodl-tmp/chemical_kb/data/pdf/法规/20110108--监控化学品管理条例（2011修正本）.pdf,法规,ACTIVE,,,2011,0.17,WAIT
PDF_00750,20110621--关于公布首批重点监管的危险化学品名录的通知(安监总管三〔2011〕95号).pdf,/root/autodl-tmp/chemical_kb/data/pdf/法规/20110621--关于公布首批重点监管的危险化学品名录的通知(安监总管三〔2011〕95号).pdf,法规,ACTIVE,,,2011,0.18,WAIT
PDF_00751,20110701--印发首批重点监管的危险化学品安全措施和应急处置原则的通知（安监总厅管三〔2011〕142号）.pdf,/root/autodl-tmp/chemical_kb/data/pdf/法规/20110701--印发首批重点监管的危险化学品安全措施和应急处置原则的通知（安监总厅管三〔2011〕142号）.pdf,法规,ACTIVE,,,2011,1.14,WAIT
PDF_00752,20120319--民用爆炸物品进出口管理办法（工业和信息化部令第21号）.pdf,/root/autodl-tmp/chemical_kb/data/pdf/法规/20120319--民用爆炸物品进出口管理办法（工业和信息化部令第21号）.pdf,法规,ACTIVE,,,2012,0.15,WAIT
PDF_00753,20120331--福建省燃气管理条例.pdf,/root/autodl-tmp/chemical_kb/data/pdf/法规/20120331--福建省燃气管理条例.pdf,法规,ACTIVE,,,2012,0.23,WAIT
PDF_00754,20120530--国家安全监管总局关于使用危险化学品单位安全监管有关问题的复函.pdf,/root/autodl-tmp/chemical_kb/data/pdf/法规/20120530--国家安全监管总局关于使用危险化学品单位安全监管有关问题的复函.pdf,法规,ACTIVE,,,2012,0.07,WAIT
PDF_00755,20120701--危险化学品登记管理办法（总局令第53号）.pdf,/root/autodl-tmp/chemical_kb/data/pdf/法规/20120701--危险化学品登记管理办法（总局令第53号）.pdf,法规,ACTIVE,,,2012,0.2,WAIT
PDF_00756,20121017--国家安全监管总局办公厅关于危险化学品经营许可有关事项的通知.pdf,/root/autodl-tmp/chemical_kb/data/pdf/法规/20121017--国家安全监管总局办公厅关于危险化学品经营许可有关事项的通知.pdf,法规,ACTIVE,,,2012,0.08,WAIT
PDF_00757,20130115--关于印发《民用爆炸物品企业安全生产标准化管理通则》的通知（工信部安[2013]20号）.pdf,/root/autodl-tmp/chemical_kb/data/pdf/法规/20130115--关于印发《民用爆炸物品企业安全生产标准化管理通则》的通知（工信部安[2013]20号）.pdf,法规,ACTIVE,,,2013,0.25,WAIT
PDF_00758,20130205--关于公布第二批重点监管危险化学品名录的通知(安监总管三〔2013〕12号).pdf,/root/autodl-tmp/chemical_kb/data/pdf/法规/20130205--关于公布第二批重点监管危险化学品名录的通知(安监总管三〔2013〕12号).pdf,法规,ACTIVE,,,2013,0.42,WAIT
PDF_00759,20130221--危险化学品安全使用许可适用行业目录（2013 年版）.pdf,/root/autodl-tmp/chemical_kb/data/pdf/法规/20130221--危险化学品安全使用许可适用行业目录（2013 年版）.pdf,法规,ACTIVE,,,2013,0.18,WAIT
PDF_00760,20130419--危险化学品使用量的数量标准（2013年版）.pdf,/root/autodl-tmp/chemical_kb/data/pdf/法规/20130419--危险化学品使用量的数量标准（2013年版）.pdf,法规,ACTIVE,,,2013,0.13,WAIT
PDF_00761,20130508--广西壮族自治区实施《危险化学品安全管理条例》办法.pdf,/root/autodl-tmp/chemical_kb/data/pdf/法规/20130508--广西壮族自治区实施《危险化学品安全管理条例》办法.pdf,法规,ACTIVE,,,2013,0.19,WAIT
PDF_00762,20130710--化学品物理危险性鉴定与分类管理办法（总局令第60号）及解读.pdf,/root/autodl-tmp/chemical_kb/data/pdf/法规/20130710--化学品物理危险性鉴定与分类管理办法（总局令第60号）及解读.pdf,法规,ACTIVE,,,2013,0.24,WAIT
PDF_00763,20130909--湖北省危险化学品安全管理办法.pdf,/root/autodl-tmp/chemical_kb/data/pdf/法规/20130909--湖北省危险化学品安全管理办法.pdf,法规,ACTIVE,,,2013,0.22,WAIT
PDF_00764,20130925--海南省燃气管理条例.pdf,/root/autodl-tmp/chemical_kb/data/pdf/法规/20130925--海南省燃气管理条例.pdf,法规,ACTIVE,,,2013,0.2,WAIT
PDF_00765,20131130--重庆市液化石油气经营管理条例.pdf,/root/autodl-tmp/chemical_kb/data/pdf/法规/20131130--重庆市液化石油气经营管理条例.pdf,法规,ACTIVE,,,2013,0.18,WAIT
PDF_00766,20131216--重庆市民用爆炸物品安全管理办法.pdf,/root/autodl-tmp/chemical_kb/data/pdf/法规/20131216--重庆市民用爆炸物品安全管理办法.pdf,法规,ACTIVE,,,2013,0.15,WAIT
PDF_00767,20140411--民用爆炸物品生产企业门禁式定员监控系统安全技术条件（修订）（工安函〔2014〕31号）.pdf,/root/autodl-tmp/chemical_kb/data/pdf/法规/20140411--民用爆炸物品生产企业门禁式定员监控系统安全技术条件（修订）（工安函〔2014〕31号）.pdf,法规,ACTIVE,,,2014,0.28,WAIT
PDF_00768,20140616--关于印发企业非药品类易制毒化学品规范化管理指南的通知（安监总厅管三〔2014〕70号）.pdf,/root/autodl-tmp/chemical_kb/data/pdf/法规/20140616--关于印发企业非药品类易制毒化学品规范化管理指南的通知（安监总厅管三〔2014〕70号）.pdf,法规,ACTIVE,,,2014,0.29,WAIT
PDF_00769,20140729--民用爆炸物品安全管理条例（2014年修正本）.pdf,/root/autodl-tmp/chemical_kb/data/pdf/法规/20140729--民用爆炸物品安全管理条例（2014年修正本）.pdf,法规,ACTIVE,,,2014,0.27,WAIT
PDF_00770,上海市燃气条例_20251126.pdf,/root/autodl-tmp/chemical_kb/data/pdf/法规/上海市燃气条例_20251126.pdf,法规,ACTIVE,,,2025,0.23,WAIT
PDF_00771,20141011--关于印发光气及光气化产品安全生产管理指南的通知（安监总厅管三〔2014〕104号）.pdf,/root/autodl-tmp/chemical_kb/data/pdf/法规/20141011--关于印发光气及光气化产品安全生产管理指南的通知（安监总厅管三〔2014〕104号）.pdf,法规,ACTIVE,,,2014,0.89,WAIT
PDF_00772,20141128--山西省燃气管理条例.pdf,/root/autodl-tmp/chemical_kb/data/pdf/法规/20141128--山西省燃气管理条例.pdf,法规,ACTIVE,,,2014,0.2,WAIT
PDF_00773,20150227--危险化学品目录2015版.pdf,/root/autodl-tmp/chemical_kb/data/pdf/法规/20150227--危险化学品目录2015版.pdf,法规,ACTIVE,,,2015,0.82,WAIT
PDF_00774,20150429--民用爆炸物品销售许可实施办法（2015年修正本）.pdf,/root/autodl-tmp/chemical_kb/data/pdf/法规/20150429--民用爆炸物品销售许可实施办法（2015年修正本）.pdf,法规,ACTIVE,,,2015,0.24,WAIT
PDF_00775,20150519--民用爆炸物品安全生产许可实施办法（工业和信息化部令第30号）.pdf,/root/autodl-tmp/chemical_kb/data/pdf/法规/20150519--民用爆炸物品安全生产许可实施办法（工业和信息化部令第30号）.pdf,法规,ACTIVE,,,2015,0.2,WAIT
PDF_00776,20150527--危险化学品建设项目安全监督管理办法（2015年修正本）.pdf,/root/autodl-tmp/chemical_kb/data/pdf/法规/20150527--危险化学品建设项目安全监督管理办法（2015年修正本）.pdf,法规,ACTIVE,,,2015,0.24,WAIT
PDF_00777,20150527--危险化学品经营许可证管理办法（2015年修正本）.pdf,/root/autodl-tmp/chemical_kb/data/pdf/法规/20150527--危险化学品经营许可证管理办法（2015年修正本）.pdf,法规,ACTIVE,,,2015,0.24,WAIT
PDF_00778,20150527--危险化学品输送管道安全管理规定（2015年修正本）.pdf,/root/autodl-tmp/chemical_kb/data/pdf/法规/20150527--危险化学品输送管道安全管理规定（2015年修正本）.pdf,法规,ACTIVE,,,2015,0.26,WAIT
PDF_00779,20150528--陕西省燃气管理条例.pdf,/root/autodl-tmp/chemical_kb/data/pdf/法规/20150528--陕西省燃气管理条例.pdf,法规,ACTIVE,,,2015,0.21,WAIT
PDF_00780,20150614--辽宁省民用爆炸物品安全管理办法.pdf,/root/autodl-tmp/chemical_kb/data/pdf/法规/20150614--辽宁省民用爆炸物品安全管理办法.pdf,法规,ACTIVE,,,2015,0.18,WAIT
PDF_00781,20150819--关于印发危险化学品目录(2015版)实施指南 (试行 )的通知（安监总厅管三〔2015〕80号）.pdf,/root/autodl-tmp/chemical_kb/data/pdf/法规/20150819--关于印发危险化学品目录(2015版)实施指南 (试行 )的通知（安监总厅管三〔2015〕80号）.pdf,法规,ACTIVE,,,2015,1.93,WAIT
PDF_00782,20150907--天津市危险化学品企业安全治理规定.pdf,/root/autodl-tmp/chemical_kb/data/pdf/法规/20150907--天津市危险化学品企业安全治理规定.pdf,法规,ACTIVE,,,2015,0.2,WAIT
PDF_00783,20150930--宁夏回族自治区燃气管理条例.pdf,/root/autodl-tmp/chemical_kb/data/pdf/法规/20150930--宁夏回族自治区燃气管理条例.pdf,法规,ACTIVE,,,2015,0.23,WAIT
PDF_00784,20151201--危险化学品重大危险源监督管理暂行规定（2015年修正本）.pdf,/root/autodl-tmp/chemical_kb/data/pdf/法规/20151201--危险化学品重大危险源监督管理暂行规定（2015年修正本）.pdf,法规,ACTIVE,,,2015,0.35,WAIT
PDF_00785,20151216--湖北省烟花爆竹安全管理办法.pdf,/root/autodl-tmp/chemical_kb/data/pdf/法规/20151216--湖北省烟花爆竹安全管理办法.pdf,法规,ACTIVE,,,2015,0.19,WAIT
PDF_00786,20151230--上海市烟花爆竹安全管理条例.pdf,/root/autodl-tmp/chemical_kb/data/pdf/法规/20151230--上海市烟花爆竹安全管理条例.pdf,法规,ACTIVE,,,2015,0.17,WAIT
PDF_00787,20160206--城镇燃气管理条例（2016年修正本）.pdf,/root/autodl-tmp/chemical_kb/data/pdf/法规/20160206--城镇燃气管理条例（2016年修正本）.pdf,法规,ACTIVE,,,2016,0.23,WAIT
PDF_00788,20160330--山东省燃气管理条例.pdf,/root/autodl-tmp/chemical_kb/data/pdf/法规/20160330--山东省燃气管理条例.pdf,法规,ACTIVE,,,2016,0.19,WAIT
PDF_00789,20160603--遏制危险化学品和烟花爆竹重特大事故工作意见（安监总管三〔2016〕62号）.pdf,/root/autodl-tmp/chemical_kb/data/pdf/法规/20160603--遏制危险化学品和烟花爆竹重特大事故工作意见（安监总管三〔2016〕62号）.pdf,法规,ACTIVE,,,2016,0.2,WAIT
PDF_00790,20160623--上海市燃气管理条例.pdf,/root/autodl-tmp/chemical_kb/data/pdf/法规/20160623--上海市燃气管理条例.pdf,法规,ACTIVE,,,2016,0.23,WAIT
PDF_00791,20160905--上海市危险化学品安全管理办法.pdf,/root/autodl-tmp/chemical_kb/data/pdf/法规/20160905--上海市危险化学品安全管理办法.pdf,法规,ACTIVE,,,2016,0.27,WAIT
PDF_00792,20161130--四川省燃气管理条例.pdf,/root/autodl-tmp/chemical_kb/data/pdf/法规/20161130--四川省燃气管理条例.pdf,法规,ACTIVE,,,2016,0.2,WAIT
PDF_00793,20170306--危化、烟花爆竹企业、油气罐区防火防爆十条规定(安监总政法〔2017〕15号).pdf,/root/autodl-tmp/chemical_kb/data/pdf/法规/20170306--危化、烟花爆竹企业、油气罐区防火防爆十条规定(安监总政法〔2017〕15号).pdf,法规,ACTIVE,,,2017,0.15,WAIT
PDF_00794,20170306--危险化学品安全使用许可证实施办法（2017年修正本）.pdf,/root/autodl-tmp/chemical_kb/data/pdf/法规/20170306--危险化学品安全使用许可证实施办法（2017年修正本）.pdf,法规,ACTIVE,,,2017,0.23,WAIT
PDF_00795,20170306--危险化学品生产企业安全生产许可证实施办法（2017年修正本）.pdf,/root/autodl-tmp/chemical_kb/data/pdf/法规/20170306--危险化学品生产企业安全生产许可证实施办法（2017年修正本）.pdf,法规,ACTIVE,,,2017,0.22,WAIT
PDF_00796,20170306--烟花爆竹企业保障生产安全十条规定(安监总政法〔2017〕15号).pdf,/root/autodl-tmp/chemical_kb/data/pdf/法规/20170306--烟花爆竹企业保障生产安全十条规定(安监总政法〔2017〕15号).pdf,法规,ACTIVE,,,2017,0.1,WAIT
PDF_00797,20170316--农药管理条例（国务院令第677号）.pdf,/root/autodl-tmp/chemical_kb/data/pdf/法规/20170316--农药管理条例（国务院令第677号）.pdf,法规,ACTIVE,,,2017,0.25,WAIT
PDF_00798,20170414--河南省《民用爆炸物品安全管理条例》实施办法.pdf,/root/autodl-tmp/chemical_kb/data/pdf/法规/20170414--河南省《民用爆炸物品安全管理条例》实施办法.pdf,法规,ACTIVE,,,2017,0.19,WAIT
PDF_00799,20170428--上海市危险化学品经营许可工作实施细则.pdf,/root/autodl-tmp/chemical_kb/data/pdf/法规/20170428--上海市危险化学品经营许可工作实施细则.pdf,法规,ACTIVE,,,2017,0.18,WAIT
PDF_00800,20170511--易制爆危险化学品名录（2017年版）.pdf,/root/autodl-tmp/chemical_kb/data/pdf/法规/20170511--易制爆危险化学品名录（2017年版）.pdf,法规,ACTIVE,,,2017,0.14,WAIT
PDF_00801,20171113--烟花爆竹生产经营单位重大生产安全事故隐患判定标准（试行）（安监总管三〔2017〕121号）及解读.pdf,/root/autodl-tmp/chemical_kb/data/pdf/法规/20171113--烟花爆竹生产经营单位重大生产安全事故隐患判定标准（试行）（安监总管三〔2017〕121号）及解读.pdf,法规,ACTIVE,,,2017,0.26,WAIT
PDF_00802,20171201--北京市烟花爆竹安全管理规定.pdf,/root/autodl-tmp/chemical_kb/data/pdf/法规/20171201--北京市烟花爆竹安全管理规定.pdf,法规,ACTIVE,,,2017,0.16,WAIT
PDF_00803,20171222--关于将4-苯胺基-N-苯乙基哌啶等5种物质列入易制毒化学品管理的公告.pdf,/root/autodl-tmp/chemical_kb/data/pdf/法规/20171222--关于将4-苯胺基-N-苯乙基哌啶等5种物质列入易制毒化学品管理的公告.pdf,法规,ACTIVE,,,2017,0.14,WAIT
PDF_00804,20180109--天津市危险化学品安全管理办法（市政府第29号令2018年修正）.pdf,/root/autodl-tmp/chemical_kb/data/pdf/法规/20180109--天津市危险化学品安全管理办法（市政府第29号令2018年修正）.pdf,法规,ACTIVE,,,2018,0.17,WAIT
PDF_00805,20180115--烟花爆竹生产经营安全规定（国家安全生产监督管理总局令第93号）.pdf,/root/autodl-tmp/chemical_kb/data/pdf/法规/20180115--烟花爆竹生产经营安全规定（国家安全生产监督管理总局令第93号）.pdf,法规,ACTIVE,,,2018,0.22,WAIT
PDF_00806,20180225--关于涉氨制冷企业液氨使用专项治理工作情况的通报（安委办〔2018〕7号）.pdf,/root/autodl-tmp/chemical_kb/data/pdf/法规/20180225--关于涉氨制冷企业液氨使用专项治理工作情况的通报（安委办〔2018〕7号）.pdf,法规,ACTIVE,,,2018,0.3,WAIT
PDF_00807,20180408--省安委会关于加强口岸危险化学品安全管理的意见.pdf,/root/autodl-tmp/chemical_kb/data/pdf/法规/20180408--省安委会关于加强口岸危险化学品安全管理的意见.pdf,法规,ACTIVE,,,2018,0.17,WAIT
PDF_00808,20180628--黑龙江省城镇燃气管理条例(2018年修正）.pdf,/root/autodl-tmp/chemical_kb/data/pdf/法规/20180628--黑龙江省城镇燃气管理条例(2018年修正）.pdf,法规,ACTIVE,,,2018,0.29,WAIT
PDF_00809,20180702--《中华人民共和国监控化学品管理条例》实施细则（工业和信息化部令第48号）.pdf,/root/autodl-tmp/chemical_kb/data/pdf/法规/20180702--《中华人民共和国监控化学品管理条例》实施细则（工业和信息化部令第48号）.pdf,法规,ACTIVE,,,2018,0.22,WAIT
PDF_00810,20180918--易制毒化学品管理条例（2018年修正本）.pdf,/root/autodl-tmp/chemical_kb/data/pdf/法规/20180918--易制毒化学品管理条例（2018年修正本）.pdf,法规,ACTIVE,,,2018,0.26,WAIT
PDF_00811,20180921--新疆维吾尔自治区煤炭石油天然气开发环境保护条例.pdf,/root/autodl-tmp/chemical_kb/data/pdf/法规/20180921--新疆维吾尔自治区煤炭石油天然气开发环境保护条例.pdf,法规,ACTIVE,,,2018,0.2,WAIT
PDF_00812,20181016--天津市烟花爆竹安全管理办法.pdf,/root/autodl-tmp/chemical_kb/data/pdf/法规/20181016--天津市烟花爆竹安全管理办法.pdf,法规,ACTIVE,,,2018,0.16,WAIT
PDF_00813,20181109--民用爆炸物品生产许可实施办法（工业和信息化部令第49号）.pdf,/root/autodl-tmp/chemical_kb/data/pdf/法规/20181109--民用爆炸物品生产许可实施办法（工业和信息化部令第49号）.pdf,法规,ACTIVE,,,2018,0.31,WAIT
PDF_00814,20181106--民用爆炸物品生产和销售企业安全生产培训管理办法（工信厅安全〔2018〕77号）.pdf,/root/autodl-tmp/chemical_kb/data/pdf/法规/20181106--民用爆炸物品生产和销售企业安全生产培训管理办法（工信厅安全〔2018〕77号）.pdf,法规,ACTIVE,,,2018,0.17,WAIT
PDF_00815,20181128--青海省燃气管理条例.pdf,/root/autodl-tmp/chemical_kb/data/pdf/法规/20181128--青海省燃气管理条例.pdf,法规,ACTIVE,,,2018,0.2,WAIT
PDF_00816,20181130--吉林省燃气管理条例.pdf,/root/autodl-tmp/chemical_kb/data/pdf/法规/20181130--吉林省燃气管理条例.pdf,法规,ACTIVE,,,2018,0.17,WAIT
PDF_00817,20181207--陕西省危化品道路运输重点区域安全监管方案.pdf,/root/autodl-tmp/chemical_kb/data/pdf/法规/20181207--陕西省危化品道路运输重点区域安全监管方案.pdf,法规,ACTIVE,,,2018,0.2,WAIT
PDF_00818,20190103--航空运输危险品目录（2019年版）.pdf,/root/autodl-tmp/chemical_kb/data/pdf/法规/20190103--航空运输危险品目录（2019年版）.pdf,法规,ACTIVE,,,2019,1.74,WAIT
PDF_00819,20190329--安徽省城镇燃气条例.pdf,/root/autodl-tmp/chemical_kb/data/pdf/法规/20190329--安徽省城镇燃气条例.pdf,法规,ACTIVE,,,2019,0.22,WAIT
PDF_00820,20190531--重庆市天然气管理条例.pdf,/root/autodl-tmp/chemical_kb/data/pdf/法规/20190531--重庆市天然气管理条例.pdf,法规,ACTIVE,,,2019,0.23,WAIT
PDF_00821,20190705--内河禁运危险化学品目录（2019版）及解读.pdf,/root/autodl-tmp/chemical_kb/data/pdf/法规/20190705--内河禁运危险化学品目录（2019版）及解读.pdf,法规,ACTIVE,,,2019,0.42,WAIT
PDF_00822,20190706--易制爆危险化学品治安管理办法（公安部令第154号 ）.pdf,/root/autodl-tmp/chemical_kb/data/pdf/法规/20190706--易制爆危险化学品治安管理办法（公安部令第154号 ）.pdf,法规,ACTIVE,,,2019,0.2,WAIT
PDF_00823,20190829--关于开展瓶装液化石油气安全专项治理工作的通知（安委办〔2019〕13号）.pdf,/root/autodl-tmp/chemical_kb/data/pdf/法规/20190829--关于开展瓶装液化石油气安全专项治理工作的通知（安委办〔2019〕13号）.pdf,法规,ACTIVE,,,2019,0.19,WAIT
PDF_00824,20190929--江西省烟花爆竹安全管理办法.pdf,/root/autodl-tmp/chemical_kb/data/pdf/法规/20190929--江西省烟花爆竹安全管理办法.pdf,法规,ACTIVE,,,2019,0.21,WAIT
PDF_00825,20191127--江西省燃气管理办法.pdf,/root/autodl-tmp/chemical_kb/data/pdf/法规/20191127--江西省燃气管理办法.pdf,法规,ACTIVE,,,2019,0.2,WAIT
PDF_00826,20191129--河北省燃气管理条例.pdf,/root/autodl-tmp/chemical_kb/data/pdf/法规/20191129--河北省燃气管理条例.pdf,法规,ACTIVE,,,2019,0.22,WAIT
PDF_00827,20191225--民用爆炸物品生产和销售企业安全生产培训大纲（工信厅安全〔2019〕94号）.pdf,/root/autodl-tmp/chemical_kb/data/pdf/法规/20191225--民用爆炸物品生产和销售企业安全生产培训大纲（工信厅安全〔2019〕94号）.pdf,法规,ACTIVE,,,2019,0.36,WAIT
PDF_00828,20191231--宁夏回族自治区危险化学品安全管理办法.pdf,/root/autodl-tmp/chemical_kb/data/pdf/法规/20191231--宁夏回族自治区危险化学品安全管理办法.pdf,法规,ACTIVE,,,2019,0.19,WAIT
PDF_00829,20200109--江苏省燃气管理条例.pdf,/root/autodl-tmp/chemical_kb/data/pdf/法规/20200109--江苏省燃气管理条例.pdf,法规,ACTIVE,,,2020,0.23,WAIT
PDF_00830,20200226--关于全面加强危险化学品安全生产工作的意见及答记者问.pdf,/root/autodl-tmp/chemical_kb/data/pdf/法规/20200226--关于全面加强危险化学品安全生产工作的意见及答记者问.pdf,法规,ACTIVE,,,2020,0.29,WAIT
PDF_00831,20200317--河南省城镇燃气管理办法.pdf,/root/autodl-tmp/chemical_kb/data/pdf/法规/20200317--河南省城镇燃气管理办法.pdf,法规,ACTIVE,,,2020,0.2,WAIT
PDF_00832,20200414--关于将经营危险化学品类制冷剂企业纳入危险化学品经营许可管理范畴的通知.pdf,/root/autodl-tmp/chemical_kb/data/pdf/法规/20200414--关于将经营危险化学品类制冷剂企业纳入危险化学品经营许可管理范畴的通知.pdf,法规,ACTIVE,,,2020,0.12,WAIT
PDF_00833,20200430--浙江省工贸企业危险化学品使用安全管理指南（试行）.pdf,/root/autodl-tmp/chemical_kb/data/pdf/法规/20200430--浙江省工贸企业危险化学品使用安全管理指南（试行）.pdf,法规,ACTIVE,,,2020,0.51,WAIT
PDF_00834,20200530--特别管控危险化学品目录(第一版).pdf,/root/autodl-tmp/chemical_kb/data/pdf/法规/20200530--特别管控危险化学品目录(第一版).pdf,法规,ACTIVE,,,2020,0.58,WAIT
PDF_00835,20200603--各类监控化学品名录（工业和信息化部令第52号）.pdf,/root/autodl-tmp/chemical_kb/data/pdf/法规/20200603--各类监控化学品名录（工业和信息化部令第52号）.pdf,法规,ACTIVE,,,2020,0.21,WAIT
PDF_00836,20200725--宁夏回族自治区关于全面加强危险化学品安全生产工作的实施意见.pdf,/root/autodl-tmp/chemical_kb/data/pdf/法规/20200725--宁夏回族自治区关于全面加强危险化学品安全生产工作的实施意见.pdf,法规,ACTIVE,,,2020,0.23,WAIT
PDF_00837,20200813--关于进一步提升硝化企业本质安全水平的指导意见.pdf,/root/autodl-tmp/chemical_kb/data/pdf/法规/20200813--关于进一步提升硝化企业本质安全水平的指导意见.pdf,法规,ACTIVE,,,2020,0.19,WAIT
PDF_00838,20200827--云南省燃气管理办法.pdf,/root/autodl-tmp/chemical_kb/data/pdf/法规/20200827--云南省燃气管理办法.pdf,法规,ACTIVE,,,2020,0.18,WAIT
PDF_00839,20200924--浙江省燃气管理条例.pdf,/root/autodl-tmp/chemical_kb/data/pdf/法规/20200924--浙江省燃气管理条例.pdf,法规,ACTIVE,,,2020,0.2,WAIT
PDF_00840,20200925--北京市燃气管理条例.pdf,/root/autodl-tmp/chemical_kb/data/pdf/法规/20200925--北京市燃气管理条例.pdf,法规,ACTIVE,,,2020,0.24,WAIT
PDF_00841,20201001--上海市液化石油气管理办法.pdf,/root/autodl-tmp/chemical_kb/data/pdf/法规/20201001--上海市液化石油气管理办法.pdf,法规,ACTIVE,,,2020,0.19,WAIT
PDF_00842,20201014--上海市农药管理规定.pdf,/root/autodl-tmp/chemical_kb/data/pdf/法规/20201014--上海市农药管理规定.pdf,法规,ACTIVE,,,2020,0.21,WAIT
PDF_00843,20201229--广东省应急管理厅关于加强工业制造业企业使用危险化学品安全管理工作的通知.pdf,/root/autodl-tmp/chemical_kb/data/pdf/法规/20201229--广东省应急管理厅关于加强工业制造业企业使用危险化学品安全管理工作的通知.pdf,法规,ACTIVE,,,2020,0.36,WAIT
PDF_00844,20210129--危险化学品经营许可（不带储存经营）告知承诺实施细则（试行）.pdf,/root/autodl-tmp/chemical_kb/data/pdf/法规/20210129--危险化学品经营许可（不带储存经营）告知承诺实施细则（试行）.pdf,法规,ACTIVE,,,2021,0.33,WAIT
PDF_00845,20210209--山西省城乡燃气使用安全管理规定.pdf,/root/autodl-tmp/chemical_kb/data/pdf/法规/20210209--山西省城乡燃气使用安全管理规定.pdf,法规,ACTIVE,,,2021,0.17,WAIT
PDF_00846,20210225--内蒙古自治区石油天然气管道保护监管办法.pdf,/root/autodl-tmp/chemical_kb/data/pdf/法规/20210225--内蒙古自治区石油天然气管道保护监管办法.pdf,法规,ACTIVE,,,2021,0.2,WAIT
PDF_00847,20210313--广东省应急管理厅关于严格落实危险化学品生产“四个严禁”的通知.pdf,/root/autodl-tmp/chemical_kb/data/pdf/法规/20210313--广东省应急管理厅关于严格落实危险化学品生产“四个严禁”的通知.pdf,法规,ACTIVE,,,2021,0.13,WAIT
PDF_00848,20210322--航空运输危险品目录（2021年版）.pdf,/root/autodl-tmp/chemical_kb/data/pdf/法规/20210322--航空运输危险品目录（2021年版）.pdf,法规,ACTIVE,,,2021,3.43,WAIT
PDF_00849,20210323--全省危险化学品生产储存企业安全风险评估诊断方案.pdf,/root/autodl-tmp/chemical_kb/data/pdf/法规/20210323--全省危险化学品生产储存企业安全风险评估诊断方案.pdf,法规,ACTIVE,,,2021,0.35,WAIT
PDF_00850,20210325--关于印发《湖北省危险化学品重大危险源监督管理办法》的通知.pdf,/root/autodl-tmp/chemical_kb/data/pdf/法规/20210325--关于印发《湖北省危险化学品重大危险源监督管理办法》的通知.pdf,法规,ACTIVE,,,2021,1.72,WAIT
PDF_00851,20210331--湖南省燃气管理条例.pdf,/root/autodl-tmp/chemical_kb/data/pdf/法规/20210331--湖南省燃气管理条例.pdf,法规,ACTIVE,,,2021,0.19,WAIT
PDF_00852,20210913--关于进一步加强硝酸铵安全管理的通知(应急〔2021〕64号).pdf,/root/autodl-tmp/chemical_kb/data/pdf/法规/20210913--关于进一步加强硝酸铵安全管理的通知(应急〔2021〕64号).pdf,法规,ACTIVE,,,2021,0.16,WAIT
PDF_00853,20210929--贵州省城镇燃气管理条例.pdf,/root/autodl-tmp/chemical_kb/data/pdf/法规/20210929--贵州省城镇燃气管理条例.pdf,法规,ACTIVE,,,2021,0.21,WAIT
PDF_00854,20211109--山东省危险化学品安全生产 “机械化换人、自动化减人”工作方案.pdf,/root/autodl-tmp/chemical_kb/data/pdf/法规/20211109--山东省危险化学品安全生产 “机械化换人、自动化减人”工作方案.pdf,法规,ACTIVE,,,2021,11.04,WAIT
PDF_00855,20211129--天津市燃气管理条例.pdf,/root/autodl-tmp/chemical_kb/data/pdf/法规/20211129--天津市燃气管理条例.pdf,法规,ACTIVE,,,2021,0.22,WAIT
PDF_00856,20211228--关于依法惩治涉枪支、弹药、爆炸物、易燃易爆危险物品犯罪的意见.pdf,/root/autodl-tmp/chemical_kb/data/pdf/法规/20211228--关于依法惩治涉枪支、弹药、爆炸物、易燃易爆危险物品犯罪的意见.pdf,法规,ACTIVE,,,2021,0.2,WAIT
PDF_00857,20220329--内蒙古自治区燃气管理条例.pdf,/root/autodl-tmp/chemical_kb/data/pdf/法规/20220329--内蒙古自治区燃气管理条例.pdf,法规,ACTIVE,,,2022,0.22,WAIT
PDF_00858,20220329--农药管理条例（2022年修订）.pdf,/root/autodl-tmp/chemical_kb/data/pdf/法规/20220329--农药管理条例（2022年修订）.pdf,法规,ACTIVE,,,2022,0.22,WAIT
PDF_00859,20220329--放射性药品管理办法（2022年修订）.pdf,/root/autodl-tmp/chemical_kb/data/pdf/法规/20220329--放射性药品管理办法（2022年修订）.pdf,法规,ACTIVE,,,2022,0.15,WAIT
PDF_00860,20220330--山东省燃气管理条例(2022年修正）.pdf,/root/autodl-tmp/chemical_kb/data/pdf/法规/20220330--山东省燃气管理条例(2022年修正）.pdf,法规,ACTIVE,,,2022,0.25,WAIT
PDF_00861,20220330--山西省燃气管理条例(2022年修订）.pdf,/root/autodl-tmp/chemical_kb/data/pdf/法规/20220330--山西省燃气管理条例(2022年修订）.pdf,法规,ACTIVE,,,2022,0.32,WAIT
PDF_00862,20220421--辽宁省城镇燃气管理条例.pdf,/root/autodl-tmp/chemical_kb/data/pdf/法规/20220421--辽宁省城镇燃气管理条例.pdf,法规,ACTIVE,,,2022,0.22,WAIT
PDF_00863,20220523--两部委关于调整《民用爆炸物品品名表》品名的通知（工信部联安全〔2022〕60号）.pdf,/root/autodl-tmp/chemical_kb/data/pdf/法规/20220523--两部委关于调整《民用爆炸物品品名表》品名的通知（工信部联安全〔2022〕60号）.pdf,法规,ACTIVE,,,2022,0.1,WAIT
PDF_00864,20220928--重庆市液化石油气经营管理条例(2022年修正）.pdf,/root/autodl-tmp/chemical_kb/data/pdf/法规/20220928--重庆市液化石油气经营管理条例(2022年修正）.pdf,法规,ACTIVE,,,2022,0.26,WAIT
PDF_00865,20221104--宁夏回族自治区烟花爆竹安全管理条例(2022年修正）.pdf,/root/autodl-tmp/chemical_kb/data/pdf/法规/20221104--宁夏回族自治区烟花爆竹安全管理条例(2022年修正）.pdf,法规,ACTIVE,,,2022,0.17,WAIT
PDF_00866,20221128--关于修改《危险化学品目录（2015版）实施指南（试行）》涉及柴油部分内容的通知.pdf,/root/autodl-tmp/chemical_kb/data/pdf/法规/20221128--关于修改《危险化学品目录（2015版）实施指南（试行）》涉及柴油部分内容的通知.pdf,法规,ACTIVE,,,2015,0.05,WAIT
PDF_00867,20221203--关于加强互联网销售危险化学品安全管理的通知.pdf,/root/autodl-tmp/chemical_kb/data/pdf/法规/20221203--关于加强互联网销售危险化学品安全管理的通知.pdf,法规,ACTIVE,,,2022,0.14,WAIT
PDF_00868,20230531--云南省燃气管理条例.pdf,/root/autodl-tmp/chemical_kb/data/pdf/法规/20230531--云南省燃气管理条例.pdf,法规,ACTIVE,,,2023,0.24,WAIT
PDF_00869,20230615--上海市危险化学品安全管理办法（市政府令第5号2023年修正）.pdf,/root/autodl-tmp/chemical_kb/data/pdf/法规/20230615--上海市危险化学品安全管理办法（市政府令第5号2023年修正）.pdf,法规,ACTIVE,,,2023,0.25,WAIT
PDF_00870,20230620--内蒙古自治区应急管理厅关于印发《强化危险化学品安全监管若干措施》的通知.pdf,/root/autodl-tmp/chemical_kb/data/pdf/法规/20230620--内蒙古自治区应急管理厅关于印发《强化危险化学品安全监管若干措施》的通知.pdf,法规,ACTIVE,,,2023,0.14,WAIT
PDF_00871,20230809--全国城镇燃气安全专项整治工作方案.pdf,/root/autodl-tmp/chemical_kb/data/pdf/法规/20230809--全国城镇燃气安全专项整治工作方案.pdf,法规,ACTIVE,,,2023,0.22,WAIT
PDF_00872,20230818--江西省应急管理厅办公室关于印发《加油站安全检查表》的通知.pdf,/root/autodl-tmp/chemical_kb/data/pdf/法规/20230818--江西省应急管理厅办公室关于印发《加油站安全检查表》的通知.pdf,法规,ACTIVE,,,2023,0.28,WAIT
PDF_00873,20230921--城镇燃气经营安全重大隐患判定标准.pdf,/root/autodl-tmp/chemical_kb/data/pdf/法规/20230921--城镇燃气经营安全重大隐患判定标准.pdf,法规,ACTIVE,,,2023,0.15,WAIT
PDF_00874,20230927--广东省燃气管理条例（2023年修订）.pdf,/root/autodl-tmp/chemical_kb/data/pdf/法规/20230927--广东省燃气管理条例（2023年修订）.pdf,法规,ACTIVE,,,2023,0.18,WAIT
PDF_00875,20231221--河南省民用爆炸物品安全管理办法（2023年公布）.pdf,/root/autodl-tmp/chemical_kb/data/pdf/法规/20231221--河南省民用爆炸物品安全管理办法（2023年公布）.pdf,法规,ACTIVE,,,2023,0.18,WAIT
PDF_00876,20239328--广西壮族自治区燃气管理条例.pdf,/root/autodl-tmp/chemical_kb/data/pdf/法规/20239328--广西壮族自治区燃气管理条例.pdf,法规,ACTIVE,,,2023,0.26,WAIT
PDF_00877,20240110--山东省可燃液体、液化烃及液化毒性气体汽车装卸设施安全改造指南.pdf,/root/autodl-tmp/chemical_kb/data/pdf/法规/20240110--山东省可燃液体、液化烃及液化毒性气体汽车装卸设施安全改造指南.pdf,法规,ACTIVE,,,2024,0.31,WAIT
PDF_00878,20240225--上海市应急管理局关于推动建立本市危险化学品企业行业安全联盟的通知.pdf,/root/autodl-tmp/chemical_kb/data/pdf/法规/20240225--上海市应急管理局关于推动建立本市危险化学品企业行业安全联盟的通知.pdf,法规,ACTIVE,,,2024,0.15,WAIT
PDF_00879,20240327--甘肃省燃气管理条例（2024年公布）.pdf,/root/autodl-tmp/chemical_kb/data/pdf/法规/20240327--甘肃省燃气管理条例（2024年公布）.pdf,法规,ACTIVE,,,2024,0.21,WAIT
PDF_00880,20240603--天然气利用管理办法（2024年公布）.pdf,/root/autodl-tmp/chemical_kb/data/pdf/法规/20240603--天然气利用管理办法（2024年公布）.pdf,法规,ACTIVE,,,2024,0.16,WAIT
PDF_00881,20240808--关于将4-(N-苯基氨基)哌啶等列入易制毒化学品管理的公告.pdf,/root/autodl-tmp/chemical_kb/data/pdf/法规/20240808--关于将4-(N-苯基氨基)哌啶等列入易制毒化学品管理的公告.pdf,法规,ACTIVE,,,2024,0.11,WAIT
PDF_00882,20240927--浙江省工贸企业危险化学品使用安全管理指南（试行）.pdf,/root/autodl-tmp/chemical_kb/data/pdf/法规/20240927--浙江省工贸企业危险化学品使用安全管理指南（试行）.pdf,法规,ACTIVE,,,2024,0.33,WAIT
PDF_00883,20241128--河南省燃气管理条例.pdf,/root/autodl-tmp/chemical_kb/data/pdf/法规/20241128--河南省燃气管理条例.pdf,法规,ACTIVE,,,2024,0.24,WAIT
PDF_00884,20241206--放射性药品管理办法（2024年修正）.pdf,/root/autodl-tmp/chemical_kb/data/pdf/法规/20241206--放射性药品管理办法（2024年修正）.pdf,法规,ACTIVE,,,2024,0.15,WAIT
PDF_00885,20250124--浙江省燃气安全隐患排查导则-天然气（试行）.pdf,/root/autodl-tmp/chemical_kb/data/pdf/法规/20250124--浙江省燃气安全隐患排查导则-天然气（试行）.pdf,法规,ACTIVE,,,2025,0.51,WAIT
PDF_00886,20250124--浙江省燃气安全隐患排查导则-液化石油气（试行）.pdf,/root/autodl-tmp/chemical_kb/data/pdf/法规/20250124--浙江省燃气安全隐患排查导则-液化石油气（试行）.pdf,法规,ACTIVE,,,2025,0.47,WAIT
PDF_00887,20250124--浙江省燃气用户安全问题排查导则（试行）.pdf,/root/autodl-tmp/chemical_kb/data/pdf/法规/20250124--浙江省燃气用户安全问题排查导则（试行）.pdf,法规,ACTIVE,,,2025,0.36,WAIT
PDF_00888,20250210--关于强化危险化学品“一件事”全链条安全管理的措施.pdf,/root/autodl-tmp/chemical_kb/data/pdf/法规/20250210--关于强化危险化学品“一件事”全链条安全管理的措施.pdf,法规,ACTIVE,,,2025,5.35,WAIT
PDF_00889,20250321--广东省气雾剂生产企业戳罐作业安全指引(试行).pdf,/root/autodl-tmp/chemical_kb/data/pdf/法规/20250321--广东省气雾剂生产企业戳罐作业安全指引(试行).pdf,法规,ACTIVE,,,2025,2.52,WAIT
PDF_00890,20250331--河北省燃气经营许可实施办法.pdf,/root/autodl-tmp/chemical_kb/data/pdf/法规/20250331--河北省燃气经营许可实施办法.pdf,法规,ACTIVE,,,2025,0.19,WAIT
PDF_00891,20250411--河北省管道燃气经营企业安全生产标准化定级暂行办法.pdf,/root/autodl-tmp/chemical_kb/data/pdf/法规/20250411--河北省管道燃气经营企业安全生产标准化定级暂行办法.pdf,法规,ACTIVE,,,2025,0.19,WAIT
PDF_00892,20250620--关于将4-哌啶酮和1-叔丁氧羰基-4-哌啶酮 列为易制毒化学品管理的公告.pdf,/root/autodl-tmp/chemical_kb/data/pdf/法规/20250620--关于将4-哌啶酮和1-叔丁氧羰基-4-哌啶酮 列为易制毒化学品管理的公告.pdf,法规,ACTIVE,,,2025,0.08,WAIT
PDF_00893,20251021--民用爆炸物品销售许可实施办法.pdf,/root/autodl-tmp/chemical_kb/data/pdf/法规/20251021--民用爆炸物品销售许可实施办法.pdf,法规,ACTIVE,,,2025,0.27,WAIT
PDF_00894,20251110--商务部等5部门关于调整向特定国家（地区）出口易制毒化学品管理目录等的公告.pdf,/root/autodl-tmp/chemical_kb/data/pdf/法规/20251110--商务部等5部门关于调整向特定国家（地区）出口易制毒化学品管理目录等的公告.pdf,法规,ACTIVE,,,2025,0.25,WAIT
PDF_00895,上海市应急管理局关于加强危险化学品企业吨桶安全管理工作的通知_20260331.pdf,/root/autodl-tmp/chemical_kb/data/pdf/法规/上海市应急管理局关于加强危险化学品企业吨桶安全管理工作的通知_20260331.pdf,法规,ACTIVE,,,2026,0.2,WAIT
PDF_00896,上海市液化石油气管理办法（2025年修正）_20251229.pdf,/root/autodl-tmp/chemical_kb/data/pdf/法规/上海市液化石油气管理办法（2025年修正）_20251229.pdf,法规,ACTIVE,,,2025,0.18,WAIT
PDF_00897,上海市燃气管道设施保护办法（2018年修正）_20180104.pdf,/root/autodl-tmp/chemical_kb/data/pdf/法规/上海市燃气管道设施保护办法（2018年修正）_20180104.pdf,法规,ACTIVE,,,2018,0.42,WAIT
PDF_00898,上海市燃气管道设施保护办法（2025年修正）_20251229.pdf,/root/autodl-tmp/chemical_kb/data/pdf/法规/上海市燃气管道设施保护办法（2025年修正）_20251229.pdf,法规,ACTIVE,,,2025,0.14,WAIT
PDF_00899,中华人民共和国危险化学品安全法_20251227.pdf,/root/autodl-tmp/chemical_kb/data/pdf/法规/中华人民共和国危险化学品安全法_20251227.pdf,法规,ACTIVE,,,2025,0.36,WAIT
PDF_00900,中华人民共和国药品管理法实施条例_20020804.pdf,/root/autodl-tmp/chemical_kb/data/pdf/法规/中华人民共和国药品管理法实施条例_20020804.pdf,法规,ACTIVE,,,2002,0.85,WAIT
PDF_00901,中华人民共和国药品管理法实施条例（2016年修订）_20160206.pdf,/root/autodl-tmp/chemical_kb/data/pdf/法规/中华人民共和国药品管理法实施条例（2016年修订）_20160206.pdf,法规,ACTIVE,,,2016,0.34,WAIT
PDF_00902,中华人民共和国药品管理法实施条例（2019年修订）_20190302.pdf,/root/autodl-tmp/chemical_kb/data/pdf/法规/中华人民共和国药品管理法实施条例（2019年修订）_20190302.pdf,法规,ACTIVE,,,2019,0.36,WAIT
PDF_00903,中华人民共和国药品管理法实施条例（2024年修订）_20241206.pdf,/root/autodl-tmp/chemical_kb/data/pdf/法规/中华人民共和国药品管理法实施条例（2024年修订）_20241206.pdf,法规,ACTIVE,,,2024,0.34,WAIT
PDF_00904,关于调整《危险化学品目录（2015版）》的公告--20221013.pdf,/root/autodl-tmp/chemical_kb/data/pdf/法规/关于调整《危险化学品目录（2015版）》的公告--20221013.pdf,法规,ACTIVE,,,2022,0.11,WAIT
PDF_00905,中华人民共和国药品管理法实施条例（2026年修订）_20260116.pdf,/root/autodl-tmp/chemical_kb/data/pdf/法规/中华人民共和国药品管理法实施条例（2026年修订）_20260116.pdf,法规,ACTIVE,,,2026,0.25,WAIT
PDF_00906,中国民用航空局关于公布《航空运输危险品目录(2026年版)》的公告_20260116.pdf,/root/autodl-tmp/chemical_kb/data/pdf/法规/中国民用航空局关于公布《航空运输危险品目录(2026年版)》的公告_20260116.pdf,法规,ACTIVE,,,2026,1.04,WAIT
PDF_00907,云南省住房和城乡建设厅关于印发《云南省防范第三方施工破坏燃气管道若干管理措施》的通知_20260104.pdf,/root/autodl-tmp/chemical_kb/data/pdf/法规/云南省住房和城乡建设厅关于印发《云南省防范第三方施工破坏燃气管道若干管理措施》的通知_20260104.pdf,法规,ACTIVE,,,2026,1.11,WAIT
PDF_00908,云南省住房和城乡建设厅关于印发云南省燃气经营许可管理实施办法的通知_20241125.pdf,/root/autodl-tmp/chemical_kb/data/pdf/法规/云南省住房和城乡建设厅关于印发云南省燃气经营许可管理实施办法的通知_20241125.pdf,法规,ACTIVE,,,2024,0.22,WAIT
PDF_00909,公安部等关于印发《互联网危险物品信息发布管理规定》的通知_20150205.pdf,/root/autodl-tmp/chemical_kb/data/pdf/法规/公安部等关于印发《互联网危险物品信息发布管理规定》的通知_20150205.pdf,法规,ACTIVE,,,2015,0.12,WAIT
PDF_00910,北京市危险化学品禁止、限制、控制措施（2024年版）_20240114.pdf,/root/autodl-tmp/chemical_kb/data/pdf/法规/北京市危险化学品禁止、限制、控制措施（2024年版）_20240114.pdf,法规,ACTIVE,,,2024,0.43,WAIT
PDF_00911,危险化学品安全管理条例(2011修订)_20110302.pdf,/root/autodl-tmp/chemical_kb/data/pdf/法规/危险化学品安全管理条例(2011修订)_20110302.pdf,法规,ACTIVE,,,2011,0.25,WAIT
PDF_00912,危险化学品安全管理条例(2013修订)_20131207.pdf,/root/autodl-tmp/chemical_kb/data/pdf/法规/危险化学品安全管理条例(2013修订)_20131207.pdf,法规,ACTIVE,,,2013,0.33,WAIT
PDF_00913,危险化学品安全管理条例_20020126.pdf,/root/autodl-tmp/chemical_kb/data/pdf/法规/危险化学品安全管理条例_20020126.pdf,法规,ACTIVE,,,2002,0.24,WAIT
PDF_00914,危险化学品生产企业安全生产许可证实施办法_20040517.pdf,/root/autodl-tmp/chemical_kb/data/pdf/法规/危险化学品生产企业安全生产许可证实施办法_20040517.pdf,法规,ACTIVE,,,2004,0.25,WAIT
PDF_00915,吉林省燃气管理条例(2017修正)_20170324.pdf,/root/autodl-tmp/chemical_kb/data/pdf/法规/吉林省燃气管理条例(2017修正)_20170324.pdf,法规,ACTIVE,,,2017,0.36,WAIT
PDF_00916,吉林省燃气经营许可管理办法_20240419.pdf,/root/autodl-tmp/chemical_kb/data/pdf/法规/吉林省燃气经营许可管理办法_20240419.pdf,法规,ACTIVE,,,2024,0.47,WAIT
PDF_00917,四川省人民政府办公厅关于印发《四川省城市燃气管道“带病运行”问题专项治理方案》的通知_20240411.pdf,/root/autodl-tmp/chemical_kb/data/pdf/法规/四川省人民政府办公厅关于印发《四川省城市燃气管道“带病运行”问题专项治理方案》的通知_20240411.pdf,法规,ACTIVE,,,2024,0.32,WAIT
PDF_00918,四川省燃气管理条例(2004修正)_20040924.pdf,/root/autodl-tmp/chemical_kb/data/pdf/法规/四川省燃气管理条例(2004修正)_20040924.pdf,法规,ACTIVE,,,2004,0.34,WAIT
PDF_00919,四川省燃气管理条例(2025修订)_20250730.pdf,/root/autodl-tmp/chemical_kb/data/pdf/法规/四川省燃气管理条例(2025修订)_20250730.pdf,法规,ACTIVE,,,2025,0.45,WAIT
PDF_00920,国家安全监管总局 交通运输部 国家铁路局关于印发《危险化学品储存场所安全专项整治工作方案》的通知--20160519.pdf,/root/autodl-tmp/chemical_kb/data/pdf/法规/国家安全监管总局 交通运输部 国家铁路局关于印发《危险化学品储存场所安全专项整治工作方案》的通知--20160519.pdf,法规,ACTIVE,,,2016,0.26,WAIT
PDF_00921,国家安全监管总局关于印发《危险化学品安全生产“十三五”规划》的通知--20170911.pdf,/root/autodl-tmp/chemical_kb/data/pdf/法规/国家安全监管总局关于印发《危险化学品安全生产“十三五”规划》的通知--20170911.pdf,法规,ACTIVE,,,2017,0.3,WAIT
PDF_00922,国家安全监管总局关于进一步加强非药品类易制毒化学品监管工作的指导意见.20120615.pdf,/root/autodl-tmp/chemical_kb/data/pdf/法规/国家安全监管总局关于进一步加强非药品类易制毒化学品监管工作的指导意见.20120615.pdf,法规,ACTIVE,,,2012,0.14,WAIT
PDF_00923,国家安全监管总局办公厅关于开展危险化学品重大危险源在线监控及事故预警系统建设试点工作的通知--20161018.pdf,/root/autodl-tmp/chemical_kb/data/pdf/法规/国家安全监管总局办公厅关于开展危险化学品重大危险源在线监控及事故预警系统建设试点工作的通知--20161018.pdf,法规,ACTIVE,,,2016,1.79,WAIT
PDF_00924,宁夏回族自治区燃气管理条例(2023修订)_20230923.pdf,/root/autodl-tmp/chemical_kb/data/pdf/法规/宁夏回族自治区燃气管理条例(2023修订)_20230923.pdf,法规,ACTIVE,,,2023,0.55,WAIT
PDF_00925,山东省人民政府安全生产委员会关于印发《关于切实加强使用危险化学品的化工企业安全生产工作的指导意见》的通知_20251120.pdf,/root/autodl-tmp/chemical_kb/data/pdf/法规/山东省人民政府安全生产委员会关于印发《关于切实加强使用危险化学品的化工企业安全生产工作的指导意见》的通知_20251120.pdf,法规,ACTIVE,,,2025,0.35,WAIT
PDF_00926,山东省燃气管道设施保护办法_20260105.pdf,/root/autodl-tmp/chemical_kb/data/pdf/法规/山东省燃气管道设施保护办法_20260105.pdf,法规,ACTIVE,,,2026,0.17,WAIT
PDF_00927,山西省应急管理厅关于做好全省烟花爆竹经营安全监督管理工作的通知_20251221.pdf,/root/autodl-tmp/chemical_kb/data/pdf/法规/山西省应急管理厅关于做好全省烟花爆竹经营安全监督管理工作的通知_20251221.pdf,法规,ACTIVE,,,2025,1.03,WAIT
PDF_00928,山西省非列管可制毒化学品管理办法_20231207.pdf,/root/autodl-tmp/chemical_kb/data/pdf/法规/山西省非列管可制毒化学品管理办法_20231207.pdf,法规,ACTIVE,,,2023,0.66,WAIT
PDF_00929,广东省住房和城乡建设厅关于印发防范第三方施工破坏燃气管道管理办法（暂行）的通知_20241118.pdf,/root/autodl-tmp/chemical_kb/data/pdf/法规/广东省住房和城乡建设厅关于印发防范第三方施工破坏燃气管道管理办法（暂行）的通知_20241118.pdf,法规,ACTIVE,,,2024,0.38,WAIT
PDF_00930,广西壮族自治区住房城乡建设厅关于印发《广西壮族自治区燃气经营许可管理办法》（2024年修订）的通知_20240124.pdf,/root/autodl-tmp/chemical_kb/data/pdf/法规/广西壮族自治区住房城乡建设厅关于印发《广西壮族自治区燃气经营许可管理办法》（2024年修订）的通知_20240124.pdf,法规,ACTIVE,,,2024,0.38,WAIT
PDF_00931,广西壮族自治区燃气管理条例(2019修正)_20190725.pdf,/root/autodl-tmp/chemical_kb/data/pdf/法规/广西壮族自治区燃气管理条例(2019修正)_20190725.pdf,法规,ACTIVE,,,2019,0.36,WAIT
PDF_00932,广西壮族自治区燃气管理条例(2025修正)_20251127.pdf,/root/autodl-tmp/chemical_kb/data/pdf/法规/广西壮族自治区燃气管理条例(2025修正)_20251127.pdf,法规,ACTIVE,,,2025,0.42,WAIT
PDF_00933,应急管理部办公厅关于认真做好3—氯丙炔等5种危险化学品安全监管工作的通知_20260428.pdf,/root/autodl-tmp/chemical_kb/data/pdf/法规/应急管理部办公厅关于认真做好3—氯丙炔等5种危险化学品安全监管工作的通知_20260428.pdf,法规,ACTIVE,,,2026,0.16,WAIT
PDF_00934,应急管理部等10部门关于公布将3-氯丙炔等5种化学品纳入《危险化学品目录(2015版)》的公告_20260409.pdf,/root/autodl-tmp/chemical_kb/data/pdf/法规/应急管理部等10部门关于公布将3-氯丙炔等5种化学品纳入《危险化学品目录(2015版)》的公告_20260409.pdf,法规,ACTIVE,,,2026,0.1,WAIT
PDF_00935,放射性药品管理办法(2011修订)_20110108.pdf,/root/autodl-tmp/chemical_kb/data/pdf/法规/放射性药品管理办法(2011修订)_20110108.pdf,法规,ACTIVE,,,2011,0.29,WAIT
PDF_00936,放射性药品管理办法(2017修订)_20170301.pdf,/root/autodl-tmp/chemical_kb/data/pdf/法规/放射性药品管理办法(2017修订)_20170301.pdf,法规,ACTIVE,,,2017,0.31,WAIT
PDF_00937,新疆生产建设兵团住房城乡建设局关于印发《新疆生产建设兵团防范第三方施工破坏燃气管道管理办法（暂行）》的通知_20250624.pdf,/root/autodl-tmp/chemical_kb/data/pdf/法规/新疆生产建设兵团住房城乡建设局关于印发《新疆生产建设兵团防范第三方施工破坏燃气管道管理办法（暂行）》的通知_20250624.pdf,法规,ACTIVE,,,2025,0.39,WAIT
PDF_00938,新疆生产建设兵团办公厅印发《关于进一步加强兵团城镇燃气安全管理工作的实施意见》的通知_20220818.pdf,/root/autodl-tmp/chemical_kb/data/pdf/法规/新疆生产建设兵团办公厅印发《关于进一步加强兵团城镇燃气安全管理工作的实施意见》的通知_20220818.pdf,法规,ACTIVE,,,2022,0.49,WAIT
PDF_00939,新疆维吾尔自治区住房城乡建设厅等5部门关于印发《新疆维吾尔自治区防范第三方施工破坏城镇燃气管道管理办法（试行）》的通知_20260127.pdf,/root/autodl-tmp/chemical_kb/data/pdf/法规/新疆维吾尔自治区住房城乡建设厅等5部门关于印发《新疆维吾尔自治区防范第三方施工破坏城镇燃气管道管理办法（试行）》的通知_20260127.pdf,法规,ACTIVE,,,2026,0.43,WAIT
PDF_00940,民用爆炸物品安全管理条例_20060510.pdf,/root/autodl-tmp/chemical_kb/data/pdf/法规/民用爆炸物品安全管理条例_20060510.pdf,法规,ACTIVE,,,2006,0.36,WAIT
PDF_00941,民用爆炸物品生产许可实施办法_20060831.pdf,/root/autodl-tmp/chemical_kb/data/pdf/法规/民用爆炸物品生产许可实施办法_20060831.pdf,法规,ACTIVE,,,2006,0.19,WAIT
PDF_00942,民用爆炸物品销售许可实施办法_20060831.pdf,/root/autodl-tmp/chemical_kb/data/pdf/法规/民用爆炸物品销售许可实施办法_20060831.pdf,法规,ACTIVE,,,2006,0.21,WAIT
PDF_00943,江苏省液化石油气管理办法(2004修正)_20040629.pdf,/root/autodl-tmp/chemical_kb/data/pdf/法规/江苏省液化石油气管理办法(2004修正)_20040629.pdf,法规,ACTIVE,,,2004,0.34,WAIT
PDF_00944,江苏省燃气管理条例(2025修正)_20250114.pdf,/root/autodl-tmp/chemical_kb/data/pdf/法规/江苏省燃气管理条例(2025修正)_20250114.pdf,法规,ACTIVE,,,2025,0.43,WAIT
PDF_00945,江苏省燃气管理条例_20050401.pdf,/root/autodl-tmp/chemical_kb/data/pdf/法规/江苏省燃气管理条例_20050401.pdf,法规,ACTIVE,,,2005,0.42,WAIT
PDF_00946,江西省烟花爆竹安全管理办法(2005修正)_20051109.pdf,/root/autodl-tmp/chemical_kb/data/pdf/法规/江西省烟花爆竹安全管理办法(2005修正)_20051109.pdf,法规,ACTIVE,,,2005,0.38,WAIT
PDF_00947,江西省烟花爆竹安全管理办法(2016修正)_20160528.pdf,/root/autodl-tmp/chemical_kb/data/pdf/法规/江西省烟花爆竹安全管理办法(2016修正)_20160528.pdf,法规,ACTIVE,,,2016,0.38,WAIT
PDF_00948,河南省住房和城乡建设厅关于印发《河南省燃气经营许可管理实施办法》的通知_20240204.pdf,/root/autodl-tmp/chemical_kb/data/pdf/法规/河南省住房和城乡建设厅关于印发《河南省燃气经营许可管理实施办法》的通知_20240204.pdf,法规,ACTIVE,,,2024,0.3,WAIT
PDF_00949,海南省燃气管理条例(2004修正)_20040924.pdf,/root/autodl-tmp/chemical_kb/data/pdf/法规/海南省燃气管理条例(2004修正)_20040924.pdf,法规,ACTIVE,,,2004,0.35,WAIT
PDF_00950,海南省燃气管理条例(2024修订)_20241129.pdf,/root/autodl-tmp/chemical_kb/data/pdf/法规/海南省燃气管理条例(2024修订)_20241129.pdf,法规,ACTIVE,,,2024,0.4,WAIT
PDF_00951,湖北省危险化学品建设项目安全审查要点(试行)_20260528.pdf,/root/autodl-tmp/chemical_kb/data/pdf/法规/湖北省危险化学品建设项目安全审查要点(试行)_20260528.pdf,法规,ACTIVE,,,2026,7.12,WAIT
PDF_00952,湖北省应急管理厅关于进一步加强工贸企业生产储存使用危险化学品安全监管的通知_20231030.pdf,/root/autodl-tmp/chemical_kb/data/pdf/法规/湖北省应急管理厅关于进一步加强工贸企业生产储存使用危险化学品安全监管的通知_20231030.pdf,法规,ACTIVE,,,2023,0.66,WAIT
PDF_00953,湖北省烟花爆竹安全管理办法(2024修订)_20241130.pdf,/root/autodl-tmp/chemical_kb/data/pdf/法规/湖北省烟花爆竹安全管理办法(2024修订)_20241130.pdf,法规,ACTIVE,,,2024,0.32,WAIT
PDF_00954,湖北省燃气管理条例(2025修订)_20250925.pdf,/root/autodl-tmp/chemical_kb/data/pdf/法规/湖北省燃气管理条例(2025修订)_20250925.pdf,法规,ACTIVE,,,2025,0.45,WAIT
PDF_00955,湖南省住房和城乡建设厅 湖南省自然资源厅关于进一步加强城镇燃气设施工程质量安全管理的通知_20250401.pdf,/root/autodl-tmp/chemical_kb/data/pdf/法规/湖南省住房和城乡建设厅 湖南省自然资源厅关于进一步加强城镇燃气设施工程质量安全管理的通知_20250401.pdf,法规,ACTIVE,,,2025,0.26,WAIT
PDF_00956,湖南省应急管理厅关于委托下放烟花爆竹批发企业布点规划制定权限的通知_20231219.pdf,/root/autodl-tmp/chemical_kb/data/pdf/法规/湖南省应急管理厅关于委托下放烟花爆竹批发企业布点规划制定权限的通知_20231219.pdf,法规,ACTIVE,,,2023,0.18,WAIT
PDF_00957,湖南省燃气管理条例(2012修正)_20120331.pdf,/root/autodl-tmp/chemical_kb/data/pdf/法规/湖南省燃气管理条例(2012修正)_20120331.pdf,法规,ACTIVE,,,2012,0.31,WAIT
PDF_00958,湖南省燃气管理条例(2020修正)_20200730.pdf,/root/autodl-tmp/chemical_kb/data/pdf/法规/湖南省燃气管理条例(2020修正)_20200730.pdf,法规,ACTIVE,,,2020,0.31,WAIT
PDF_00959,甘肃省城镇燃气安全风险分级管控与隐患排查治理双重预防机制管理办法_20240429.pdf,/root/autodl-tmp/chemical_kb/data/pdf/法规/甘肃省城镇燃气安全风险分级管控与隐患排查治理双重预防机制管理办法_20240429.pdf,法规,ACTIVE,,,2024,0.37,WAIT
PDF_00960,福建省人民政府办公厅关于转发省公安厅等部门《硝酸铵类物品管理办法》的通知(2024)_20240625.pdf,/root/autodl-tmp/chemical_kb/data/pdf/法规/福建省人民政府办公厅关于转发省公安厅等部门《硝酸铵类物品管理办法》的通知(2024)_20240625.pdf,法规,ACTIVE,,,2024,0.14,WAIT
PDF_00961,福建省住房和城乡建设厅关于印发《福建省防范第三方施工破坏燃气管道管理办法》的通知_20240319.pdf,/root/autodl-tmp/chemical_kb/data/pdf/法规/福建省住房和城乡建设厅关于印发《福建省防范第三方施工破坏燃气管道管理办法》的通知_20240319.pdf,法规,ACTIVE,,,2024,0.26,WAIT
PDF_00962,福建省燃气管理条例(2025修订)_20250530.pdf,/root/autodl-tmp/chemical_kb/data/pdf/法规/福建省燃气管理条例(2025修订)_20250530.pdf,法规,ACTIVE,,,2025,0.28,WAIT
PDF_00963,西藏自治区住房和城乡建设厅关于修订《西藏自治区城镇燃气经营许可管理办法》的通知(2022)_20220408.pdf,/root/autodl-tmp/chemical_kb/data/pdf/法规/西藏自治区住房和城乡建设厅关于修订《西藏自治区城镇燃气经营许可管理办法》的通知(2022)_20220408.pdf,法规,ACTIVE,,,2022,0.23,WAIT
PDF_00964,贵州省住房和城乡建设厅等四部门关于印发贵州省城镇燃气管道“带病运行”专项治理工作方案的通知_20240717.pdf,/root/autodl-tmp/chemical_kb/data/pdf/法规/贵州省住房和城乡建设厅等四部门关于印发贵州省城镇燃气管道“带病运行”专项治理工作方案的通知_20240717.pdf,法规,ACTIVE,,,2024,1.48,WAIT
PDF_00965,贵州省城镇燃气管理条例(2025修正)_20250801.pdf,/root/autodl-tmp/chemical_kb/data/pdf/法规/贵州省城镇燃气管理条例(2025修正)_20250801.pdf,法规,ACTIVE,,,2025,0.4,WAIT
PDF_00966,辽宁省城镇燃气管理条例(2026修正)_20260125.pdf,/root/autodl-tmp/chemical_kb/data/pdf/法规/辽宁省城镇燃气管理条例(2026修正)_20260125.pdf,法规,ACTIVE,,,2026,0.43,WAIT
PDF_00967,陕西省燃气管理条例(2025修正)_20251128.pdf,/root/autodl-tmp/chemical_kb/data/pdf/法规/陕西省燃气管理条例(2025修正)_20251128.pdf,法规,ACTIVE,,,2025,0.42,WAIT
PDF_00968,黑龙江省城镇燃气管理条例_20161021.pdf,/root/autodl-tmp/chemical_kb/data/pdf/法规/黑龙江省城镇燃气管理条例_20161021.pdf,法规,ACTIVE,,,2016,0.41,WAIT
PDF_00969,江苏省防范第三方施工破坏城市燃气管道若干措施的通知_20260129.pdf,/root/autodl-tmp/chemical_kb/data/pdf/法规/江苏省防范第三方施工破坏城市燃气管道若干措施的通知_20260129.pdf,法规,ACTIVE,,,2026,0.29,WAIT
